date,fighter_a,fighter_b,odds_a,odds_b
2010-03-21,Jon Jones,Brandon Vera,-235.0,215.0
2010-03-27,Nate Diaz,Rory Markham,-235.0,195.0
2010-03-31,Nik Lentz,Rob Emerson,-150.0,130.0
2010-03-31,Gleison Tibau,Caol Uno,-330.0,270.0
2010-04-10,Demian Maia,Anderson Silva,550.0,-675.0
2010-04-10,Alexander Gustafsson,Phil Davis,350.0,-440.0
2010-04-10,Rafael Dos Anjos,Terry Etim,125.0,-135.0
2010-05-08,Johny Hendricks,TJ Grant,-400.0,325.0
2010-06-12,Peter Sobotta,James Wilks,265.0,-325.0
2010-06-19,Brad Tavares,Seth Baczynski,-220.0,180.0
2010-06-19,Court McGee,Kris McCray,-220.0,180.0
2010-07-03,David Branch,Gerald Harris,210.0,-250.0
2010-08-01,Charles Oliveira,Darren Elkins,-240.0,200.0
2010-08-01,Jon Jones,Vladimir Matyushenko,-752.0,602.0
2010-08-01,Igor Pokrajac,James Irvin,140.0,-160.0
2010-08-07,Anderson Silva,Chael Sonnen,-460.0,410.0
2010-08-07,Johny Hendricks,Charlie Brenneman,-370.0,310.0
2010-08-07,Rafael Dos Anjos,Clay Guida,-126.0,116.0
2010-08-28,Demian Maia,Mario Miranda,-210.0,190.0
2010-08-28,Nik Lentz,Andre Winner,105.0,-115.0
2010-08-28,Nate Diaz,Marcus Davis,-190.0,175.0
2010-09-15,David Branch,Tomasz Drwal,135.0,-155.0
2010-09-15,Rafael Natal,Rich Attonito,-195.0,168.0
2010-09-15,Gleison Tibau,Jim Miller,115.0,-125.0
2010-09-15,Charles Oliveira,Efrain Escudero,145.0,-155.0
2010-10-16,Alexander Gustafsson,Cyrille Diabate,-155.0,135.0
2010-10-23,Court McGee,Ryan Jensen,-250.0,210.0
2010-11-13,Peter Sobotta,Amir Sadollah,245.0,-265.0
2010-11-20,Nik Lentz,Tyson Griffin,190.0,-230.0
2010-12-04,Johny Hendricks,Rick Story,-178.0,167.0
2010-12-04,Igor Pokrajac,Stephan Bonnar,220.0,-240.0
2010-12-04,David Branch,Rich Attonito,-160.0,140.0
2010-12-04,Demian Maia,Kendall Grove,-295.0,265.0
2010-12-11,Charles Oliveira,Jim Miller,-150.0,140.0
2011-01-01,Dustin Poirier,Josh Grispi,250.0,-300.0
2011-01-01,Brad Tavares,Phil Baroni,-280.0,240.0
2011-01-01,Nate Diaz,Dong Hyun Kim,121.0,-131.0
2011-02-05,Donald Cerrone,Paul Kelly,-275.0,235.0
2011-02-05,Jon Jones,Ryan Bader,-285.0,258.0
2011-02-05,Anderson Silva,Vitor Belfort,-210.0,190.0
2011-02-05,Demetrious Johnson,Norifumi Yamamoto,-105.0,-115.0
2011-02-26,Alexander Gustafsson,James Te Huna,-350.0,290.0
2011-03-03,David Branch,Rousimar Palhares,140.0,-160.0
2011-03-03,Chris Weidman,Alessio Sakara,-230.0,190.0
2011-03-03,Igor Pokrajac,Todd Brown,-235.0,195.0
2011-03-19,Gleison Tibau,Kurt Pellegrino,-145.0,125.0
2011-03-19,Jon Jones,Mauricio Rua,-215.0,195.0
2011-03-19,Joseph Benavidez,Ian Loveland,-450.0,360.0
2011-03-26,Nik Lentz,Waylon Lowe,-185.0,160.0
2011-03-26,Johny Hendricks,TJ Waldburger,-325.0,265.0
2011-04-30,Jose Aldo,Mark Hominick,-500.0,435.0
2011-04-30,Nate Diaz,Rory MacDonald,127.0,-137.0
2011-05-28,Demetrious Johnson,Miguel Torres,110.0,-120.0
2011-05-28,Gleison Tibau,Rafaello Oliveira,-430.0,380.0
2011-06-04,Ed Herman,Tim Credeur,-130.0,110.0
2011-06-11,Demian Maia,Mark Munoz,140.0,-150.0
2011-06-11,Dustin Poirier,Jason Young,-335.0,275.0
2011-06-11,Donald Cerrone,Vagner Rocha,-400.0,325.0
2011-06-11,Chris Weidman,Jesse Bongfeldt,-475.0,420.0
2011-07-02,Brad Tavares,Aaron Simpson,205.0,-245.0
2011-07-02,Rafael Dos Anjos,George Sotiropoulos,195.0,-215.0
2011-08-06,Johny Hendricks,Mike Pierce,-142.0,132.0
2011-08-06,Alexander Gustafsson,Matt Hamill,-150.0,140.0
2011-08-06,Rafael Natal,Paul Bradley,130.0,-140.0
2011-08-14,Donald Cerrone,Charles Oliveira,104.0,-114.0
2011-08-14,Joseph Benavidez,Eddie Wineland,-295.0,265.0
2011-08-14,Ed Herman,Kyle Noke,122.0,-132.0
2011-08-27,Stanislav Nedkov,Luiz Cane,220.0,-240.0
2011-08-27,Anderson Silva,Yushin Okami,-600.0,500.0
2011-09-17,Seth Baczynski,Clay Harvison,-150.0,140.0
2011-09-17,Court McGee,Dongi Yang,-174.0,164.0
2011-09-24,Nate Diaz,Takanori Gomi,-255.0,235.0
2011-10-01,Demetrious Johnson,Dominick Cruz,425.0,-550.0
2011-10-08,Demian Maia,Jorge Santiago,-290.0,260.0
2011-10-08,Jose Aldo,Kenny Florian,-355.0,320.0
2011-10-29,Dustin Jacoby,Clifford Starks,-120.0,110.0
2011-10-29,Donald Cerrone,Dennis Siver,-235.0,215.0
2011-11-12,Dustin Poirier,Pablo Garza,-225.0,205.0
2011-11-19,Seth Baczynski,Matt Brown,125.0,-135.0
2011-11-19,Rafael Dos Anjos,Gleison Tibau,145.0,-155.0
2011-11-19,Chris Weidman,Tom Lawlor,-330.0,300.0
2011-12-03,John Dodson,TJ Dillashaw,195.0,-215.0
2011-12-03,Louis Gaudinot,Johnny Bedford,205.0,-225.0
2011-12-03,Dustin Pague,John Albert,-225.0,205.0
2011-12-10,Igor Pokrajac,Krzysztof Soszynski,235.0,-255.0
2011-12-10,Nik Lentz,Mark Bocek,132.0,-142.0
2011-12-10,Jon Jones,Lyoto Machida,-475.0,420.0
2011-12-30,Donald Cerrone,Nate Diaz,-280.0,255.0
2011-12-30,Johny Hendricks,Jon Fitch,205.0,-225.0
2011-12-30,Alexander Gustafsson,Vladimir Matyushenko,-330.0,300.0
2012-01-14,Jose Aldo,Chad Mendes,-230.0,210.0
2012-01-20,Jared Papazian,Mike Easton,380.0,-430.0
2012-01-28,Demian Maia,Chris Weidman,142.0,-152.0
2012-01-28,Dustin Jacoby,Chris Camozzi,135.0,-145.0
2012-01-28,Nik Lentz,Evan Dunham,320.0,-355.0
2012-01-28,Charles Oliveira,Eric Wisely,-560.0,475.0
2012-02-04,Rafael Natal,Michael Kuiper,-152.0,142.0
2012-02-04,Dustin Poirier,Max Holloway,-515.0,445.0
2012-02-04,Stephen Thompson,Dan Stittgen,-320.0,290.0
2012-02-04,Ed Herman,Clifford Starks,-220.0,200.0
2012-02-15,Tim Means,Bernardo Magalhaes,115.0,-125.0
2012-03-02,Shawn Jordan,Oli Thompson,-220.0,200.0
2012-03-02,Joseph Benavidez,Yasuhiro Urushitani,-870.0,680.0
2012-04-14,Alexander Gustafsson,Thiago Silva,-260.0,240.0
2012-04-21,Jon Jones,Rashad Evans,-510.0,440.0
2012-04-21,Stephen Thompson,Matt Brown,-220.0,200.0
2012-05-05,Nate Diaz,Jim Miller,150.0,-160.0
2012-05-05,Johny Hendricks,Josh Koscheck,-133.0,123.0
2012-05-05,John Dodson,Tim Elliott,-510.0,440.0
2012-05-05,Louis Gaudinot,John Lineker,245.0,-265.0
2012-05-15,Donald Cerrone,Jeremy Stephens,-220.0,200.0
2012-05-15,Brad Tavares,Dongi Yang,-160.0,150.0
2012-05-15,Igor Pokrajac,Fabio Maldonado,130.0,-140.0
2012-05-15,Rafael Dos Anjos,Kamal Shalorus,-365.0,328.0
2012-05-15,Dustin Poirier,Chan Sung Jung,-350.0,290.0
2012-05-26,Glover Teixeira,Kyle Kingsbury,-235.0,215.0
2012-06-01,Charles Oliveira,Jonathan Brookins,-200.0,185.0
2012-06-01,Max Holloway,Pat Schilling,-140.0,130.0
2012-06-01,Michael Chiesa,Al Iaquinta,240.0,-260.0
2012-06-08,Demetrious Johnson,Ian McCall,-110.0,100.0
2012-06-08,Dustin Pague,Jared Papazian,150.0,-160.0
2012-06-08,Tim Means,Justin Salas,-130.0,120.0
2012-06-08,Seth Baczynski,Lance Benoist,-105.0,-105.0
2012-06-22,Dustin Pague,Ken Stone,-150.0,140.0
2012-06-23,Sergio Moraes,Cezar Ferreira,258.0,-315.0
2012-07-07,Demian Maia,Dong Hyun Kim,133.0,-143.0
2012-07-07,Anderson Silva,Chael Sonnen,-280.0,255.0
2012-07-07,Gleison Tibau,Khabib Nurmagomedov,-153.0,143.0
2012-07-11,Chris Weidman,Mark Munoz,-140.0,130.0
2012-07-11,Rafael Natal,Andrew Craig,130.0,-140.0
2012-07-11,Rafael Dos Anjos,Anthony Njokuani,-190.0,175.0
2012-07-21,Shawn Jordan,Cheick Kongo,115.0,-125.0
2012-07-21,Court McGee,Nick Ring,-125.0,115.0
2012-08-11,Chico Camus,Dustin Pague,145.0,-155.0
2012-08-11,Donald Cerrone,Melvin Guillard,-335.0,305.0
2012-08-11,Max Holloway,Justin Lawrence,-160.0,150.0
2012-08-11,Nik Lentz,Eiji Mitsuoka,-500.0,435.0
2012-09-22,Seth Baczynski,Simeon Thoresen,-115.0,105.0
2012-09-22,Igor Pokrajac,Vinny Magalhaes,-155.0,145.0
2012-09-22,Demetrious Johnson,Joseph Benavidez,225.0,-245.0
2012-09-22,Jon Jones,Vitor Belfort,-840.0,660.0
2012-09-22,Charles Oliveira,Cub Swanson,-235.0,215.0
2012-09-29,Brad Tavares,Tom Watson,-160.0,150.0
2012-09-29,Gunnar Nelson,DaMarques Johnson,-340.0,310.0
2012-09-29,Jimi Manuwa,Kyle Kingsbury,-245.0,225.0
2012-10-05,John Dodson,Jussier Formiga,-255.0,235.0
2012-10-13,Sergio Moraes,Renee Forte,-210.0,190.0
2012-10-13,Gleison Tibau,Francisco Trinaldo,-130.0,120.0
2012-10-13,Demian Maia,Rick Story,-115.0,105.0
2012-10-13,Anderson Silva,Stephan Bonnar,-1000.0,800.0
2012-10-13,Glover Teixeira,Fabio Maldonado,-475.0,420.0
2012-11-17,Rafael Dos Anjos,Mark Bocek,-210.0,190.0
2012-11-17,Johny Hendricks,Martin Kampmann,-167.0,157.0
2012-12-08,Alexander Gustafsson,Mauricio Rua,-280.0,240.0
2012-12-08,Nate Diaz,Benson Henderson,185.0,-225.0
2012-12-14,Cody Donovan,Nick Penner,130.0,-140.0
2012-12-14,Seth Baczynski,Mike Pierce,355.0,-400.0
2012-12-15,Colton Smith,Mike Ricci,270.0,-300.0
2012-12-15,Tim Elliott,Jared Papazian,-190.0,175.0
2012-12-15,Dustin Poirier,Jonathan Brookins,-270.0,248.0
2012-12-29,Derek Brunson,Chris Leben,134.0,-144.0
2012-12-29,Max Holloway,Leonard Garcia,-430.0,380.0
2013-01-19,Nik Lentz,Diego Nunes,125.0,-135.0
2013-01-26,Rafael Natal,Sean Spencer,-235.0,215.0
2013-01-26,Shawn Jordan,Mike Russow,120.0,-130.0
2013-01-26,Donald Cerrone,Anthony Pettis,140.0,-150.0
2013-01-26,Demetrious Johnson,John Dodson,-245.0,205.0
2013-02-02,Demian Maia,Jon Fitch,161.0,-171.0
2013-02-02,Joseph Benavidez,Ian McCall,-210.0,190.0
2013-02-02,Gleison Tibau,Evan Dunham,125.0,-135.0
2013-02-02,Jose Aldo,Frankie Edgar,-175.0,165.0
2013-02-02,Chico Camus,Dustin Kimura,-135.0,125.0
2013-02-02,Tyron Woodley,Jay Hieron,-160.0,150.0
2013-02-16,Stanislav Nedkov,Tom Watson,100.0,-110.0
2013-02-16,Dustin Poirier,Cub Swanson,-110.0,100.0
2013-02-16,Gunnar Nelson,Jorge Santiago,-330.0,300.0
2013-02-16,Jimi Manuwa,Cyrille Diabate,-200.0,185.0
2013-02-23,Neil Magny,Jon Manley,-145.0,135.0
2013-02-23,Michael Chiesa,Anton Kuivanen,-190.0,175.0
2013-02-23,Court McGee,Josh Neer,-370.0,330.0
2013-03-02,Brad Tavares,Riki Fukuda,-120.0,110.0
2013-03-16,Jordan Mein,Dan Miller,-300.0,250.0
2013-03-16,Johny Hendricks,Carlos Condit,105.0,-115.0
2013-04-06,Ilir Latifi,Gegard Mousasi,575.0,-710.0
2013-04-13,Luke Barnatt,Collin Hart,-115.0,105.0
2013-04-13,Clint Hester,Bristol Marunde,-140.0,130.0
2013-04-13,Uriah Hall,Kelvin Gastelum,-285.0,258.0
2013-04-13,Miesha Tate,Cat Zingano,105.0,-115.0
2013-04-20,Jordan Mein,Matt Brown,-320.0,290.0
2013-04-20,Jorge Masvidal,Tim Means,-120.0,100.0
2013-04-20,Yoel Romero,Clifford Starks,-175.0,165.0
2013-04-20,Nate Diaz,Josh Thomson,-145.0,135.0
2013-04-20,Joseph Benavidez,Darren Uyenoyama,-570.0,480.0
2013-04-20,Daniel Cormier,Frank Mir,-375.0,335.0
2013-04-27,Ovince Saint Preux,Gian Villante,-145.0,135.0
2013-04-27,Jon Jones,Chael Sonnen,-875.0,685.0
2013-05-18,Jacare Souza,Chris Camozzi,-600.0,500.0
2013-05-18,Gleison Tibau,John Cholish,-255.0,235.0
2013-05-18,Rafael Dos Anjos,Evan Dunham,-210.0,190.0
2013-05-18,Luke Rockhold,Vitor Belfort,-105.0,-105.0
2013-05-18,Nik Lentz,Hacran Dias,-101.0,-109.0
2013-05-18,Jussier Formiga,Chris Cariaso,-165.0,155.0
2013-05-18,Rafael Natal,Joao Zeferino,-300.0,270.0
2013-05-25,Donald Cerrone,KJ Noons,-270.0,248.0
2013-05-25,Glover Teixeira,James Te Huna,-420.0,375.0
2013-05-25,Robert Whittaker,Colton Smith,130.0,-140.0
2013-05-25,Max Holloway,Dennis Bermudez,265.0,-295.0
2013-05-25,Stephen Thompson,Nah-Shon Burrell,-170.0,160.0
2013-06-08,Anthony Smith,Antonio Braga Neto,220.0,-240.0
2013-06-15,Dustin Pague,Yves Jabouin,310.0,-340.0
2013-06-15,Tyron Woodley,Jake Shields,-210.0,190.0
2013-06-15,Shawn Jordan,Pat Barry,-115.0,105.0
2013-06-15,Igor Pokrajac,Ryan Jimmo,280.0,-310.0
2013-07-06,Charles Oliveira,Frankie Edgar,470.0,-640.0
2013-07-06,Seth Baczynski,Brian Melancon,-280.0,250.0
2013-07-06,Anderson Silva,Chris Weidman,-230.0,210.0
2013-07-27,Michael Chiesa,Jorge Masvidal,255.0,-280.0
2013-07-27,Jéssica Andrade,Liz Carmouche,435.0,-500.0
2013-07-27,Ed Herman,Trevor Smith,-175.0,165.0
2013-07-27,Tim Means,Danny Castillo,245.0,-265.0
2013-07-27,Demetrious Johnson,John Moraga,-420.0,375.0
2013-08-03,Amanda Nunes,Sheila Gaff,-195.0,180.0
2013-08-03,Neil Magny,Sergio Moraes,151.0,-161.0
2013-08-03,Francimar Barroso,Ednaldo Oliveira,110.0,-120.0
2013-08-03,Jose Aldo,Chan Sung Jung,-875.0,685.0
2013-08-03,Thiago Santos,Cezar Ferreira,410.0,-460.0
2013-08-17,Uriah Hall,John Howard,-475.0,420.0
2013-08-17,Ovince Saint Preux,Cody Donovan,-440.0,350.0
2013-08-17,Max Holloway,Conor McGregor,225.0,-245.0
2013-08-28,Court McGee,Robert Whittaker,170.0,-185.0
2013-08-28,Donald Cerrone,Rafael Dos Anjos,105.0,-115.0
2013-08-28,Kelvin Gastelum,Brian Melancon,-310.0,280.0
2013-08-31,Chico Camus,Kyung Ho Kang,210.0,-230.0
2013-08-31,Louis Gaudinot,Tim Elliott,210.0,-230.0
2013-08-31,Dustin Poirier,Erik Koch,185.0,-200.0
2013-08-31,Nikita Krylov,Soa Palelei,-130.0,120.0
2013-08-31,Gleison Tibau,Jamie Varner,-105.0,-105.0
2013-09-04,Glover Teixeira,Ryan Bader,-330.0,300.0
2013-09-04,Rafael Natal,Tor Troeng,-250.0,230.0
2013-09-04,Ali Bagautinov,Marcos Vinicius,-345.0,315.0
2013-09-04,Joseph Benavidez,Jussier Formiga,-720.0,580.0
2013-09-04,Jacare Souza,Yushin Okami,-230.0,210.0
2013-09-21,Alexander Gustafsson,Jon Jones,660.0,-840.0
2013-09-21,Wilson Reis,Ivan Menjivar,115.0,-125.0
2013-09-21,Stephen Thompson,Chris Clements,-430.0,380.0
2013-10-09,Demian Maia,Jake Shields,-355.0,295.0
2013-10-09,Igor Araujo,Ildemar Alcantara,315.0,-345.0
2013-10-19,John Dodson,Darrell Montague,-400.0,355.0
2013-10-19,Kyoji Horiguchi,Dustin Pague,-145.0,135.0
2013-10-19,Daniel Cormier,Roy Nelson,-500.0,435.0
2013-10-19,Andre Fili,Jeremy Larsen,-200.0,185.0
2013-10-19,Shawn Jordan,Gabriel Gonzaga,-155.0,135.0
2013-10-26,Luke Barnatt,Andrew Craig,185.0,-200.0
2013-10-26,Jimi Manuwa,Ryan Jimmo,-150.0,140.0
2013-10-26,Jéssica Andrade,Rosi Sexton,-120.0,110.0
2013-11-06,Neil Magny,Seth Baczynski,-145.0,135.0
2013-11-06,Jorge Masvidal,Rustam Khabilov,125.0,-135.0
2013-11-06,Amanda Nunes,Germaine de Randamie,115.0,-125.0
2013-11-06,Yoel Romero,Ronny Markes,-155.0,145.0
2013-11-06,Rafael Natal,Tim Kennedy,340.0,-380.0
2013-11-06,Derek Brunson,Brian Houston,-170.0,160.0
2013-11-06,Colton Smith,Michael Chiesa,110.0,-120.0
2013-11-09,Dustin Ortiz,Jose Maria,105.0,-115.0
2013-11-09,Adriano Martins,Daron Cruickshank,130.0,-140.0
2013-11-09,Santiago Ponzinibbio,Ryan LaFlare,105.0,-115.0
2013-11-16,Tyron Woodley,Josh Koscheck,-110.0,100.0
2013-11-16,Donald Cerrone,Evan Dunham,-125.0,115.0
2013-11-16,Tim Elliott,Ali Bagautinov,-160.0,150.0
2013-11-16,Ed Herman,Thales Leites,165.0,-175.0
2013-11-16,Sergio Pettis,Will Campuzano,-400.0,355.0
2013-11-16,Cody Donovan,Gian Villante,310.0,-340.0
2013-11-16,Johny Hendricks,Georges St-Pierre,177.0,-192.0
2013-11-30,Nate Diaz,Gray Maynard,110.0,-120.0
2013-11-30,Raquel Pennington,Roxanne Modafferi,-450.0,400.0
2013-11-30,Walt Harris,Jared Rosholt,225.0,-245.0
2013-11-30,Julianna Peña,Jessica Rakoczy,-290.0,260.0
2013-11-30,Drew Dober,Sean Spencer,210.0,-230.0
2013-12-06,Clint Hester,Dylan Andrews,130.0,-140.0
2013-12-06,Alex Garcia,Ben Wall,-660.0,540.0
2013-12-06,Krzysztof Jotko,Bruno Santos,215.0,-235.0
2013-12-06,Soa Palelei,Pat Barry,160.0,-170.0
2013-12-14,Nik Lentz,Chad Mendes,600.0,-900.0
2013-12-14,Joseph Benavidez,Demetrious Johnson,125.0,-135.0
2013-12-14,Zach Makovsky,Scott Jorgensen,200.0,-220.0
2013-12-14,Court McGee,Ryan LaFlare,110.0,-120.0
2013-12-28,Miesha Tate,Ronda Rousey,555.0,-680.0
2013-12-28,Uriah Hall,Chris Leben,-325.0,295.0
2013-12-28,Chris Weidman,Anderson Silva,165.0,-175.0
2013-12-28,Dustin Poirier,Diego Brandao,-240.0,220.0
2013-12-28,Gleison Tibau,Michael Johnson,-145.0,135.0
2014-01-04,Jon Delos Reyes,Dustin Kimura,325.0,-360.0
2014-01-04,Max Holloway,Will Chope,-265.0,245.0
2014-01-15,Yoel Romero,Derek Brunson,-210.0,190.0
2014-01-15,Brad Tavares,Lorenz Larkin,240.0,-260.0
2014-01-15,Dustin Ortiz,John Moraga,190.0,-210.0
2014-01-15,Louis Smolka,Alptekin Ozkilic,248.0,-270.0
2014-01-15,Beneil Dariush,Charlie Brenneman,185.0,-200.0
2014-01-25,Nikita Krylov,Walt Harris,355.0,-400.0
2014-01-25,Donald Cerrone,Adriano Martins,-170.0,160.0
2014-01-25,Sergio Pettis,Alex Caceres,-192.0,177.0
2014-01-25,Mike Rhodes,George Sullivan,-280.0,255.0
2014-02-01,Jose Aldo,Ricardo Lamas,-750.0,600.0
2014-02-01,Ali Bagautinov,John Lineker,-145.0,135.0
2014-02-01,Neil Magny,Gasan Umalatov,135.0,-145.0
2014-02-01,Kevin Lee,Al Iaquinta,140.0,-150.0
2014-02-01,Clint Hester,Andy Enz,-200.0,185.0
2014-02-15,Charles Oliveira,Andy Ogle,-735.0,590.0
2014-02-15,Wilson Reis,Iuri Alcantara,195.0,-215.0
2014-02-15,Albert Tumenov,Ildemar Alcantara,-215.0,195.0
2014-02-15,Jacare Souza,Francis Carmont,-500.0,435.0
2014-02-22,Daniel Cormier,Patrick Cummins,-750.0,600.0
2014-02-22,Robert Whittaker,Stephen Thompson,120.0,-130.0
2014-02-22,Pedro Munhoz,Raphael Assuncao,248.0,-270.0
2014-02-22,Aljamain Sterling,Cody Gibson,-340.0,280.0
2014-02-22,Demian Maia,Rory MacDonald,260.0,-290.0
2014-03-01,Shawn Jordan,Matt Mitrione,105.0,-115.0
2014-03-08,Ilir Latifi,Cyrille Diabate,-135.0,125.0
2014-03-08,Neil Seery,Brad Pickett,800.0,-1000.0
2014-03-08,Alexander Gustafsson,Jimi Manuwa,-525.0,450.0
2014-03-08,Luke Barnatt,Mats Nilsson,-430.0,345.0
2014-03-08,Gunnar Nelson,Omari Akhmedov,-280.0,255.0
2014-03-08,Igor Araujo,Danny Mitchell,-265.0,225.0
2014-03-15,Alex Garcia,Sean Spencer,-320.0,290.0
2014-03-15,Kelvin Gastelum,Rick Story,-170.0,160.0
2014-03-15,Ovince Saint Preux,Nikita Krylov,-500.0,435.0
2014-03-15,Jéssica Andrade,Raquel Pennington,-250.0,230.0
2014-03-15,Tyron Woodley,Carlos Condit,185.0,-200.0
2014-03-15,Johny Hendricks,Robbie Lawler,-365.0,328.0
2014-03-23,Thiago Santos,Ronny Markes,660.0,-840.0
2014-03-23,Jussier Formiga,Scott Jorgensen,170.0,-185.0
2014-03-23,Francimar Barroso,Hans Stringer,-135.0,125.0
2014-04-11,Beneil Dariush,Ramsey Nijem,-255.0,235.0
2014-04-16,Nordine Taleb,Vik Grujic,-235.0,215.0
2014-04-16,Dustin Poirier,Akira Corassani,-1050.0,850.0
2014-04-19,Brad Tavares,Yoel Romero,-145.0,135.0
2014-04-19,Derrick Lewis,Jack May,-290.0,260.0
2014-04-19,Seth Baczynski,Thiago Alves,423.0,-480.0
2014-04-19,Dustin Ortiz,Ray Borg,-155.0,145.0
2014-04-19,Rafael Dos Anjos,Khabib Nurmagomedov,275.0,-305.0
2014-04-19,Miesha Tate,Liz Carmouche,-185.0,170.0
2014-04-19,Jordan Mein,Hernani Perpetuo,-420.0,375.0
2014-04-19,Donald Cerrone,Edson Barboza,160.0,-170.0
2014-04-19,Jorge Masvidal,Pat Healy,-265.0,245.0
2014-04-26,Jon Jones,Glover Teixeira,-440.0,390.0
2014-04-26,Joseph Benavidez,Tim Elliott,-450.0,400.0
2014-04-26,Max Holloway,Andre Fili,125.0,-135.0
2014-04-26,Luke Rockhold,Tim Boetsch,-1000.0,800.0
2014-05-10,Albert Tumenov,Anthony Lapsley,-265.0,245.0
2014-05-10,Nik Lentz,Manvel Gamburyan,-540.0,460.0
2014-05-10,Louis Smolka,Chris Cariaso,-145.0,135.0
2014-05-10,Kyoji Horiguchi,Darrell Montague,-210.0,190.0
2014-05-10,Rafael Natal,Ed Herman,-155.0,135.0
2014-05-10,Soa Palelei,Ruan Potts,-310.0,280.0
2014-05-10,Neil Magny,Tim Means,275.0,-305.0
2014-05-24,Li Jingliang,David Michaud,115.0,-125.0
2014-05-24,Michael Chiesa,Francisco Trinaldo,-150.0,140.0
2014-05-24,Daniel Cormier,Dan Henderson,-750.0,525.0
2014-05-24,Chico Camus,Chris Holdsworth,320.0,-355.0
2014-05-31,Demian Maia,Alexander Yakovlev,-455.0,405.0
2014-05-31,Luke Barnatt,Sean Strickland,-155.0,145.0
2014-05-31,Pedro Munhoz,Matt Hobar,-295.0,265.0
2014-05-31,Marcos Rogerio de Lima,Richardson Moreira,-150.0,140.0
2014-05-31,Drew Dober,Nick Hein,130.0,-140.0
2014-05-31,Krzysztof Jotko,Magnus Cedenblad,-105.0,-105.0
2014-05-31,Warlley Alves,Marcio Alexandre Junior,-200.0,185.0
2014-05-31,Pawel Pawlak,Peter Sobotta,-150.0,140.0
2014-06-07,Sergio Pettis,Yaotzin Meza,-660.0,540.0
2014-06-07,Patrick Cummins,Roger Narvaez,-310.0,280.0
2014-06-07,Rafael Dos Anjos,Jason High,-280.0,255.0
2014-06-07,John Dodson,John Moraga,-570.0,480.0
2014-06-14,Ali Bagautinov,Demetrious Johnson,560.0,-690.0
2014-06-14,Ovince Saint Preux,Ryan Jimmo,-165.0,155.0
2014-06-14,Kajan Johnson,Tae Hyun Bang,-185.0,170.0
2014-06-14,Tyron Woodley,Rory MacDonald,105.0,-115.0
2014-06-28,Colton Smith,Diego Ferreira,170.0,-185.0
2014-06-28,Mike Rhodes,Robert Whittaker,230.0,-250.0
2014-06-28,Dan Hooker,Ian Entwistle,-120.0,110.0
2014-06-28,Clint Hester,Antonio Braga Neto,140.0,-150.0
2014-06-28,Charles Oliveira,Hatsu Hioki,-200.0,185.0
2014-06-28,Jake Matthews,Dashon Johnson,-165.0,155.0
2014-06-28,Soa Palelei,Jared Rosholt,155.0,-165.0
2014-06-28,Neil Magny,Rodrigo de Lima,-290.0,260.0
2014-07-05,Thiago Santos,Uriah Hall,255.0,-310.0
2014-07-05,Chris Weidman,Lyoto Machida,-185.0,170.0
2014-07-05,Rob Font,George Roop,170.0,-185.0
2014-07-06,Dhiego Lima,Eddie Gordon,-150.0,140.0
2014-07-06,Derrick Lewis,Guto Inocente,-185.0,170.0
2014-07-06,Corey Anderson,Matt Van Buren,-265.0,245.0
2014-07-06,Dustin Ortiz,Justin Scoggins,260.0,-290.0
2014-07-06,Kevin Lee,Jesse Ronson,-220.0,200.0
2014-07-16,Gleison Tibau,Pat Healy,-165.0,155.0
2014-07-16,Donald Cerrone,Jim Miller,-240.0,220.0
2014-07-16,Aljamain Sterling,Hugo Viana,-250.0,230.0
2014-07-19,Ilir Latifi,Chris Dempsey,-295.0,265.0
2014-07-19,Gunnar Nelson,Zak Cummings,-840.0,660.0
2014-07-19,Neil Seery,Phil Harris,-155.0,145.0
2014-07-19,Nikita Krylov,Cody Donovan,-125.0,115.0
2014-07-26,Patrick Cummins,Kyle Kingsbury,-225.0,205.0
2014-07-26,Tim Means,Hernani Perpetuo,-179.0,167.0
2014-07-26,Gilbert Burns,Andreas Stahl,-145.0,135.0
2014-07-26,Jorge Masvidal,Daron Cruickshank,-235.0,215.0
2014-08-16,Brad Tavares,Tim Boetsch,-315.0,285.0
2014-08-16,Alan Jouban,Seth Baczynski,145.0,-155.0
2014-08-16,Shawn Jordan,Jack May,-200.0,185.0
2014-08-16,Jussier Formiga,Zach Makovsky,290.0,-320.0
2014-08-16,Lauren Murphy,Sara McMann,480.0,-570.0
2014-08-16,Sam Alvey,Tom Watson,115.0,-125.0
2014-08-16,Ovince Saint Preux,Ryan Bader,170.0,-185.0
2014-08-23,Tyron Woodley,Dong Hyun Kim,-210.0,190.0
2014-08-23,Beneil Dariush,Anthony Rocco Martin,130.0,-140.0
2014-08-23,Jordan Mein,Mike Pyle,-265.0,245.0
2014-08-23,Neil Magny,Alex Garcia,135.0,-145.0
2014-08-23,Max Holloway,Clay Collard,-950.0,625.0
2014-08-23,Rafael Dos Anjos,Benson Henderson,440.0,-510.0
2014-08-23,Wilson Reis,Joby Sanchez,-335.0,305.0
2014-08-30,Derek Brunson,Lorenz Larkin,-165.0,145.0
2014-08-30,Chris Wade,Cain Carrizosa,-155.0,135.0
2014-09-05,Michael Chiesa,Joe Lauzon,-210.0,190.0
2014-09-05,Derrick Lewis,Matt Mitrione,-126.0,116.0
2014-09-05,Jacare Souza,Gegard Mousasi,-185.0,170.0
2014-09-05,Rafael Natal,Chris Camozzi,-185.0,170.0
2014-09-13,Gleison Tibau,Piotr Hallmann,-235.0,215.0
2014-09-13,Jéssica Andrade,Larissa Pacheco,-110.0,100.0
2014-09-13,Igor Araujo,George Sullivan,-130.0,120.0
2014-09-20,Dan Hooker,Maximo Blanco,125.0,-135.0
2014-09-20,Jon Delos Reyes,Kyoji Horiguchi,540.0,-660.0
2014-09-20,Miesha Tate,Rin Nakai,-310.0,280.0
2014-09-27,Kevin Lee,Jon Tuck,-240.0,220.0
2014-09-27,Amanda Nunes,Cat Zingano,195.0,-215.0
2014-09-27,Dustin Poirier,Conor McGregor,240.0,-260.0
2014-09-27,Demetrious Johnson,Chris Cariaso,-1450.0,1150.0
2014-09-27,Stephen Thompson,Patrick Cote,-380.0,340.0
2014-09-27,Jorge Masvidal,James Krause,-320.0,290.0
2014-09-27,Yoel Romero,Tim Kennedy,123.0,-133.0
2014-09-27,Donald Cerrone,Eddie Alvarez,-135.0,125.0
2014-10-04,Ilir Latifi,Jan Blachowicz,-265.0,245.0
2014-10-04,Gunnar Nelson,Rick Story,-360.0,325.0
2014-10-04,Li Jingliang,Nordine Taleb,380.0,-430.0
2014-10-04,Krzysztof Jotko,Tor Troeng,-140.0,130.0
2014-10-04,Albert Tumenov,Matt Dwyer,-440.0,390.0
2014-10-04,Max Holloway,Akira Corassani,-570.0,480.0
2014-10-25,Gilbert Burns,Christos Giagos,-405.0,360.0
2014-10-25,Wilson Reis,Scott Jorgensen,-215.0,195.0
2014-10-25,Glover Teixeira,Phil Davis,-210.0,190.0
2014-10-25,Andre Fili,Felipe Arantes,-160.0,150.0
2014-10-25,Jose Aldo,Chad Mendes,-200.0,185.0
2014-10-25,Beneil Dariush,Diego Ferreira,225.0,-245.0
2014-11-07,Jake Matthews,Vagner Rocha,-475.0,420.0
2014-11-07,Louis Smolka,Richie Vaculik,-340.0,310.0
2014-11-07,Luke Rockhold,Michael Bisping,-525.0,450.0
2014-11-07,Sam Alvey,Dylan Andrews,140.0,-150.0
2014-11-07,Robert Whittaker,Clint Hester,170.0,-185.0
2014-11-07,Walt Harris,Soa Palelei,167.0,-178.0
2014-11-08,Alan Jouban,Warlley Alves,340.0,-380.0
2014-11-08,Ovince Saint Preux,Mauricio Rua,150.0,-160.0
2014-11-08,Leon Edwards,Claudio Silva,-215.0,195.0
2014-11-08,Dhiego Lima,Jorge de Oliveira,-440.0,390.0
2014-11-08,Colby Covington,Wagner Silva,-500.0,435.0
2014-11-15,Kelvin Gastelum,Jake Ellenberger,-155.0,145.0
2014-11-15,Augusto Montano,Chris Heatherly,-255.0,235.0
2014-11-15,Marlon Vera,Marco Beltran,-225.0,205.0
2014-11-15,Yair Rodriguez,Leonardo Morales,-230.0,210.0
2014-11-22,Chico Camus,Brad Pickett,165.0,-175.0
2014-11-22,Dustin Ortiz,Joseph Benavidez,380.0,-430.0
2014-11-22,Luke Barnatt,Roger Narvaez,-420.0,375.0
2014-12-06,Raquel Pennington,Ashlee Evans-Smith,175.0,-190.0
2014-12-06,Sergio Pettis,Matt Hobar,-240.0,220.0
2014-12-06,Corey Anderson,Justin Jones,-500.0,435.0
2014-12-06,Johny Hendricks,Robbie Lawler,-220.0,200.0
2014-12-12,Rose Namajunas,Carla Esparza,-110.0,-110.0
2014-12-12,Charles Oliveira,Jeremy Stephens,170.0,-185.0
2014-12-13,Bryan Barberena,Joe Ellenberger,190.0,-210.0
2014-12-13,Drew Dober,Jamie Varner,400.0,-450.0
2014-12-13,Rafael Dos Anjos,Nate Diaz,-275.0,250.0
2014-12-13,Henry Cejudo,Dustin Kimura,-225.0,185.0
2014-12-20,Patrick Cummins,Antonio Carlos Junior,-145.0,135.0
2014-12-20,Mike Rhodes,Erick Silva,325.0,-400.0
2014-12-20,Igor Pokrajac,Marcos Rogerio de Lima,400.0,-450.0
2014-12-20,Renato Moicano,Tom Niinimaki,-130.0,120.0
2014-12-20,Tim Means,Marcio Alexandre Junior,-170.0,160.0
2015-01-03,Jared Cannonier,Shawn Jordan,170.0,-185.0
2015-01-03,Daniel Cormier,Jon Jones,177.0,-192.0
2015-01-03,Cody Garbrandt,Marcus Brimage,-110.0,100.0
2015-01-03,Louis Gaudinot,Kyoji Horiguchi,450.0,-525.0
2015-01-03,Donald Cerrone,Myles Jury,-125.0,115.0
2015-01-03,Brad Tavares,Nate Marquardt,-130.0,120.0
2015-01-18,Chris Wade,Zhang Lipeng,-605.0,505.0
2015-01-18,Donald Cerrone,Benson Henderson,125.0,-135.0
2015-01-18,Gleison Tibau,Norman Parke,-150.0,140.0
2015-01-18,Uriah Hall,Ron Stallings,-1000.0,800.0
2015-01-24,Neil Seery,Chris Beal,178.0,-215.0
2015-01-24,Alexander Gustafsson,Anthony Johnson,-290.0,260.0
2015-01-24,Stanislav Nedkov,Nikita Krylov,110.0,-130.0
2015-01-31,Kelvin Gastelum,Tyron Woodley,170.0,-185.0
2015-01-31,Rafael Natal,Tom Watson,-135.0,125.0
2015-01-31,Ed Herman,Derek Brunson,540.0,-660.0
2015-01-31,Thiago Santos,Andy Enz,-175.0,165.0
2015-01-31,Miesha Tate,Sara McMann,165.0,-175.0
2015-01-31,Jordan Mein,Thiago Alves,-140.0,130.0
2015-02-14,Kevin Lee,Michel Prazeres,-155.0,145.0
2015-02-14,Zach Makovsky,Tim Elliott,110.0,-120.0
2015-02-14,Neil Magny,Kiichi Kunimoto,-815.0,645.0
2015-02-14,Max Holloway,Cole Miller,-450.0,400.0
2015-02-22,Adriano Martins,Rustam Khabilov,340.0,-380.0
2015-02-22,Jéssica Andrade,Marion Reneau,-270.0,248.0
2015-02-22,Sam Alvey,Cezar Ferreira,280.0,-340.0
2015-02-22,Sean Strickland,Santiago Ponzinibbio,-200.0,185.0
2015-02-28,Dhiego Lima,Tim Means,150.0,-160.0
2015-02-28,Raquel Pennington,Holly Holm,425.0,-550.0
2015-02-28,Gleison Tibau,Tony Ferguson,220.0,-240.0
2015-02-28,Alan Jouban,Richard Walsh,-250.0,230.0
2015-02-28,Derrick Lewis,Ruan Potts,-705.0,570.0
2015-03-14,Sergio Pettis,Ryan Benoit,-660.0,540.0
2015-03-14,Henry Cejudo,Chris Cariaso,-750.0,600.0
2015-03-14,Rafael Dos Anjos,Anthony Pettis,400.0,-450.0
2015-03-14,Johny Hendricks,Matt Brown,-380.0,340.0
2015-03-14,Beneil Dariush,Daron Cruickshank,110.0,-120.0
2015-03-21,Demian Maia,Ryan LaFlare,-105.0,-115.0
2015-03-21,Andre Fili,Godofredo Pepey,-325.0,265.0
2015-03-21,Amanda Nunes,Shayna Baszler,-750.0,525.0
2015-03-21,Gilbert Burns,Alex Oliveira,-800.0,550.0
2015-04-04,Jorge Masvidal,Al Iaquinta,-110.0,-110.0
2015-04-04,Alexander Yakovlev,Gray Maynard,-140.0,120.0
2015-04-04,Julianna Peña,Milana Dudieva,-400.0,325.0
2015-04-04,Dustin Poirier,Diego Ferreira,-150.0,130.0
2015-04-04,Michael Chiesa,Mitch Clarke,-420.0,335.0
2015-04-04,Lauren Murphy,Liz Carmouche,-120.0,100.0
2015-04-11,Pawel Pawlak,Sheldon Westcott,190.0,-230.0
2015-04-11,Sergio Moraes,Mickael Lebout,-550.0,425.0
2015-04-11,Seth Baczynski,Leon Edwards,150.0,-170.0
2015-04-11,Garreth McLellan,Bartosz Fabinski,115.0,-135.0
2015-04-11,Jan Blachowicz,Jimi Manuwa,-120.0,100.0
2015-04-18,Patrick Cummins,Ovince Saint Preux,-115.0,-105.0
2015-04-18,Max Holloway,Cub Swanson,135.0,-155.0
2015-04-18,Luke Rockhold,Lyoto Machida,-145.0,125.0
2015-04-18,Corey Anderson,Gian Villante,-400.0,325.0
2015-04-18,Beneil Dariush,Jim Miller,-165.0,145.0
2015-04-18,Tim Means,George Sullivan,-155.0,135.0
2015-04-18,Aljamain Sterling,Takeya Mizugaki,-345.0,285.0
2015-04-18,Jacare Souza,Chris Camozzi,-1600.0,1050.0
2015-04-25,Demetrious Johnson,Kyoji Horiguchi,-980.0,640.0
2015-04-25,Bryan Barberena,Chad Laprise,335.0,-420.0
2015-04-25,Nordine Taleb,Chris Clements,-210.0,175.0
2015-05-09,Dan Hooker,Hatsu Hioki,245.0,-290.0
2015-05-09,Robert Whittaker,Brad Tavares,115.0,-135.0
2015-05-09,Ben Nguyen,Alptekin Ozkilic,190.0,-230.0
2015-05-09,Jake Matthews,James Vick,-190.0,165.0
2015-05-09,Sam Alvey,Daniel Kelly,-360.0,300.0
2015-05-16,Kajan Johnson,Zhang Lipeng,-105.0,-115.0
2015-05-16,Luke Barnatt,Mark Munoz,-135.0,115.0
2015-05-16,Li Jingliang,Dhiego Lima,130.0,-140.0
2015-05-16,Neil Magny,Hyun Gyu Lim,-125.0,105.0
2015-05-23,Chris Weidman,Vitor Belfort,-420.0,335.0
2015-05-23,Donald Cerrone,John Makdessi,-700.0,500.0
2015-05-23,Daniel Cormier,Anthony Johnson,100.0,-120.0
2015-05-23,Leo Kuntz,Islam Makhachev,400.0,-500.0
2015-05-23,Uriah Hall,Rafael Natal,-420.0,335.0
2015-05-23,Zach Makovsky,John Dodson,550.0,-800.0
2015-05-23,Joseph Benavidez,John Moraga,-750.0,525.0
2015-05-23,Colby Covington,Mike Pyle,-325.0,265.0
2015-05-30,Wilson Reis,Jussier Formiga,-115.0,-105.0
2015-05-30,Tom Breese,Luiz Dutra,-155.0,135.0
2015-05-30,Nik Lentz,Charles Oliveira,225.0,-265.0
2015-05-30,Nicolas Dalby,Elizeu Zaleski dos Santos,-270.0,230.0
2015-05-30,Francimar Barroso,Ryan Jimmo,235.0,-275.0
2015-06-06,Dustin Poirier,Yancy Medeiros,-250.0,230.0
2015-06-06,Brian Ortega,Thiago Tavares,125.0,-145.0
2015-06-06,Chris Wade,Christos Giagos,-170.0,150.0
2015-06-06,Derrick Lewis,Shawn Jordan,-105.0,-115.0
2015-06-13,Chico Camus,Henry Cejudo,825.0,-1275.0
2015-06-13,Kelvin Gastelum,Nate Marquardt,-500.0,400.0
2015-06-13,Yair Rodriguez,Charles Rosa,155.0,-175.0
2015-06-13,Drew Dober,Efrain Escudero,-140.0,120.0
2015-06-13,Augusto Montano,Cathal Pendred,-110.0,-110.0
2015-06-20,Peter Sobotta,Steve Kennedy,-370.0,310.0
2015-06-20,Arnold Allen,Alan Omer,145.0,-165.0
2015-06-27,Santiago Ponzinibbio,Lorenz Larkin,150.0,-170.0
2015-06-27,Yoel Romero,Lyoto Machida,145.0,-165.0
2015-06-27,Thiago Santos,Steve Bosse,-175.0,155.0
2015-07-11,Cody Garbrandt,Henry Briones,-1000.0,650.0
2015-07-11,Gunnar Nelson,Brandon Thatch,150.0,-170.0
2015-07-11,Alex Garcia,Mike Swick,-470.0,375.0
2015-07-11,Tim Means,Matt Brown,130.0,-150.0
2015-07-11,Neil Seery,Louis Smolka,115.0,-135.0
2015-07-12,Dominic Waters,George Sullivan,210.0,-250.0
2015-07-12,Darrell Montague,Willie Gates,120.0,-130.0
2015-07-12,Vicente Luque,Michael Graves,-185.0,160.0
2015-07-12,Hayder Hassan,Kamaru Usman,200.0,-240.0
2015-07-12,Stephen Thompson,Jake Ellenberger,-245.0,205.0
2015-07-12,Jorge Masvidal,Cezar Ferreira,-200.0,170.0
2015-07-15,Igor Araujo,Sean Strickland,375.0,-470.0
2015-07-15,Alan Jouban,Matt Dwyer,-500.0,400.0
2015-07-15,Kevin Lee,James Moontasri,-315.0,285.0
2015-07-15,Jéssica Andrade,Sarah Moras,-500.0,400.0
2015-07-15,Holly Holm,Marion Reneau,-255.0,215.0
2015-07-15,Lyman Good,Andrew Craig,-270.0,230.0
2015-07-18,Ilir Latifi,Hans Stringer,-235.0,195.0
2015-07-18,Leon Edwards,Pawel Pawlak,-400.0,325.0
2015-07-25,Miesha Tate,Jessica Eye,-200.0,170.0
2015-08-01,Soa Palelei,Antonio Silva,-185.0,160.0
2015-08-01,Clint Hester,Vitor Miranda,-140.0,120.0
2015-08-01,Demian Maia,Neil Magny,-240.0,200.0
2015-08-01,Warlley Alves,Nordine Taleb,-340.0,280.0
2015-08-08,Sam Alvey,Derek Brunson,315.0,-380.0
2015-08-08,Beneil Dariush,Michael Johnson,120.0,-140.0
2015-08-08,Ovince Saint Preux,Glover Teixeira,-140.0,120.0
2015-08-08,Oluwale Bamgbose,Uriah Hall,260.0,-320.0
2015-08-08,Marlon Vera,Roman Salazar,-125.0,105.0
2015-08-08,Dustin Ortiz,Willie Gates,-480.0,383.0
2015-08-08,Amanda Nunes,Sara McMann,220.0,-260.0
2015-08-23,Daniel Jolly,Misha Cirkunov,435.0,-570.0
2015-08-23,Charles Oliveira,Max Holloway,215.0,-255.0
2015-08-23,Nikita Krylov,Marcos Rogerio de Lima,130.0,-150.0
2015-08-23,Neil Magny,Erick Silva,170.0,-200.0
2015-09-05,Demetrious Johnson,John Dodson,-560.0,430.0
2015-09-05,Jan Blachowicz,Corey Anderson,-105.0,-115.0
2015-09-05,Jéssica Andrade,Raquel Pennington,-170.0,150.0
2015-09-05,Jimi Manuwa,Anthony Johnson,525.0,-750.0
2015-09-26,Kajan Johnson,Naoyuki Kotani,-320.0,260.0
2015-09-26,Uriah Hall,Gegard Mousasi,325.0,-400.0
2015-09-26,Li Jingliang,Keita Nakamura,-310.0,255.0
2015-09-26,Chico Camus,Kyoji Horiguchi,335.0,-420.0
2015-10-03,Julianna Peña,Jessica Eye,-260.0,220.0
2015-10-03,Sergio Pettis,Chris Cariaso,-200.0,170.0
2015-10-03,Albert Tumenov,Alan Jouban,-260.0,220.0
2015-10-03,Shawn Jordan,Ruslan Magomedov,165.0,-190.0
2015-10-03,Islam Makhachev,Adriano Martins,-130.0,110.0
2015-10-03,Daniel Cormier,Alexander Gustafsson,-255.0,215.0
2015-10-03,Rose Namajunas,Angela Hill,-265.0,245.0
2015-10-03,Dan Hooker,Yair Rodriguez,230.0,-270.0
2015-10-03,Ali Bagautinov,Joseph Benavidez,280.0,-340.0
2015-10-03,Derrick Lewis,Viktor Pesta,150.0,-170.0
2015-10-24,Krzysztof Jotko,Scott Askham,125.0,-145.0
2015-10-24,Neil Seery,Jon Delos Reyes,-130.0,110.0
2015-10-24,Louis Smolka,Paddy Holohan,-185.0,160.0
2015-10-24,Tom Breese,Cathal Pendred,-280.0,240.0
2015-10-24,Garreth McLellan,Bubba Bush,270.0,-330.0
2015-11-07,Matheus Nicolau,Bruno Korea,-190.0,165.0
2015-11-07,Gleison Tibau,Abel Trujillo,-130.0,110.0
2015-11-07,Gilbert Burns,Rashid Magomedov,155.0,-175.0
2015-11-07,Glover Teixeira,Patrick Cummins,-525.0,415.0
2015-11-07,Corey Anderson,Fabio Maldonado,-700.0,500.0
2015-11-07,Pedro Munhoz,Jimmie Rivera,-170.0,150.0
2015-11-14,Robert Whittaker,Uriah Hall,135.0,-155.0
2015-11-14,Holly Holm,Ronda Rousey,525.0,-750.0
2015-11-14,Ben Nguyen,Ryan Benoit,-130.0,110.0
2015-11-14,Peter Sobotta,Kyle Noke,-245.0,205.0
2015-11-14,Jake Matthews,Akbarh Arreola,-1000.0,650.0
2015-11-21,Andre Fili,Gabriel Benitez,-230.0,190.0
2015-11-21,Neil Magny,Kelvin Gastelum,270.0,-330.0
2015-11-21,Jussier Formiga,Henry Cejudo,425.0,-550.0
2015-11-28,Leo Kuntz,Tae Hyun Bang,-330.0,270.0
2015-11-28,Jorge Masvidal,Benson Henderson,190.0,-230.0
2015-11-28,Dominic Waters,Dong Hyun Kim,550.0,-800.0
2015-12-10,Michael Chiesa,Jim Miller,-150.0,130.0
2015-12-10,Sergio Moraes,Omari Akhmedov,125.0,-145.0
2015-12-10,Aljamain Sterling,Johnny Eduardo,-640.0,470.0
2015-12-10,Thiago Santos,Elias Theodorou,185.0,-225.0
2015-12-10,Tim Means,John Howard,-410.0,330.0
2015-12-10,Santiago Ponzinibbio,Andreas Stahl,-170.0,150.0
2015-12-10,Danny Roberts,Nathan Coy,-150.0,140.0
2015-12-10,Rose Namajunas,Paige VanZant,120.0,-140.0
2015-12-12,Court McGee,Marcio Alexandre Junior,-165.0,145.0
2015-12-12,Jose Aldo,Conor McGregor,-115.0,-105.0
2015-12-12,Luke Rockhold,Chris Weidman,130.0,-150.0
2015-12-12,Max Holloway,Jeremy Stephens,-450.0,360.0
2015-12-12,Gunnar Nelson,Demian Maia,-125.0,105.0
2015-12-12,Kevin Lee,Leonardo Santos,-650.0,475.0
2015-12-12,Warlley Alves,Colby Covington,105.0,-125.0
2015-12-12,Yoel Romero,Jacare Souza,120.0,-140.0
2015-12-19,Kamaru Usman,Leon Edwards,-240.0,200.0
2015-12-19,Nik Lentz,Danny Castillo,-140.0,120.0
2015-12-19,Rafael Dos Anjos,Donald Cerrone,-170.0,150.0
2015-12-19,Nate Diaz,Michael Johnson,300.0,-360.0
2015-12-19,Valentina Shevchenko,Sarah Kaufman,-105.0,-115.0
2015-12-19,Charles Oliveira,Myles Jury,145.0,-165.0
2015-12-19,Karolina Kowalkiewicz,Randa Markos,145.0,-165.0
2015-12-19,Hayder Hassan,Vicente Luque,110.0,-130.0
2016-01-02,Alex Morono,Kyle Noke,310.0,-370.0
2016-01-02,Brian Ortega,Diego Brandao,-165.0,145.0
2016-01-02,Dustin Poirier,Joe Duffy,130.0,-150.0
2016-01-02,Drew Dober,Scott Holtzman,180.0,-220.0
2016-01-02,Albert Tumenov,Lorenz Larkin,-250.0,210.0
2016-01-17,Ilir Latifi,Sean O'Connell,-265.0,245.0
2016-01-17,Ed Herman,Tim Boetsch,150.0,-170.0
2016-01-17,Rob Font,Joey Gomez,-220.0,180.0
2016-01-17,Francimar Barroso,Elvis Mutapcic,140.0,-160.0
2016-01-17,Chris Wade,Mehdi Baghdad,-470.0,375.0
2016-01-30,Dustin Ortiz,Wilson Reis,-275.0,235.0
2016-01-30,Randy Brown,Matt Dwyer,-145.0,125.0
2016-01-30,Rafael Natal,Kevin Casey,-175.0,155.0
2016-01-30,Bryan Barberena,Sage Northcutt,235.0,-275.0
2016-01-30,Alexander Yakovlev,George Sullivan,-105.0,-115.0
2016-02-06,Stephen Thompson,Johny Hendricks,245.0,-290.0
2016-02-06,Mickey Gall,Mike Jackson,-525.0,450.0
2016-02-06,Zach Makovsky,Joseph Benavidez,335.0,-420.0
2016-02-06,Derrick Lewis,Damian Grabowski,-105.0,-115.0
2016-02-06,Misha Cirkunov,Alex Nicholson,-700.0,500.0
2016-02-21,Donald Cerrone,Alex Oliveira,-270.0,230.0
2016-02-21,Lauren Murphy,Kelly Faszholz,-310.0,255.0
2016-02-21,Cody Garbrandt,Augusto Mendes,-450.0,360.0
2016-02-21,Oluwale Bamgbose,Daniel Sarafian,110.0,-130.0
2016-02-21,Derek Brunson,Roan Carneiro,-365.0,305.0
2016-02-21,Sean Strickland,Alex Garcia,-115.0,-105.0
2016-02-27,Anderson Silva,Michael Bisping,-275.0,235.0
2016-02-27,Tom Breese,Keita Nakamura,-1165.0,750.0
2016-02-27,Marlon Vera,Davey Grant,160.0,-185.0
2016-02-27,Arnold Allen,Yaotzin Meza,-340.0,280.0
2016-03-05,Ilir Latifi,Gian Villante,-185.0,160.0
2016-03-05,Corey Anderson,Tom Lawlor,-250.0,210.0
2016-03-05,Valentina Shevchenko,Amanda Nunes,-115.0,-105.0
2016-03-05,Nordine Taleb,Erick Silva,185.0,-225.0
2016-03-05,Nate Diaz,Conor McGregor,340.0,-425.0
2016-03-05,Holly Holm,Miesha Tate,-300.0,250.0
2016-03-19,Jake Matthews,Johnny Case,105.0,-125.0
2016-03-19,Neil Magny,Hector Lombard,-120.0,100.0
2016-03-19,Alan Jouban,Brendan O'Reilly,-525.0,415.0
2016-03-19,Dan Hooker,Mark Eddiva,-160.0,150.0
2016-04-10,Curtis Blaydes,Francis Ngannou,-160.0,140.0
2016-04-10,Jared Cannonier,Cyril Asker,-135.0,115.0
2016-04-10,Derrick Lewis,Gabriel Gonzaga,-150.0,130.0
2016-04-10,Igor Pokrajac,Jan Blachowicz,280.0,-340.0
2016-04-10,Alessio Di Chirico,Bojan Velickovic,155.0,-175.0
2016-04-10,Nicolas Dalby,Zak Cummings,-105.0,-115.0
2016-04-16,Beneil Dariush,Michael Chiesa,-165.0,145.0
2016-04-16,Randy Brown,Michael Graves,125.0,-145.0
2016-04-16,Raquel Pennington,Bethe Correia,-220.0,180.0
2016-04-16,Elizeu Zaleski dos Santos,Omari Akhmedov,125.0,-145.0
2016-04-16,Glover Teixeira,Rashad Evans,-225.0,185.0
2016-04-16,Court McGee,Santiago Ponzinibbio,100.0,-120.0
2016-04-16,John Dodson,Manvel Gamburyan,-450.0,400.0
2016-04-16,Oluwale Bamgbose,Cezar Ferreira,-185.0,160.0
2016-04-23,Andre Fili,Yair Rodriguez,-110.0,-110.0
2016-04-23,Robert Whittaker,Rafael Natal,-325.0,265.0
2016-04-23,Clint Hester,Marcos Rogerio de Lima,100.0,-120.0
2016-04-23,Danny Roberts,Dominique Steele,-355.0,295.0
2016-04-23,Jon Jones,Ovince Saint Preux,-720.0,510.0
2016-04-23,Demetrious Johnson,Henry Cejudo,-340.0,280.0
2016-04-23,Walt Harris,Cody East,160.0,-185.0
2016-04-23,Sergio Pettis,Chris Kelades,-225.0,185.0
2016-04-23,Kevin Lee,Efrain Escudero,-360.0,300.0
2016-05-08,Neil Seery,Kyoji Horiguchi,450.0,-600.0
2016-05-08,Josh Emmett,Jon Tuck,-110.0,-110.0
2016-05-08,Nikita Krylov,Francimar Barroso,-200.0,170.0
2016-05-08,Garreth McLellan,Magnus Cedenblad,210.0,-250.0
2016-05-08,Gunnar Nelson,Albert Tumenov,135.0,-155.0
2016-05-08,Dominic Waters,Leon Edwards,230.0,-270.0
2016-05-08,Chris Wade,Rustam Khabilov,145.0,-165.0
2016-05-14,Renato Moicano,Zubaira Tukhugov,100.0,-120.0
2016-05-14,Corey Anderson,Mauricio Rua,-160.0,140.0
2016-05-14,Jacare Souza,Vitor Belfort,-280.0,240.0
2016-05-14,Patrick Cummins,Rogerio Nogueira,-235.0,195.0
2016-05-14,Rob Font,John Lineker,125.0,-145.0
2016-05-14,Demian Maia,Matt Brown,-350.0,290.0
2016-05-14,Warlley Alves,Bryan Barberena,-600.0,450.0
2016-05-14,Thiago Santos,Nate Marquardt,-360.0,300.0
2016-05-29,Aljamain Sterling,Bryan Caraway,-310.0,255.0
2016-05-29,Jorge Masvidal,Lorenz Larkin,-115.0,-105.0
2016-05-29,Cody Garbrandt,Thomas Almeida,170.0,-200.0
2016-06-04,Jéssica Andrade,Jessica Penne,-130.0,110.0
2016-06-04,Beneil Dariush,James Vick,-140.0,120.0
2016-06-04,Brian Ortega,Clay Guida,-235.0,195.0
2016-06-04,Luke Rockhold,Michael Bisping,-750.0,525.0
2016-06-04,Max Holloway,Ricardo Lamas,-270.0,230.0
2016-06-04,Tom Breese,Sean Strickland,-110.0,-110.0
2016-06-18,Krzysztof Jotko,Tamdan McCrory,150.0,-170.0
2016-06-18,Stephen Thompson,Rory MacDonald,-115.0,-105.0
2016-06-18,Colby Covington,Jonathan Meunier,-235.0,195.0
2016-06-18,Ion Cutelaba,Misha Cirkunov,180.0,-220.0
2016-06-18,Ali Bagautinov,Geane Herrera,-260.0,220.0
2016-06-18,Donald Cerrone,Patrick Cote,-170.0,150.0
2016-06-18,Sam Alvey,Elias Theodorou,195.0,-235.0
2016-07-07,Derrick Lewis,Roy Nelson,110.0,-130.0
2016-07-07,Pedro Munhoz,Russell Doane,-240.0,200.0
2016-07-07,Gilbert Burns,Lukasz Sajewski,-265.0,225.0
2016-07-07,Alan Jouban,Belal Muhammad,-145.0,125.0
2016-07-07,Rafael Dos Anjos,Eddie Alvarez,-290.0,245.0
2016-07-08,Andrew Sanchez,Khalil Rountree Jr.,-160.0,140.0
2016-07-08,Matheus Nicolau,John Moraga,120.0,-140.0
2016-07-08,Anthony Smith,Cezar Ferreira,-105.0,-115.0
2016-07-08,Li Jingliang,Anton Zafir,-310.0,255.0
2016-07-08,Tatiana Suarez,Amanda Cooper,-370.0,310.0
2016-07-08,Kevin Lee,Jake Matthews,140.0,-160.0
2016-07-09,Jose Aldo,Frankie Edgar,120.0,-140.0
2016-07-09,Thiago Santos,Gegard Mousasi,245.0,-290.0
2016-07-09,Daniel Cormier,Anderson Silva,-430.0,345.0
2016-07-09,Amanda Nunes,Miesha Tate,-325.0,265.0
2016-07-09,Julianna Peña,Cat Zingano,155.0,-175.0
2016-07-09,Kelvin Gastelum,Johny Hendricks,-115.0,-105.0
2016-07-13,Devin Clark,Alex Nicholson,-220.0,180.0
2016-07-13,Ben Nguyen,Louis Smolka,-125.0,105.0
2016-07-13,Sam Alvey,Eric Spicely,-275.0,235.0
2016-07-23,Valentina Shevchenko,Holly Holm,165.0,-190.0
2016-07-23,Alexander Yakovlev,Kamaru Usman,210.0,-250.0
2016-07-30,Jorge Masvidal,Ross Pearson,-265.0,225.0
2016-07-30,Tyron Woodley,Robbie Lawler,100.0,-120.0
2016-07-30,Ed Herman,Nikita Krylov,200.0,-240.0
2016-07-30,Ryan Benoit,Fredy Serrano,-105.0,-115.0
2016-07-30,Karolina Kowalkiewicz,Rose Namajunas,165.0,-190.0
2016-07-30,Wilson Reis,Hector Sandoval,-360.0,300.0
2016-08-06,Marcin Tybura,Viktor Pesta,-110.0,-110.0
2016-08-06,Santiago Ponzinibbio,Zak Cummings,-110.0,-110.0
2016-08-06,Court McGee,Dominique Steele,-150.0,130.0
2016-08-06,Yair Rodriguez,Alex Caceres,-335.0,275.0
2016-08-06,Justin Ledet,Chase Sherman,-120.0,100.0
2016-08-20,Tim Means,Sabah Homasi,-420.0,335.0
2016-08-20,Nate Diaz,Conor McGregor,115.0,-135.0
2016-08-20,Mike Perry,Hyun Gyu Lim,235.0,-275.0
2016-08-20,Marvin Vettori,Alberto Uda,-165.0,145.0
2016-08-20,Cody Garbrandt,Takeya Mizugaki,-525.0,415.0
2016-08-20,Glover Teixeira,Anthony Johnson,200.0,-240.0
2016-08-20,Max Griffin,Colby Covington,335.0,-420.0
2016-08-20,Neil Magny,Lorenz Larkin,-140.0,120.0
2016-08-20,Raquel Pennington,Elizabeth Phillips,-320.0,260.0
2016-08-20,Donald Cerrone,Rick Story,-140.0,120.0
2016-08-27,Charles Oliveira,Anthony Pettis,145.0,-165.0
2016-08-27,Sam Alvey,Kevin Casey,-270.0,230.0
2016-08-27,Garreth McLellan,Alessio Di Chirico,270.0,-330.0
2016-08-27,Demian Maia,Carlos Condit,115.0,-135.0
2016-09-03,Jan Blachowicz,Alexander Gustafsson,500.0,-700.0
2016-09-03,Ilir Latifi,Ryan Bader,150.0,-170.0
2016-09-03,Peter Sobotta,Nicolas Dalby,170.0,-200.0
2016-09-03,Jack Hermansson,Scott Askham,-115.0,-105.0
2016-09-10,Nik Lentz,Michael McBride,-550.0,425.0
2016-09-10,Brad Tavares,Caio Magalhaes,-220.0,180.0
2016-09-10,Mickey Gall,CM Punk,-430.0,345.0
2016-09-10,Drew Dober,Jason Gonzalez,-150.0,130.0
2016-09-17,Dustin Poirier,Michael Johnson,-165.0,145.0
2016-09-17,Uriah Hall,Derek Brunson,160.0,-185.0
2016-09-17,Chris Wade,Islam Makhachev,115.0,-135.0
2016-09-17,Augusto Montano,Belal Muhammad,375.0,-470.0
2016-09-17,Randy Brown,Erick Montano,-550.0,425.0
2016-09-24,Thiago Santos,Eric Spicely,-800.0,550.0
2016-09-24,Vicente Luque,Hector Urbina,-580.0,440.0
2016-09-24,Gilbert Burns,Michel Prazeres,-245.0,205.0
2016-09-24,Dustin Ortiz,Jussier Formiga,175.0,-210.0
2016-10-01,Ketlen Vieira,Kelly Faszholz,-105.0,-115.0
2016-10-01,John Dodson,John Lineker,-125.0,105.0
2016-10-01,Walt Harris,Shamil Abdurakhimov,125.0,-145.0
2016-10-01,Elizeu Zaleski dos Santos,Keita Nakamura,105.0,-125.0
2016-10-01,Curtis Blaydes,Cody East,-235.0,195.0
2016-10-01,Ion Cutelaba,Jonathan Wilson,-120.0,100.0
2016-10-01,Andre Fili,Hacran Dias,130.0,-150.0
2016-10-01,Joachim Christensen,Henrique da Silva,115.0,-135.0
2016-10-01,Louis Smolka,Brandon Moreno,-525.0,450.0
2016-10-08,Mike Perry,Danny Roberts,-130.0,110.0
2016-10-08,Adriano Martins,Leonardo Santos,-210.0,175.0
2016-10-08,Jimi Manuwa,Ovince Saint Preux,125.0,-145.0
2016-10-08,Albert Tumenov,Leon Edwards,-170.0,150.0
2016-11-05,Sam Alvey,Alex Nicholson,-165.0,145.0
2016-11-05,Beneil Dariush,Rashid Magomedov,-115.0,-105.0
2016-11-05,Rafael Dos Anjos,Tony Ferguson,-140.0,120.0
2016-11-05,Max Griffin,Erick Montano,-135.0,125.0
2016-11-05,Charles Oliveira,Ricardo Lamas,-110.0,-110.0
2016-11-12,Chris Weidman,Yoel Romero,-220.0,180.0
2016-11-12,Belal Muhammad,Vicente Luque,105.0,-125.0
2016-11-12,Rafael Natal,Tim Boetsch,-145.0,125.0
2016-11-12,Raquel Pennington,Miesha Tate,120.0,-140.0
2016-11-12,Karolina Kowalkiewicz,Joanna Jedrzejczyk,325.0,-400.0
2016-11-19,Sergio Moraes,Zak Ottow,-150.0,130.0
2016-11-19,Krzysztof Jotko,Thales Leites,115.0,-135.0
2016-11-19,Kevin Lee,Magomed Mustafaev,-145.0,125.0
2016-11-19,Kamaru Usman,Warlley Alves,-210.0,175.0
2016-11-19,Uriah Hall,Gegard Mousasi,430.0,-560.0
2016-11-19,Pedro Munhoz,Justin Scoggins,135.0,-155.0
2016-11-19,Marcos Rogerio de Lima,Gadzhimurad Antigulov,-165.0,145.0
2016-11-19,Justin Ledet,Mark Godbeer,-140.0,130.0
2016-11-19,Ali Bagautinov,Kyoji Horiguchi,170.0,-200.0
2016-11-19,Abdul Razak Alhassan,Charlie Ward,-330.0,270.0
2016-11-19,Jack Marshman,Magnus Cedenblad,210.0,-250.0
2016-11-19,Alexander Yakovlev,Zak Cummings,150.0,-170.0
2016-11-19,Jack Hermansson,Cezar Ferreira,-130.0,110.0
2016-11-26,Khalil Rountree Jr.,Tyson Pedro,-105.0,-115.0
2016-11-26,Dan Hooker,Jason Knight,-145.0,125.0
2016-11-26,Ben Nguyen,Geane Herrera,-140.0,120.0
2016-11-26,Derek Brunson,Robert Whittaker,-120.0,100.0
2016-11-26,Alexander Volkanovski,Yusuke Kasuya,-155.0,135.0
2016-11-26,Jake Matthews,Andrew Holbrook,-550.0,425.0
2016-12-03,Devin Clark,Josh Stansbury,-115.0,-105.0
2016-12-03,Matt Schnell,Rob Font,230.0,-270.0
2016-12-03,Tim Elliott,Demetrious Johnson,600.0,-900.0
2016-12-03,Jared Cannonier,Ion Cutelaba,190.0,-230.0
2016-12-03,Joseph Benavidez,Henry Cejudo,-200.0,163.0
2016-12-03,Brandon Moreno,Ryan Benoit,-190.0,165.0
2016-12-03,Jorge Masvidal,Jake Ellenberger,-210.0,175.0
2016-12-03,Anthony Smith,Elvis Mutapcic,-115.0,-105.0
2016-12-09,JJ Aldrich,Juliana Lima,190.0,-230.0
2016-12-09,Corey Anderson,Sean O'Connell,-400.0,325.0
2016-12-09,Randy Brown,Brian Camozzi,-150.0,130.0
2016-12-09,Derrick Lewis,Shamil Abdurakhimov,-250.0,210.0
2016-12-09,Andrew Sanchez,Trevor Smith,-200.0,170.0
2016-12-10,Kelvin Gastelum,Tim Kennedy,105.0,-125.0
2016-12-10,Donald Cerrone,Matt Brown,-300.0,250.0
2016-12-10,Drew Dober,Olivier Aubin-Mercier,160.0,-185.0
2016-12-10,Nikita Krylov,Misha Cirkunov,-115.0,-105.0
2016-12-10,Jordan Mein,Emil Meek,-170.0,150.0
2016-12-10,Dustin Ortiz,Zach Makovsky,110.0,-130.0
2016-12-10,Max Holloway,Anthony Pettis,-300.0,250.0
2016-12-17,Josh Emmett,Scott Holtzman,-195.0,168.0
2016-12-17,Mickey Gall,Sage Northcutt,-160.0,140.0
2016-12-17,Irene Aldana,Leslie Smith,-310.0,255.0
2016-12-17,Paul Craig,Henrique da Silva,190.0,-230.0
2016-12-17,Alan Jouban,Mike Perry,125.0,-145.0
2016-12-17,Bryan Barberena,Colby Covington,300.0,-360.0
2016-12-17,Alex Morono,James Moontasri,115.0,-135.0
2016-12-30,Cody Garbrandt,Dominick Cruz,205.0,-245.0
2016-12-30,Neil Magny,Johny Hendricks,-200.0,170.0
2016-12-30,Alex Garcia,Mike Pyle,-220.0,180.0
2016-12-30,Louis Smolka,Ray Borg,120.0,-140.0
2016-12-30,Amanda Nunes,Ronda Rousey,165.0,-190.0
2016-12-30,Marvin Vettori,Antonio Carlos Junior,100.0,-120.0
2017-01-15,Court McGee,Ben Saunders,-135.0,115.0
2017-01-15,Joachim Christensen,Bojan Mihajlovic,-250.0,210.0
2017-01-15,Yair Rodriguez,BJ Penn,-350.0,290.0
2017-01-15,Sergio Pettis,John Moraga,-160.0,140.0
2017-01-15,Cyril Asker,Dmitrii Smoliakov,-120.0,100.0
2017-01-15,Walt Harris,Chase Sherman,-155.0,135.0
2017-01-28,Alessio Di Chirico,Eric Spicely,-110.0,-110.0
2017-01-28,Eric Shelton,Alexandre Pantoja,-120.0,100.0
2017-01-28,Aljamain Sterling,Raphael Assuncao,125.0,-145.0
2017-01-28,Sam Alvey,Nate Marquardt,-140.0,120.0
2017-01-28,Li Jingliang,Bobby Nash,-130.0,110.0
2017-01-28,Donald Cerrone,Jorge Masvidal,-175.0,155.0
2017-01-28,Julianna Peña,Valentina Shevchenko,160.0,-185.0
2017-01-28,Marcos Rogerio de Lima,Jeremy Kimball,-130.0,110.0
2017-02-04,Ovince Saint Preux,Volkan Oezdemir,-420.0,335.0
2017-02-04,Jéssica Andrade,Angela Hill,-800.0,550.0
2017-02-04,Alexa Grasso,Felice Herrig,-380.0,315.0
2017-02-04,Khalil Rountree Jr.,Daniel Jolly,-185.0,145.0
2017-02-11,Jared Cannonier,Glover Teixeira,190.0,-230.0
2017-02-11,Dustin Poirier,Jim Miller,-450.0,360.0
2017-02-11,Holly Holm,Germaine de Randamie,100.0,-130.0
2017-02-11,Anderson Silva,Derek Brunson,100.0,-120.0
2017-02-11,Randy Brown,Belal Muhammad,-145.0,115.0
2017-02-11,Nik Lentz,Islam Makhachev,270.0,-330.0
2017-02-11,Jacare Souza,Tim Boetsch,-600.0,450.0
2017-02-19,Jack Marshman,Thiago Santos,145.0,-165.0
2017-02-19,Derrick Lewis,Travis Browne,-105.0,-115.0
2017-02-19,Nordine Taleb,Santiago Ponzinibbio,265.0,-325.0
2017-02-19,Aiemann Zahabi,Reginaldo Vieira,-275.0,235.0
2017-02-19,Johny Hendricks,Hector Lombard,110.0,-130.0
2017-02-19,Gerald Meerschaert,Ryan Janes,-300.0,250.0
2017-03-04,Paul Craig,Tyson Pedro,120.0,-140.0
2017-03-04,Marcin Tybura,Luis Henrique,-175.0,155.0
2017-03-04,Stephen Thompson,Tyron Woodley,-140.0,120.0
2017-03-11,Jussier Formiga,Ray Borg,110.0,-130.0
2017-03-11,Garreth McLellan,Paulo Costa,280.0,-340.0
2017-03-11,Beneil Dariush,Edson Barboza,140.0,-160.0
2017-03-11,Kevin Lee,Francisco Trinaldo,-170.0,150.0
2017-03-11,Sergio Moraes,Davi Ramos,-200.0,170.0
2017-03-11,Tim Means,Alex Oliveira,-210.0,175.0
2017-03-18,Marlon Vera,Brad Pickett,130.0,-150.0
2017-03-18,Gunnar Nelson,Alan Jouban,-335.0,275.0
2017-03-18,Vicente Luque,Leon Edwards,-120.0,100.0
2017-03-18,Jimi Manuwa,Corey Anderson,-145.0,125.0
2017-03-18,Arnold Allen,Makwan Amirkhani,-115.0,-105.0
2017-03-18,Francimar Barroso,Darren Stewart,175.0,-210.0
2017-04-08,Daniel Cormier,Anthony Johnson,120.0,-140.0
2017-04-08,Patrick Cummins,Jan Blachowicz,-105.0,-115.0
2017-04-08,Charles Oliveira,Will Brooks,180.0,-220.0
2017-04-08,Chris Weidman,Gegard Mousasi,-105.0,-115.0
2017-04-08,Josh Emmett,Desmond Green,-200.0,170.0
2017-04-08,Kamaru Usman,Sean Strickland,-290.0,245.0
2017-04-15,Aljamain Sterling,Augusto Mendes,-400.0,325.0
2017-04-15,Renato Moicano,Jeremy Stephens,150.0,-170.0
2017-04-15,Alexander Volkov,Roy Nelson,-155.0,135.0
2017-04-15,Anthony Smith,Andrew Sanchez,270.0,-330.0
2017-04-15,Demetrious Johnson,Wilson Reis,-1100.0,700.0
2017-04-15,Ketlen Vieira,Ashlee Evans-Smith,145.0,-165.0
2017-04-15,Jacare Souza,Robert Whittaker,-265.0,225.0
2017-04-15,Tim Elliott,Louis Smolka,-185.0,160.0
2017-04-15,Devin Clark,Jake Collier,-140.0,120.0
2017-04-22,Matt Schnell,Hector Sandoval,-150.0,130.0
2017-04-22,Marcos Rogerio de Lima,Ovince Saint Preux,140.0,-160.0
2017-04-22,Mike Perry,Jake Ellenberger,-125.0,105.0
2017-04-22,Bryan Barberena,Joe Proctor,-330.0,270.0
2017-04-22,Brandon Moreno,Dustin Ortiz,100.0,-120.0
2017-04-22,Sam Alvey,Thales Leites,105.0,-125.0
2017-04-22,John Dodson,Eddie Wineland,-400.0,325.0
2017-05-13,Krzysztof Jotko,David Branch,-170.0,150.0
2017-05-13,Demian Maia,Jorge Masvidal,-115.0,-105.0
2017-05-13,Yair Rodriguez,Frankie Edgar,120.0,-140.0
2017-05-13,Joachim Christensen,Gadzhimurad Antigulov,315.0,-380.0
2017-05-13,Jéssica Andrade,Joanna Jedrzejczyk,165.0,-190.0
2017-05-28,Pedro Munhoz,Damian Stasiak,-670.0,485.0
2017-05-28,Peter Sobotta,Ben Saunders,-135.0,115.0
2017-05-28,Jack Hermansson,Alex Nicholson,-165.0,145.0
2017-05-28,Nordine Taleb,Oliver Enkamp,-335.0,275.0
2017-05-28,Volkan Oezdemir,Misha Cirkunov,375.0,-470.0
2017-05-28,Darren Till,Jessin Ayari,-275.0,235.0
2017-05-28,Alexander Gustafsson,Glover Teixeira,-300.0,250.0
2017-05-28,Abdul Razak Alhassan,Omari Akhmedov,-275.0,235.0
2017-06-03,Oluwale Bamgbose,Paulo Costa,225.0,-265.0
2017-06-03,Jose Aldo,Max Holloway,-145.0,125.0
2017-06-03,Karolina Kowalkiewicz,Claudia Gadelha,240.0,-280.0
2017-06-10,Derek Brunson,Daniel Kelly,-250.0,210.0
2017-06-10,Ion Cutelaba,Henrique da Silva,-305.0,275.0
2017-06-10,Dan Hooker,Ross Pearson,-145.0,125.0
2017-06-10,Alexander Volkanovski,Mizuto Hirota,-580.0,440.0
2017-06-10,Derrick Lewis,Mark Hunt,-150.0,130.0
2017-06-10,Tim Elliott,Ben Nguyen,-170.0,160.0
2017-06-17,Colby Covington,Dong Hyun Kim,-240.0,200.0
2017-06-17,Holly Holm,Bethe Correia,-570.0,435.0
2017-06-17,Marcin Tybura,Andrei Arlovski,-230.0,190.0
2017-06-17,Walt Harris,Cyril Asker,-360.0,300.0
2017-06-17,Carls John De Tomas,Naoki Inoue,235.0,-275.0
2017-06-17,Rafael Dos Anjos,Tarec Saffiedine,-200.0,170.0
2017-06-25,Johny Hendricks,Tim Boetsch,-145.0,125.0
2017-06-25,Kevin Lee,Michael Chiesa,-145.0,125.0
2017-06-25,Tim Means,Alex Garcia,-310.0,255.0
2017-06-25,Marvin Vettori,Vitor Miranda,-380.0,315.0
2017-06-25,Jeremy Kimball,Josh Stansbury,140.0,-160.0
2017-07-07,Dhiego Lima,Jesse Taylor,150.0,-170.0
2017-07-07,Ed Herman,CB Dollaway,125.0,-145.0
2017-07-07,Justin Gaethje,Michael Johnson,145.0,-165.0
2017-07-07,Brad Tavares,Elias Theodorou,-115.0,-105.0
2017-07-07,Angela Hill,Ashley Yoder,-340.0,280.0
2017-07-07,Nick Roehrick,Jared Cannonier,290.0,-350.0
2017-07-08,Gerald Meerschaert,Thiago Santos,140.0,-160.0
2017-07-08,Jordan Mein,Belal Muhammad,115.0,-135.0
2017-07-08,Robert Whittaker,Yoel Romero,-130.0,110.0
2017-07-08,Curtis Blaydes,Daniel Omielanczuk,-640.0,470.0
2017-07-08,Trevin Giles,James Bochnovic,-250.0,210.0
2017-07-08,Rob Font,Douglas Silva de Andrade,-265.0,225.0
2017-07-16,Danny Roberts,Bobby Nash,-190.0,165.0
2017-07-16,Khalil Rountree Jr.,Paul Craig,-145.0,125.0
2017-07-16,Amanda Lemos,Leslie Smith,185.0,-225.0
2017-07-16,Neil Seery,Alexandre Pantoja,290.0,-350.0
2017-07-16,Jack Marshman,Ryan Janes,-500.0,400.0
2017-07-16,Santiago Ponzinibbio,Gunnar Nelson,164.0,-174.0
2017-07-22,Marlon Vera,Brian Kelleher,195.0,-235.0
2017-07-22,Eryk Anders,Rafael Natal,-115.0,-105.0
2017-07-22,Elizeu Zaleski dos Santos,Lyman Good,130.0,-150.0
2017-07-22,Kelvin Gastelum,Chris Weidman,-155.0,135.0
2017-07-22,Patrick Cummins,Gian Villante,175.0,-210.0
2017-07-22,Chris Wade,Frankie Perez,-360.0,300.0
2017-07-29,Jimi Manuwa,Volkan Oezdemir,-175.0,155.0
2017-07-29,Andre Fili,Calvin Kattar,-175.0,155.0
2017-07-29,Aljamain Sterling,Renan Barao,110.0,-130.0
2017-07-29,Drew Dober,Joshua Burkman,-310.0,255.0
2017-07-29,Brian Ortega,Renato Moicano,160.0,-185.0
2017-07-29,Eric Shelton,Jarred Brooks,125.0,-145.0
2017-07-29,Donald Cerrone,Robbie Lawler,135.0,-155.0
2017-07-29,Tyron Woodley,Demian Maia,-220.0,180.0
2017-08-05,Brandon Moreno,Sergio Pettis,-175.0,155.0
2017-08-05,Alexa Grasso,Randa Markos,-220.0,180.0
2017-08-05,Sam Alvey,Rashad Evans,-130.0,110.0
2017-08-05,Alan Jouban,Niko Price,-165.0,145.0
2017-08-05,Dustin Ortiz,Hector Sandoval,-175.0,155.0
2017-09-02,Alexander Volkov,Stefan Struve,-130.0,110.0
2017-09-02,Rob Wilkinson,Siyar Bahadurzada,110.0,-130.0
2017-09-02,Darren Till,Bojan Velickovic,-190.0,165.0
2017-09-02,Leon Edwards,Bryan Barberena,-250.0,210.0
2017-09-02,Francimar Barroso,Aleksandar Rakic,125.0,-145.0
2017-09-09,Rafael Dos Anjos,Neil Magny,-190.0,165.0
2017-09-09,Adriano Martins,Kajan Johnson,-600.0,450.0
2017-09-09,Wilson Reis,Henry Cejudo,325.0,-400.0
2017-09-09,Ilir Latifi,Tyson Pedro,120.0,-140.0
2017-09-09,Valentina Shevchenko,Amanda Nunes,-145.0,125.0
2017-09-09,Ketlen Vieira,Sara McMann,170.0,-200.0
2017-09-16,Anthony Smith,Hector Lombard,-155.0,135.0
2017-09-16,Gilbert Burns,Jason Saggo,-150.0,130.0
2017-09-16,Sergio Moraes,Kamaru Usman,650.0,-1000.0
2017-09-16,Luke Rockhold,David Branch,-500.0,400.0
2017-09-16,Uriah Hall,Krzysztof Jotko,170.0,-200.0
2017-09-16,Mike Perry,Alex Reyes,-420.0,335.0
2017-09-22,Alex Morono,Keita Nakamura,-110.0,-110.0
2017-09-22,Ovince Saint Preux,Yushin Okami,-430.0,345.0
2017-09-22,Gokhan Saki,Henrique da Silva,-200.0,170.0
2017-09-22,Jéssica Andrade,Claudia Gadelha,245.0,-290.0
2017-10-07,Brad Tavares,Thales Leites,-175.0,155.0
2017-10-07,Demetrious Johnson,Ray Borg,-1000.0,650.0
2017-10-07,Kevin Lee,Tony Ferguson,245.0,-290.0
2017-10-07,Walt Harris,Fabricio Werdum,175.0,-210.0
2017-10-07,Matt Schnell,Marco Beltran,-125.0,105.0
2017-10-21,Josh Emmett,Felipe Arantes,-240.0,200.0
2017-10-21,Karolina Kowalkiewicz,Jodie Esquibel,-600.0,450.0
2017-10-21,Warlley Alves,Salim Touahri,-300.0,250.0
2017-10-21,Andre Fili,Artem Lobov,-170.0,150.0
2017-10-21,Sam Alvey,Ramazan Emeev,130.0,-150.0
2017-10-21,Devin Clark,Jan Blachowicz,-150.0,130.0
2017-10-21,Darren Till,Donald Cerrone,130.0,-150.0
2017-10-28,Vicente Luque,Niko Price,-130.0,110.0
2017-10-28,Demian Maia,Colby Covington,-120.0,100.0
2017-10-28,Rob Font,Pedro Munhoz,-175.0,155.0
2017-10-28,Deiveson Figueiredo,Jarred Brooks,125.0,-145.0
2017-10-28,Jack Marshman,Antonio Carlos Junior,330.0,-370.0
2017-10-28,Marlon Vera,John Lineker,385.0,-485.0
2017-10-28,Thiago Santos,Jack Hermansson,-110.0,-110.0
2017-10-28,Derek Brunson,Lyoto Machida,-145.0,135.0
2017-10-28,Max Griffin,Elizeu Zaleski dos Santos,190.0,-230.0
2017-11-04,Randy Brown,Mickey Gall,105.0,-125.0
2017-11-04,Stephen Thompson,Jorge Masvidal,-190.0,165.0
2017-11-04,Curtis Blaydes,Aleksei Oleinik,-300.0,250.0
2017-11-04,Walt Harris,Mark Godbeer,-370.0,310.0
2017-11-04,Rose Namajunas,Joanna Jedrzejczyk,500.0,-700.0
2017-11-04,Paulo Costa,Johny Hendricks,-365.0,305.0
2017-11-04,Aiemann Zahabi,Ricardo Ramos,165.0,-190.0
2017-11-04,Cody Garbrandt,TJ Dillashaw,-210.0,175.0
2017-11-04,Ovince Saint Preux,Corey Anderson,-175.0,155.0
2017-11-11,Tatiana Suarez,Viviane Pereira,-285.0,243.0
2017-11-11,Dustin Poirier,Anthony Pettis,-110.0,-110.0
2017-11-11,Court McGee,Sean Strickland,245.0,-290.0
2017-11-11,Karl Roberson,Darren Stewart,-255.0,185.0
2017-11-11,John Dodson,Marlon Moraes,-125.0,105.0
2017-11-18,Nik Lentz,Will Brooks,345.0,-430.0
2017-11-18,Belal Muhammad,Tim Means,175.0,-210.0
2017-11-18,Eric Shelton,Jenel Lausa,-330.0,270.0
2017-11-18,Alexander Volkanovski,Shane Young,-640.0,470.0
2017-11-18,Marcin Tybura,Fabricio Werdum,250.0,-300.0
2017-11-18,Jake Matthews,Bojan Velickovic,-140.0,120.0
2017-11-18,Ryan Benoit,Ashkan Mokhtarian,-290.0,245.0
2017-11-25,Song Yadong,Bharat Kandare,-160.0,140.0
2017-11-25,Alex Garcia,Muslim Salikhov,180.0,-220.0
2017-11-25,Cyril Asker,Hu Yaozong,-250.0,210.0
2017-11-25,Yan Xiaonan,Kailin Curran,-140.0,120.0
2017-11-25,Song Kenan,Bobby Nash,250.0,-300.0
2017-11-25,Kelvin Gastelum,Michael Bisping,-285.0,243.0
2017-11-25,Li Jingliang,Zak Ottow,-200.0,170.0
2017-12-01,Lauren Murphy,Barb Honchak,200.0,-240.0
2017-12-01,Gillian Robertson,Emily Whitmire,165.0,-190.0
2017-12-01,Sean O'Malley,Terrion Ware,-230.0,190.0
2017-12-01,Gerald Meerschaert,Eric Spicely,-170.0,150.0
2017-12-01,Andrew Sanchez,Ryan Janes,-600.0,450.0
2017-12-02,Justin Gaethje,Eddie Alvarez,-170.0,150.0
2017-12-02,Jeremy Kimball,Dominick Reyes,415.0,-525.0
2017-12-02,Henry Cejudo,Sergio Pettis,-320.0,260.0
2017-12-02,Abdul Razak Alhassan,Sabah Homasi,-265.0,225.0
2017-12-02,Charles Oliveira,Paul Felder,-135.0,115.0
2017-12-02,Max Holloway,Jose Aldo,-260.0,220.0
2017-12-09,Eryk Anders,Markus Perez,-470.0,375.0
2017-12-09,Trevin Giles,Antonio Braga Neto,-270.0,230.0
2017-12-09,Aljamain Sterling,Marlon Moraes,135.0,-145.0
2017-12-09,Carls John De Tomas,Alex Perez,335.0,-420.0
2017-12-09,Merab Dvalishvili,Frankie Saenz,-190.0,165.0
2017-12-09,Brian Ortega,Cub Swanson,-120.0,100.0
2017-12-09,Davi Ramos,Chris Gruetzemacher,-400.0,325.0
2017-12-16,Rafael Dos Anjos,Robbie Lawler,-125.0,105.0
2017-12-16,Julian Marquez,Darren Stewart,-340.0,280.0
2017-12-16,Josh Emmett,Ricardo Lamas,245.0,-290.0
2017-12-16,Santiago Ponzinibbio,Mike Perry,-155.0,135.0
2017-12-16,Jordan Mein,Erick Silva,-160.0,140.0
2017-12-16,Glover Teixeira,Misha Cirkunov,125.0,-145.0
2017-12-16,Nordine Taleb,Danny Roberts,-155.0,135.0
2017-12-16,Jared Cannonier,Jan Blachowicz,-190.0,165.0
2017-12-16,Alessio Di Chirico,Oluwale Bamgbose,-160.0,140.0
2017-12-30,Dan Hooker,Marc Diakiese,165.0,-190.0
2017-12-30,Matheus Nicolau,Louis Smolka,-200.0,170.0
2017-12-30,Neil Magny,Carlos Condit,110.0,-130.0
2017-12-30,Mark De La Rosa,Tim Elliott,165.0,-190.0
2018-01-14,Irene Aldana,Talita Bernardo,-135.0,115.0
2018-01-14,JJ Aldrich,Danielle Taylor,-130.0,110.0
2018-01-14,Kamaru Usman,Emil Meek,-750.0,525.0
2018-01-20,Francimar Barroso,Gian Villante,135.0,-155.0
2018-01-20,Daniel Cormier,Volkan Oezdemir,-345.0,285.0
2018-01-20,Dustin Ortiz,Alexandre Pantoja,-135.0,115.0
2018-01-20,Islam Makhachev,Gleison Tibau,-290.0,245.0
2018-01-20,Abdul Razak Alhassan,Sabah Homasi,-195.0,168.0
2018-01-20,Rob Font,Thomas Almeida,125.0,-145.0
2018-01-27,Derek Brunson,Jacare Souza,-140.0,120.0
2018-01-27,Andre Fili,Dennis Bermudez,130.0,-150.0
2018-01-27,Cory Sandhagen,Austin Arnett,-200.0,170.0
2018-01-27,Drew Dober,Frank Camacho,-140.0,120.0
2018-02-03,Eryk Anders,Lyoto Machida,-245.0,205.0
2018-02-03,Marlon Vera,Douglas Silva de Andrade,-190.0,165.0
2018-02-03,Sergio Moraes,Tim Means,173.0,-205.0
2018-02-03,Anthony Smith,Thiago Santos,215.0,-255.0
2018-02-03,Valentina Shevchenko,Priscila Cachoeira,-1100.0,700.0
2018-02-03,Deiveson Figueiredo,Joseph Morales,110.0,-130.0
2018-02-10,Alexander Volkanovski,Jeremy Kennedy,-200.0,170.0
2018-02-10,Cyril Asker,Tai Tuivasa,235.0,-275.0
2018-02-10,Tyson Pedro,Saparbeg Safarov,-300.0,250.0
2018-02-10,Yoel Romero,Luke Rockhold,160.0,-185.0
2018-02-10,Israel Adesanya,Rob Wilkinson,-365.0,305.0
2018-02-10,Jake Matthews,Li Jingliang,125.0,-145.0
2018-02-10,Jussier Formiga,Ben Nguyen,-110.0,-110.0
2018-02-10,Curtis Blaydes,Mark Hunt,-190.0,165.0
2018-02-18,Alex Morono,Joshua Burkman,-360.0,300.0
2018-02-18,Donald Cerrone,Yancy Medeiros,100.0,-120.0
2018-02-18,Curtis Millender,Thiago Alves,130.0,-150.0
2018-02-18,Geoff Neal,Brian Camozzi,-210.0,175.0
2018-02-18,Marcin Tybura,Derrick Lewis,-110.0,-110.0
2018-02-24,Marcin Prachnio,Sam Alvey,-220.0,180.0
2018-02-24,Ovince Saint Preux,Ilir Latifi,-165.0,145.0
2018-02-24,Josh Emmett,Jeremy Stephens,110.0,-130.0
2018-02-24,Eric Shelton,Alex Perez,-140.0,120.0
2018-02-24,Alan Jouban,Ben Saunders,-250.0,210.0
2018-02-24,Angela Hill,Maryna Moroz,-150.0,130.0
2018-02-24,Mike Perry,Max Griffin,-300.0,250.0
2018-03-03,Pedro Munhoz,John Dodson,140.0,-160.0
2018-03-03,Beneil Dariush,Alexander Hernandez,-420.0,335.0
2018-03-03,Sean O'Malley,Andre Soukhamthath,-145.0,125.0
2018-03-03,Mackenzie Dern,Ashley Yoder,-490.0,390.0
2018-03-03,Brian Ortega,Frankie Edgar,135.0,-155.0
2018-03-03,Ketlen Vieira,Cat Zingano,-210.0,175.0
2018-03-17,Jimi Manuwa,Jan Blachowicz,-150.0,130.0
2018-03-17,Magomed Ankalaev,Paul Craig,-800.0,550.0
2018-03-17,Kajan Johnson,Stevie Ray,175.0,-210.0
2018-03-17,John Phillips,Charles Byrd,-115.0,-105.0
2018-03-17,Peter Sobotta,Leon Edwards,165.0,-190.0
2018-03-17,Danny Roberts,Oliver Enkamp,-130.0,110.0
2018-03-17,Alexander Volkov,Fabricio Werdum,175.0,-210.0
2018-04-07,Renato Moicano,Calvin Kattar,-115.0,-105.0
2018-04-07,Karolina Kowalkiewicz,Felice Herrig,-190.0,165.0
2018-04-07,Devin Clark,Mike Rodriguez,-105.0,-115.0
2018-04-07,Rose Namajunas,Joanna Jedrzejczyk,-110.0,-110.0
2018-04-14,Dhiego Lima,Yushin Okami,105.0,-125.0
2018-04-14,Wilson Reis,John Moraga,-120.0,100.0
2018-04-14,Muslim Salikhov,Ricky Rainey,-210.0,175.0
2018-04-14,Gilbert Burns,Dan Moret,-640.0,470.0
2018-04-14,Dustin Poirier,Justin Gaethje,-125.0,105.0
2018-04-14,Brad Tavares,Krzysztof Jotko,110.0,-130.0
2018-04-14,Israel Adesanya,Marvin Vettori,-245.0,205.0
2018-04-21,Kevin Lee,Edson Barboza,-165.0,145.0
2018-04-21,Ricky Simon,Merab Dvalishvili,-110.0,-110.0
2018-04-21,Corey Anderson,Patrick Cummins,-165.0,145.0
2018-04-21,Aljamain Sterling,Brett Johns,-115.0,-105.0
2018-04-21,Alex Garcia,Ryan LaFlare,130.0,-150.0
2018-04-21,Thiago Santos,David Branch,-160.0,140.0
2018-04-21,Dan Hooker,Jim Miller,-300.0,250.0
2018-05-12,Warlley Alves,Sultan Aliev,-280.0,240.0
2018-05-12,Markus Perez,James Bochnovic,-300.0,250.0
2018-05-12,Jacare Souza,Kelvin Gastelum,-115.0,-105.0
2018-05-12,Ramazan Emeev,Alberto Mina,-170.0,150.0
2018-05-12,Amanda Nunes,Raquel Pennington,-700.0,500.0
2018-05-12,Karl Roberson,Cezar Ferreira,130.0,-150.0
2018-05-12,Jack Hermansson,Thales Leites,-130.0,110.0
2018-05-12,Elizeu Zaleski dos Santos,Sean Strickland,100.0,-120.0
2018-05-12,Davi Ramos,Nick Hein,-185.0,160.0
2018-05-12,Mackenzie Dern,Amanda Cooper,-260.0,220.0
2018-05-19,Alexa Grasso,Tatiana Suarez,425.0,-550.0
2018-05-19,Dominick Reyes,Jared Cannonier,-220.0,180.0
2018-05-19,Kamaru Usman,Demian Maia,-525.0,415.0
2018-05-19,Vicente Luque,Chad Laprise,-235.0,195.0
2018-05-19,Alexandre Pantoja,Brandon Moreno,-110.0,-110.0
2018-05-27,Nordine Taleb,Claudio Silva,-400.0,325.0
2018-05-27,Gillian Robertson,Molly McCann,135.0,-155.0
2018-05-27,Neil Magny,Craig White,-750.0,525.0
2018-05-27,Darren Till,Stephen Thompson,130.0,-150.0
2018-05-27,Arnold Allen,Mads Burnell,-245.0,205.0
2018-05-27,Tom Breese,Daniel Kelly,-380.0,315.0
2018-06-01,Belal Muhammad,Chance Rencountre,-450.0,360.0
2018-06-01,Gleison Tibau,Desmond Green,600.0,-1200.0
2018-06-01,Walt Harris,Daniel Spitz,-220.0,180.0
2018-06-01,Sam Alvey,Gian Villante,-155.0,135.0
2018-06-01,Lauren Murphy,Sijara Eubanks,175.0,-210.0
2018-06-01,Nik Lentz,David Teymur,250.0,-300.0
2018-06-01,Jose Torres,Jarred Brooks,-145.0,125.0
2018-06-09,Charles Oliveira,Clay Guida,-140.0,120.0
2018-06-09,Anthony Smith,Rashad Evans,-205.0,188.0
2018-06-09,Yoel Romero,Robert Whittaker,235.0,-275.0
2018-06-09,Colby Covington,Rafael Dos Anjos,-135.0,115.0
2018-06-09,Holly Holm,Megan Anderson,-145.0,125.0
2018-06-09,Curtis Blaydes,Alistair Overeem,-200.0,170.0
2018-06-09,Joseph Benavidez,Sergio Pettis,-200.0,170.0
2018-06-23,Jake Matthews,Shinsho Anzai,-600.0,450.0
2018-06-23,Song Kenan,Hector Aldana,-290.0,245.0
2018-06-23,Yan Xiaonan,Viviane Pereira,145.0,-165.0
2018-06-23,Matt Schnell,Naoki Inoue,165.0,-190.0
2018-06-23,Petr Yan,Teruto Ishihara,-600.0,450.0
2018-06-23,Leon Edwards,Donald Cerrone,-255.0,215.0
2018-06-23,Ovince Saint Preux,Tyson Pedro,125.0,-145.0
2018-06-23,Song Yadong,Felipe Arantes,-115.0,-105.0
2018-06-23,Li Jingliang,Daichi Abe,-245.0,205.0
2018-07-06,Gerald Meerschaert,Oskar Piechota,180.0,-220.0
2018-07-06,Israel Adesanya,Brad Tavares,-115.0,-105.0
2018-07-06,Julian Marquez,Alessio Di Chirico,-135.0,115.0
2018-07-07,Daniel Cormier,Stipe Miocic,140.0,-160.0
2018-07-07,Paulo Costa,Uriah Hall,-290.0,245.0
2018-07-07,Rob Font,Raphael Assuncao,120.0,-140.0
2018-07-07,Gokhan Saki,Khalil Rountree Jr.,-160.0,140.0
2018-07-07,Michael Chiesa,Anthony Pettis,-175.0,155.0
2018-07-07,Gilbert Burns,Dan Hooker,-105.0,-115.0
2018-07-07,Derrick Lewis,Francis Ngannou,255.0,-310.0
2018-07-07,Max Griffin,Curtis Millender,150.0,-170.0
2018-07-07,Mike Perry,Paul Felder,150.0,-170.0
2018-07-14,Mark De La Rosa,Elias Garcia,115.0,-135.0
2018-07-14,Raoni Barcelos,Kurt Holobaugh,145.0,-165.0
2018-07-14,Alexander Volkanovski,Darren Elkins,-220.0,180.0
2018-07-14,Randy Brown,Niko Price,-130.0,110.0
2018-07-14,Said Nurmagomedov,Justin Scoggins,-115.0,-105.0
2018-07-22,Danny Roberts,David Zawada,-210.0,175.0
2018-07-22,Justin Ledet,Aleksandar Rakic,-105.0,-115.0
2018-07-22,Glover Teixeira,Corey Anderson,-120.0,100.0
2018-07-22,Emil Meek,Bartosz Fabinski,-140.0,120.0
2018-07-22,Anthony Smith,Mauricio Rua,130.0,-150.0
2018-07-22,Marcin Tybura,Stefan Struve,-190.0,165.0
2018-07-22,Jeremy Kimball,Darko Stosic,190.0,-230.0
2018-07-28,Jose Aldo,Jeremy Stephens,100.0,-120.0
2018-07-28,Islam Makhachev,Kajan Johnson,-600.0,450.0
2018-07-28,Ion Cutelaba,Gadzhimurad Antigulov,-135.0,115.0
2018-07-28,Jordan Mein,Alex Morono,-150.0,130.0
2018-07-28,Dustin Poirier,Eddie Alvarez,-155.0,135.0
2018-07-28,Dustin Ortiz,Matheus Nicolau,170.0,-200.0
2018-08-04,Kevin Holland,Thiago Santos,280.0,-340.0
2018-08-04,Renato Moicano,Cub Swanson,-300.0,250.0
2018-08-04,Ricky Simon,Montel Jackson,105.0,-125.0
2018-08-04,JJ Aldrich,Polyana Viana,135.0,-155.0
2018-08-04,Pedro Munhoz,Brett Johns,-210.0,175.0
2018-08-04,Jose Torres,Alex Perez,100.0,-120.0
2018-08-04,Henry Cejudo,Demetrious Johnson,375.0,-470.0
2018-08-04,Cody Garbrandt,TJ Dillashaw,105.0,-125.0
2018-08-25,Deiveson Figueiredo,John Moraga,-170.0,150.0
2018-08-25,Warlley Alves,James Krause,-330.0,270.0
2018-08-25,Mickey Gall,George Sullivan,-325.0,295.0
2018-08-25,Bryan Barberena,Jake Ellenberger,-420.0,335.0
2018-08-25,Cory Sandhagen,Iuri Alcantara,-200.0,170.0
2018-08-25,Andre Fili,Michael Johnson,-120.0,100.0
2018-08-25,Angela Hill,Cortney Casey,-135.0,115.0
2018-08-25,Markus Perez,Andrew Sanchez,120.0,-140.0
2018-08-25,Eryk Anders,Tim Williams,-1200.0,775.0
2018-08-25,Drew Dober,Jon Tuck,-240.0,200.0
2018-08-25,Justin Gaethje,James Vick,120.0,-140.0
2018-09-08,Geoff Neal,Frank Camacho,-210.0,175.0
2018-09-08,John Dodson,Jimmie Rivera,130.0,-150.0
2018-09-08,Aljamain Sterling,Cody Stamann,-170.0,150.0
2018-09-08,Abdul Razak Alhassan,Niko Price,-110.0,-110.0
2018-09-08,Irene Aldana,Lucie Pudilova,-110.0,-110.0
2018-09-08,Darren Till,Tyron Woodley,-115.0,-105.0
2018-09-08,Karolina Kowalkiewicz,Jessica Andrade,360.0,-450.0
2018-09-08,Tatiana Suarez,Carla Esparza,-420.0,335.0
2018-09-15,Kajan Johnson,Rustam Khabilov,570.0,-840.0
2018-09-15,Merab Dvalishvili,Terrion Ware,-550.0,425.0
2018-09-15,Ramazan Emeev,Stefan Sekulic,-680.0,490.0
2018-09-15,Marcin Prachnio,Magomed Ankalaev,430.0,-560.0
2018-09-15,Jan Blachowicz,Nikita Krylov,125.0,-145.0
2018-09-15,Petr Yan,Jin Soo Son,-1200.0,775.0
2018-09-22,Sergio Moraes,Ben Saunders,-275.0,235.0
2018-09-22,Charles Oliveira,Christos Giagos,-470.0,375.0
2018-09-22,Elizeu Zaleski dos Santos,Luigi Vendramini,-1000.0,650.0
2018-09-22,Thiago Santos,Eryk Anders,-200.0,170.0
2018-09-22,Gillian Robertson,Mayra Bueno Silva,-140.0,120.0
2018-09-22,Sam Alvey,Rogerio Nogueira,-350.0,290.0
2018-09-22,Ryan Spann,Luis Henrique,-115.0,-105.0
2018-10-06,Ovince Saint Preux,Dominick Reyes,190.0,-230.0
2018-10-06,Derrick Lewis,Alexander Volkov,135.0,-155.0
2018-10-06,Nik Lentz,Gray Maynard,-230.0,190.0
2018-10-06,Jussier Formiga,Sergio Pettis,165.0,-190.0
2018-10-06,Jalin Turner,Vicente Luque,500.0,-700.0
2018-10-27,Jonathan Martinez,Andre Soukhamthath,120.0,-140.0
2018-10-27,Patrick Cummins,Misha Cirkunov,285.0,-345.0
2018-10-27,Anthony Smith,Volkan Oezdemir,140.0,-160.0
2018-10-27,Sean Strickland,Nordine Taleb,100.0,-120.0
2018-10-27,Court McGee,Alex Garcia,205.0,-245.0
2018-10-27,Ed Herman,Gian Villante,195.0,-235.0
2018-11-03,Lyman Good,Ben Saunders,-630.0,465.0
2018-11-03,Jared Cannonier,David Branch,265.0,-325.0
2018-11-03,Karl Roberson,Jack Marshman,-325.0,265.0
2018-11-03,Daniel Cormier,Derrick Lewis,-380.0,315.0
2018-11-03,Derek Brunson,Israel Adesanya,245.0,-290.0
2018-11-03,Chris Weidman,Jacare Souza,-160.0,140.0
2018-11-03,Marcos Rogerio de Lima,Adam Wieczorek,150.0,-170.0
2018-11-10,Raquel Pennington,Germaine de Randamie,180.0,-220.0
2018-11-10,Mark De La Rosa,Joby Sanchez,-230.0,190.0
2018-11-10,Eric Shelton,Joseph Morales,-145.0,125.0
2018-11-10,Davi Ramos,John Gunther,-1000.0,650.0
2018-11-10,Thiago Moises,Beneil Dariush,140.0,-160.0
2018-11-10,Yair Rodriguez,Chan Sung Jung,-130.0,110.0
2018-11-10,Mike Perry,Donald Cerrone,-200.0,170.0
2018-11-10,Maycee Barber,Hannah Cifers,-470.0,375.0
2018-11-17,Marlon Vera,Guido Cannetti,-320.0,260.0
2018-11-17,Santiago Ponzinibbio,Neil Magny,-210.0,175.0
2018-11-17,Johnny Walker,Khalil Rountree Jr.,135.0,-155.0
2018-11-17,Laureano Staropoli,Hector Aldana,100.0,-120.0
2018-11-17,Ian Heinisch,Cezar Ferreira,160.0,-185.0
2018-11-24,Sergei Pavlovich,Alistair Overeem,-135.0,115.0
2018-11-24,Curtis Blaydes,Francis Ngannou,-240.0,200.0
2018-11-24,Song Yadong,Vince Morales,-550.0,425.0
2018-11-24,John Phillips,Kevin Holland,445.0,-590.0
2018-11-24,Li Jingliang,David Zawada,-220.0,180.0
2018-11-24,Yan Xiaonan,Syuri Kondo,-360.0,300.0
2018-11-24,Song Kenan,Alex Morono,-140.0,120.0
2018-11-30,Pedro Munhoz,Bryan Caraway,-290.0,245.0
2018-11-30,Raoni Barcelos,Chris Gutierrez,-550.0,425.0
2018-11-30,Tim Means,Ricky Rainey,-340.0,280.0
2018-11-30,Edmen Shahbazyan,Darren Stewart,-120.0,100.0
2018-11-30,Joseph Benavidez,Alex Perez,100.0,-120.0
2018-11-30,Macy Chiasson,Pannie Kianzad,-105.0,-115.0
2018-11-30,Kamaru Usman,Rafael Dos Anjos,-330.0,270.0
2018-12-01,Ben Nguyen,Wilson Reis,-145.0,125.0
2018-12-01,Jake Matthews,Anthony Rocco Martin,-150.0,130.0
2018-12-01,Kai Kara-France,Elias Garcia,-360.0,300.0
2018-12-01,Paul Craig,Jimmy Crute,245.0,-290.0
2018-12-01,Tyson Pedro,Mauricio Rua,-525.0,415.0
2018-12-08,Dhiego Lima,Chad Laprise,325.0,-400.0
2018-12-08,Max Holloway,Brian Ortega,-110.0,-110.0
2018-12-08,Valentina Shevchenko,Joanna Jedrzejczyk,-300.0,250.0
2018-12-08,Gilbert Burns,Olivier Aubin-Mercier,115.0,-135.0
2018-12-08,Eryk Anders,Elias Theodorou,105.0,-125.0
2018-12-08,Gunnar Nelson,Alex Oliveira,-155.0,135.0
2018-12-08,Devin Clark,Aleksandar Rakic,435.0,-570.0
2018-12-08,Thiago Santos,Jimi Manuwa,-185.0,160.0
2018-12-15,Sergio Pettis,Rob Font,145.0,-165.0
2018-12-15,Kevin Lee,Al Iaquinta,-335.0,275.0
2018-12-15,Charles Oliveira,Jim Miller,-310.0,255.0
2018-12-15,Jack Hermansson,Gerald Meerschaert,-150.0,130.0
2018-12-15,Dan Hooker,Edson Barboza,-115.0,-105.0
2018-12-15,Dwight Grant,Zak Ottow,-270.0,230.0
2018-12-29,Petr Yan,Douglas Silva de Andrade,-350.0,290.0
2018-12-29,Curtis Millender,Siyar Bahadurzada,-150.0,130.0
2018-12-29,Ilir Latifi,Corey Anderson,-130.0,110.0
2018-12-29,Uriah Hall,Bevon Lewis,150.0,-170.0
2018-12-29,Montel Jackson,Brian Kelleher,-175.0,155.0
2018-12-29,Jon Jones,Alexander Gustafsson,-290.0,245.0
2018-12-29,Michael Chiesa,Carlos Condit,-115.0,-105.0
2018-12-29,Alexander Volkanovski,Chad Mendes,120.0,-140.0
2019-01-19,Joseph Benavidez,Dustin Ortiz,-240.0,200.0
2019-01-19,Donald Cerrone,Alexander Hernandez,180.0,-220.0
2019-01-19,Cory Sandhagen,Mario Bautista,-525.0,415.0
2019-01-19,Chance Rencountre,Kyle Stewart,145.0,-165.0
2019-01-19,Karl Roberson,Glover Teixeira,-110.0,-110.0
2019-01-19,Henry Cejudo,TJ Dillashaw,185.0,-225.0
2019-01-19,Geoff Neal,Belal Muhammad,-200.0,170.0
2019-01-19,Alonzo Menifield,Vinicius Moreira,-290.0,245.0
2019-02-02,Said Nurmagomedov,Ricardo Ramos,150.0,-170.0
2019-02-02,Max Griffin,Thiago Alves,-185.0,160.0
2019-02-02,Jose Aldo,Renato Moicano,-110.0,-110.0
2019-02-02,Justin Ledet,Johnny Walker,195.0,-235.0
2019-02-02,Charles Oliveira,David Teymur,-120.0,100.0
2019-02-02,Lyman Good,Demian Maia,170.0,-200.0
2019-02-02,Anthony Hernandez,Markus Perez,-135.0,115.0
2019-02-09,Ricky Simon,Rani Yahya,-105.0,-115.0
2019-02-09,Jimmy Crute,Sam Alvey,-145.0,125.0
2019-02-09,Kai Kara-France,Raulian Paiva,-265.0,220.0
2019-02-09,Jalin Turner,Callan Potter,-230.0,190.0
2019-02-09,Israel Adesanya,Anderson Silva,-515.0,410.0
2019-02-17,Nik Lentz,Scott Holtzman,140.0,-160.0
2019-02-17,Vicente Luque,Bryan Barberena,-470.0,375.0
2019-02-17,Aljamain Sterling,Jimmie Rivera,115.0,-135.0
2019-02-17,Andre Fili,Myles Jury,130.0,-150.0
2019-02-23,John Dodson,Petr Yan,225.0,-265.0
2019-02-23,Michal Oleksiejczuk,Gian Villante,-220.0,180.0
2019-02-23,Marcos Rogerio de Lima,Stefan Struve,-105.0,-115.0
2019-02-23,Jan Blachowicz,Thiago Santos,110.0,-130.0
2019-02-23,Magomed Ankalaev,Klidson Abreu,-210.0,175.0
2019-02-23,Joel Alvarez,Damir Ismagulov,265.0,-325.0
2019-02-23,Ismail Naurdiev,Michel Prazeres,375.0,-470.0
2019-03-02,Cody Garbrandt,Pedro Munhoz,-160.0,140.0
2019-03-02,Mickey Gall,Diego Sanchez,-240.0,200.0
2019-03-02,Tyron Woodley,Kamaru Usman,-190.0,165.0
2019-03-02,Edmen Shahbazyan,Charles Byrd,-150.0,130.0
2019-03-02,Johnny Walker,Misha Cirkunov,-175.0,155.0
2019-03-02,Macy Chiasson,Gina Mazany,-525.0,415.0
2019-03-02,Jon Jones,Anthony Smith,-800.0,550.0
2019-03-09,Sergio Moraes,Anthony Rocco Martin,200.0,-240.0
2019-03-09,Drew Dober,Beneil Dariush,180.0,-220.0
2019-03-09,Curtis Millender,Elizeu Zaleski dos Santos,-120.0,100.0
2019-03-09,Tim Means,Niko Price,-210.0,175.0
2019-03-09,Derrick Lewis,Junior Dos Santos,200.0,-240.0
2019-03-09,Matt Schnell,Louis Smolka,110.0,-130.0
2019-03-09,Alex Morono,Zak Ottow,-175.0,155.0
2019-03-16,Arnold Allen,Jordan Rinaldi,-150.0,130.0
2019-03-16,Nicolae Negumereanu,Saparbeg Safarov,-170.0,150.0
2019-03-16,Jorge Masvidal,Darren Till,185.0,-225.0
2019-03-16,Gunnar Nelson,Leon Edwards,120.0,-140.0
2019-03-16,Dominick Reyes,Volkan Oezdemir,-260.0,220.0
2019-03-16,Jack Marshman,John Phillips,-135.0,115.0
2019-03-16,Molly McCann,Priscila Cachoeira,-175.0,155.0
2019-03-16,Claudio Silva,Danny Roberts,-150.0,130.0
2019-03-23,Marlon Vera,Frankie Saenz,-170.0,150.0
2019-03-23,Maycee Barber,JJ Aldrich,-275.0,235.0
2019-03-23,Jordan Espinosa,Eric Shelton,110.0,-130.0
2019-03-23,Chris Gutierrez,Ryan MacDonald,-320.0,260.0
2019-03-23,Jussier Formiga,Deiveson Figueiredo,150.0,-170.0
2019-03-23,Angela Hill,Randa Markos,-155.0,135.0
2019-03-23,Curtis Blaydes,Justin Willis,-275.0,235.0
2019-03-23,Stephen Thompson,Anthony Pettis,-430.0,345.0
2019-03-30,Marina Rodriguez,Jessica Aguilar,-350.0,290.0
2019-03-30,Kennedy Nzechukwu,Paul Craig,-185.0,160.0
2019-03-30,Alex Perez,Mark De La Rosa,-365.0,328.0
2019-03-30,David Branch,Jack Hermansson,130.0,-150.0
2019-03-30,Justin Gaethje,Edson Barboza,100.0,-120.0
2019-03-30,Josh Emmett,Michael Johnson,130.0,-150.0
2019-03-30,Gerald Meerschaert,Kevin Holland,185.0,-225.0
2019-04-13,Kelvin Gastelum,Israel Adesanya,150.0,-170.0
2019-04-13,Montel Jackson,Andre Soukhamthath,-600.0,450.0
2019-04-13,Dwight Grant,Alan Jouban,-130.0,110.0
2019-04-13,Max Griffin,Zelim Imadaev,110.0,-130.0
2019-04-13,Khalil Rountree Jr.,Eryk Anders,160.0,-185.0
2019-04-13,Curtis Millender,Belal Muhammad,135.0,-155.0
2019-04-13,Nikita Krylov,Ovince Saint Preux,-135.0,115.0
2019-04-13,Jalin Turner,Matt Frevola,-165.0,145.0
2019-04-13,Alexandre Pantoja,Wilson Reis,-170.0,150.0
2019-04-13,Dustin Poirier,Max Holloway,180.0,-220.0
2019-04-20,Rafael Fiziev,Magomed Mustafaev,-140.0,120.0
2019-04-20,Sergei Pavlovich,Marcelo Golm,-300.0,250.0
2019-04-20,Michal Oleksiejczuk,Gadzhimurad Antigulov,-220.0,180.0
2019-04-20,Alexander Yakovlev,Alex Da Silva,-150.0,130.0
2019-04-20,Arman Tsarukyan,Islam Makhachev,260.0,-320.0
2019-04-20,Movsar Evloev,SeungWoo Choi,-440.0,350.0
2019-04-20,Krzysztof Jotko,Alen Amedovski,-230.0,190.0
2019-04-20,Marcin Tybura,Shamil Abdurakhimov,-135.0,115.0
2019-04-27,Jack Hermansson,Jacare Souza,185.0,-225.0
2019-04-27,Mike Perry,Alex Oliveira,145.0,-165.0
2019-04-27,Angela Hill,Jodie Esquibel,-610.0,455.0
2019-04-27,Takashi Sato,Ben Saunders,-230.0,190.0
2019-04-27,Cory Sandhagen,John Lineker,135.0,-155.0
2019-04-27,Dhiego Lima,Court McGee,130.0,-150.0
2019-04-27,Virna Jandiroba,Carla Esparza,110.0,-130.0
2019-04-27,Gilbert Burns,Mike Davis,-245.0,205.0
2019-04-27,Ion Cutelaba,Glover Teixeira,100.0,-120.0
2019-05-04,Marc-Andre Barriault,Andrew Sanchez,140.0,-160.0
2019-05-04,Vince Morales,Aiemann Zahabi,155.0,-175.0
2019-05-04,Merab Dvalishvili,Brad Katona,-160.0,140.0
2019-05-04,Donald Cerrone,Al Iaquinta,110.0,-130.0
2019-05-04,Walt Harris,Serghei Spivac,-165.0,145.0
2019-05-04,Nordine Taleb,Kyle Prepolec,-420.0,335.0
2019-05-04,Derek Brunson,Elias Theodorou,-110.0,-110.0
2019-05-04,Macy Chiasson,Sarah Moras,-700.0,500.0
2019-05-11,Thiago Moises,Kurt Holobaugh,-125.0,105.0
2019-05-11,Luana Carolina,Priscila Cachoeira,-170.0,150.0
2019-05-11,Laureano Staropoli,Thiago Alves,105.0,-125.0
2019-05-11,Raoni Barcelos,Carlos Huachin,-1100.0,700.0
2019-05-11,Rose Namajunas,Jessica Andrade,120.0,-140.0
2019-05-11,Ryan Spann,Rogerio Nogueira,-125.0,105.0
2019-05-11,Alexander Volkanovski,Jose Aldo,125.0,-145.0
2019-05-11,Warlley Alves,Sergio Moraes,-135.0,115.0
2019-05-11,Anderson Silva,Jared Cannonier,115.0,-135.0
2019-05-11,Irene Aldana,Bethe Correia,-400.0,325.0
2019-05-18,Ian Heinisch,Antonio Carlos Junior,140.0,-160.0
2019-05-18,Davi Ramos,Austin Hubbard,-550.0,425.0
2019-05-18,Charles Oliveira,Nik Lentz,-420.0,335.0
2019-05-18,Vicente Luque,Derrick Krantz,-1100.0,700.0
2019-05-18,Kevin Lee,Rafael Dos Anjos,-150.0,130.0
2019-05-18,Danny Roberts,Michel Pereira,-250.0,210.0
2019-05-18,Trevin Giles,Zak Cummings,-200.0,170.0
2019-05-18,Ed Herman,Patrick Cummins,220.0,-260.0
2019-06-01,Anthony Smith,Alexander Gustafsson,260.0,-320.0
2019-06-01,Jimi Manuwa,Aleksandar Rakic,215.0,-255.0
2019-06-01,Devin Clark,Darko Stosic,-110.0,-110.0
2019-06-01,Joel Alvarez,Danilo Belluardo,-105.0,-115.0
2019-06-08,Henry Cejudo,Marlon Moraes,145.0,-165.0
2019-06-08,Angela Hill,Yan Xiaonan,180.0,-220.0
2019-06-08,Karolina Kowalkiewicz,Alexa Grasso,105.0,-125.0
2019-06-08,Petr Yan,Jimmie Rivera,-360.0,300.0
2019-06-08,Aljamain Sterling,Pedro Munhoz,-160.0,140.0
2019-06-08,Valentina Shevchenko,Jessica Eye,-1100.0,700.0
2019-06-08,Donald Cerrone,Tony Ferguson,175.0,-210.0
2019-06-22,Randy Brown,Bryan Barberena,195.0,-235.0
2019-06-22,Alessio Di Chirico,Kevin Holland,190.0,-230.0
2019-06-22,Renato Moicano,Chan Sung Jung,-220.0,180.0
2019-06-29,Drew Dober,Marco Polo Reyes,-430.0,345.0
2019-06-29,Alonzo Menifield,Paul Craig,-350.0,290.0
2019-06-29,Eryk Anders,Vinicius Moreira,-300.0,250.0
2019-06-29,Dalcha Lungiambula,Dequan Townsend,-420.0,335.0
2019-06-29,Amanda Ribas,Emily Whitmire,155.0,-175.0
2019-06-29,Joseph Benavidez,Jussier Formiga,-125.0,105.0
2019-07-06,Michael Chiesa,Diego Sanchez,-380.0,315.0
2019-07-06,Arnold Allen,Gilbert Melendez,-320.0,260.0
2019-07-06,Thiago Santos,Jon Jones,485.0,-670.0
2019-07-06,Marlon Vera,Nohelin Hernandez,-470.0,375.0
2019-07-06,Chance Rencountre,Ismail Naurdiev,435.0,-570.0
2019-07-06,Amanda Nunes,Holly Holm,-360.0,300.0
2019-07-06,Jorge Masvidal,Ben Askren,180.0,-220.0
2019-07-06,Julia Avila,Pannie Kianzad,-250.0,210.0
2019-07-06,Edmen Shahbazyan,Jack Marshman,-570.0,480.0
2019-07-06,Song Yadong,Alejandro Perez,-225.0,185.0
2019-07-06,Jan Blachowicz,Luke Rockhold,220.0,-260.0
2019-07-13,Marvin Vettori,Cezar Ferreira,-220.0,180.0
2019-07-13,Karl Roberson,Wellington Turman,-220.0,180.0
2019-07-13,Andre Fili,Sheymon Moraes,-160.0,140.0
2019-07-13,Josh Emmett,Mirsad Bektic,150.0,-170.0
2019-07-13,Vince Morales,Benito Lopez,-105.0,-105.0
2019-07-13,Ricky Simon,Urijah Faber,-355.0,320.0
2019-07-13,Julianna Peña,Nicco Montano,-250.0,210.0
2019-07-20,Mario Bautista,Jin Soo Son,150.0,-170.0
2019-07-20,Klidson Abreu,Sam Alvey,-165.0,145.0
2019-07-20,Leon Edwards,Rafael Dos Anjos,-110.0,-110.0
2019-07-20,Dan Hooker,James Vick,-125.0,105.0
2019-07-20,Walt Harris,Aleksei Oleinik,-150.0,130.0
2019-07-20,Raquel Pennington,Irene Aldana,115.0,-135.0
2019-07-27,Geoff Neal,Niko Price,-335.0,275.0
2019-07-27,Deiveson Figueiredo,Alexandre Pantoja,120.0,-140.0
2019-07-27,Max Holloway,Frankie Edgar,-335.0,275.0
2019-07-27,Gillian Robertson,Sarah Frota,-150.0,130.0
2019-07-27,Arman Tsarukyan,Olivier Aubin-Mercier,-165.0,145.0
2019-08-03,Darko Stosic,Kennedy Nzechukwu,-120.0,100.0
2019-08-03,Mickey Gall,Salim Touahri,100.0,-120.0
2019-08-03,Colby Covington,Robbie Lawler,-300.0,250.0
2019-08-03,Claudio Silva,Cole Williams,-550.0,425.0
2019-08-03,Lauren Murphy,Mara Romero Borella,180.0,-220.0
2019-08-03,Jordan Espinosa,Matt Schnell,-155.0,145.0
2019-08-03,Hannah Goldy,Miranda Granger,-115.0,-105.0
2019-08-03,Trevin Giles,Gerald Meerschaert,-170.0,150.0
2019-08-10,Valentina Shevchenko,Liz Carmouche,-1100.0,700.0
2019-08-10,Rodolfo Vieira,Oskar Piechota,-225.0,185.0
2019-08-10,Gilbert Burns,Aleksei Kunchenko,120.0,-140.0
2019-08-10,Rogerio Bontorin,Raulian Paiva,100.0,-120.0
2019-08-10,Volkan Oezdemir,Ilir Latifi,-190.0,165.0
2019-08-10,Chris Gutierrez,Geraldo de Freitas,155.0,-175.0
2019-08-17,Paulo Costa,Yoel Romero,145.0,-165.0
2019-08-17,Nate Diaz,Anthony Pettis,100.0,-120.0
2019-08-17,Cory Sandhagen,Raphael Assuncao,-260.0,220.0
2019-08-17,Daniel Cormier,Stipe Miocic,-145.0,125.0
2019-08-17,Ian Heinisch,Derek Brunson,-160.0,140.0
2019-08-31,Zhang Weili,Jessica Andrade,170.0,-200.0
2019-08-31,JunYong Park,Anthony Hernandez,125.0,-145.0
2019-08-31,Thiago Moises,Damir Ismagulov,180.0,-220.0
2019-08-31,Karol Rosa,Lara Procopio,-115.0,-105.0
2019-08-31,Mark De La Rosa,Kai Kara-France,160.0,-185.0
2019-09-07,Dustin Poirier,Khabib Nurmagomedov,325.0,-400.0
2019-09-07,Belal Muhammad,Takashi Sato,-390.0,320.0
2019-09-07,Islam Makhachev,Davi Ramos,-380.0,315.0
2019-09-07,Curtis Blaydes,Shamil Abdurakhimov,-550.0,425.0
2019-09-07,Nordine Taleb,Muslim Salikhov,-130.0,110.0
2019-09-14,Marcin Tybura,Augusto Sakai,105.0,-125.0
2019-09-14,Donald Cerrone,Justin Gaethje,160.0,-185.0
2019-09-14,Michel Pereira,Tristan Connelly,-460.0,365.0
2019-09-14,Jimmy Crute,Misha Cirkunov,-115.0,-105.0
2019-09-14,Louis Smolka,Ryan MacDonald,-230.0,190.0
2019-09-14,Uriah Hall,Antonio Carlos Junior,230.0,-270.0
2019-09-14,Nikita Krylov,Glover Teixeira,-105.0,-115.0
2019-09-21,Angela Hill,Ariane Carnelossi,-105.0,-115.0
2019-09-21,Alexa Grasso,Carla Esparza,-145.0,125.0
2019-09-21,Sergio Pettis,Tyson Nam,-300.0,250.0
2019-09-21,Vinicius Moreira,Paul Craig,100.0,-120.0
2019-09-21,Irene Aldana,Vanessa Melo,-525.0,415.0
2019-09-28,Macy Chiasson,Lina Lansberg,-430.0,345.0
2019-09-28,Michal Oleksiejczuk,Ovince Saint Preux,-290.0,245.0
2019-09-28,Jack Hermansson,Jared Cannonier,-275.0,235.0
2019-09-28,Ismail Naurdiev,Siyar Bahadurzada,-230.0,190.0
2019-09-28,Nicolas Dalby,Alex Oliveira,135.0,-155.0
2019-09-28,John Phillips,Alen Amedovski,110.0,-130.0
2019-09-28,Ion Cutelaba,Khalil Rountree Jr.,-105.0,-115.0
2019-09-28,Gunnar Nelson,Gilbert Burns,-105.0,-115.0
2019-09-28,Alessio Di Chirico,Makhmud Muradov,145.0,-165.0
2019-10-05,Israel Adesanya,Robert Whittaker,-130.0,110.0
2019-10-05,Dhiego Lima,Luke Jumeau,-140.0,120.0
2019-10-05,Jake Matthews,Rostem Akman,-470.0,375.0
2019-10-05,Serghei Spivac,Tai Tuivasa,270.0,-330.0
2019-10-05,Bruno Silva,Khalid Taha,180.0,-220.0
2019-10-05,Dan Hooker,Al Iaquinta,-135.0,115.0
2019-10-12,JJ Aldrich,Lauren Mueller,-150.0,130.0
2019-10-12,Gerald Meerschaert,Eryk Anders,120.0,-140.0
2019-10-12,Marvin Vettori,Andrew Sanchez,-370.0,310.0
2019-10-12,Max Griffin,Alex Morono,-145.0,125.0
2019-10-12,Marlon Vera,Andre Ewell,-140.0,120.0
2019-10-12,Tim Elliott,Deiveson Figueiredo,155.0,-175.0
2019-10-12,Mackenzie Dern,Amanda Ribas,-185.0,160.0
2019-10-12,Devin Clark,Ryan Spann,155.0,-175.0
2019-10-18,Gillian Robertson,Maycee Barber,150.0,-170.0
2019-10-18,Brendan Allen,Kevin Holland,135.0,-155.0
2019-10-18,Chris Weidman,Dominick Reyes,170.0,-200.0
2019-10-18,Court McGee,Sean Brady,150.0,-170.0
2019-10-18,Molly McCann,Diana Belbita,-640.0,470.0
2019-10-18,Yair Rodriguez,Jeremy Stephens,-140.0,120.0
2019-10-26,Sergei Pavlovich,Maurice Greene,-240.0,200.0
2019-10-26,Movsar Evloev,Enrique Barzola,-200.0,170.0
2019-10-26,Ciryl Gane,Don'Tale Mayes,-325.0,265.0
2019-10-26,Demian Maia,Ben Askren,140.0,-160.0
2019-10-26,Rafael Fiziev,Alex White,-190.0,165.0
2019-10-26,Laureano Staropoli,Muslim Salikhov,145.0,-165.0
2019-10-26,Beneil Dariush,Frank Camacho,-185.0,160.0
2019-11-02,Jorge Masvidal,Nate Diaz,-155.0,135.0
2019-11-02,Darren Till,Kelvin Gastelum,170.0,-200.0
2019-11-02,Johnny Walker,Corey Anderson,-175.0,155.0
2019-11-02,Kevin Lee,Gregor Gillespie,150.0,-170.0
2019-11-02,Chance Rencountre,Lyman Good,-105.0,-115.0
2019-11-02,Stephen Thompson,Vicente Luque,-115.0,-105.0
2019-11-02,Derrick Lewis,Blagoy Ivanov,-115.0,-105.0
2019-11-02,Brad Tavares,Edmen Shahbazyan,160.0,-185.0
2019-11-09,Danny Roberts,Zelim Imadaev,200.0,-240.0
2019-11-09,Khadis Ibragimov,Ed Herman,-235.0,195.0
2019-11-09,Alexander Yakovlev,Roosevelt Roberts,110.0,-130.0
2019-11-09,Dalcha Lungiambula,Magomed Ankalaev,270.0,-330.0
2019-11-09,Karl Roberson,Roman Kopylov,125.0,-145.0
2019-11-09,Klidson Abreu,Shamil Gamzatov,125.0,-145.0
2019-11-16,Markus Perez,Wellington Turman,135.0,-155.0
2019-11-16,Tracy Cortez,Vanessa Melo,-235.0,195.0
2019-11-16,Andre Muniz,Antonio Arroyo,-125.0,105.0
2019-11-16,Sergio Moraes,James Krause,170.0,-200.0
2019-11-16,Randy Brown,Warlley Alves,115.0,-135.0
2019-11-16,Jacare Souza,Jan Blachowicz,140.0,-160.0
2019-11-16,Charles Oliveira,Jared Gordon,-390.0,320.0
2019-12-07,Virna Jandiroba,Mallory Martin,-255.0,215.0
2019-12-07,Tim Means,Thiago Alves,-265.0,225.0
2019-12-07,Ricky Simon,Rob Font,125.0,-145.0
2019-12-07,Makhmud Muradov,Trevor Smith,-500.0,400.0
2019-12-14,Ian Heinisch,Omari Akhmedov,-115.0,-105.0
2019-12-14,Kamaru Usman,Colby Covington,-190.0,165.0
2019-12-14,Punahele Soriano,Oskar Piechota,-125.0,105.0
2019-12-14,Jose Aldo,Marlon Moraes,145.0,-165.0
2019-12-14,Alexander Volkanovski,Max Holloway,170.0,-200.0
2019-12-14,Ketlen Vieira,Irene Aldana,-240.0,200.0
2019-12-14,Geoff Neal,Mike Perry,-300.0,250.0
2019-12-14,Amanda Nunes,Germaine de Randamie,-460.0,365.0
2019-12-21,Alexandre Pantoja,Matt Schnell,-181.0,159.0
2019-12-21,Amanda Lemos,Miranda Granger,234.0,-303.0
2019-12-21,Raoni Barcelos,Said Nurmagomedov,-151.0,129.0
2019-12-21,Volkan Oezdemir,Aleksandar Rakic,145.0,-175.0
2019-12-21,Ciryl Gane,Tanner Boser,-641.0,484.0
2020-01-18,Holly Holm,Raquel Pennington,-125.0,105.0
2020-01-18,Justin Ledet,Aleksa Camur,105.0,-115.0
2020-01-18,Maycee Barber,Roxanne Modafferi,-830.0,655.0
2020-01-18,Drew Dober,Nasrat Haqparast,290.0,-320.0
2020-01-18,Andre Fili,Sodiq Yusuff,125.0,-135.0
2020-01-18,Askar Askarov,Tim Elliott,-140.0,130.0
2020-01-18,Donald Cerrone,Conor McGregor,275.0,-305.0
2020-01-18,JJ Aldrich,Sabina Mazo,-105.0,-105.0
2020-01-25,Jordan Espinosa,Alex Perez,210.0,-250.0
2020-01-25,Jamahal Hill,Darko Stosic,-135.0,115.0
2020-01-25,Michael Chiesa,Rafael Dos Anjos,185.0,-225.0
2020-01-25,Nik Lentz,Arnold Allen,195.0,-235.0
2020-01-25,Curtis Blaydes,Junior Dos Santos,-280.0,240.0
2020-01-25,Angela Hill,Hannah Cifers,-220.0,180.0
2020-01-25,Montel Jackson,Felipe Colares,-700.0,500.0
2020-02-08,Mario Bautista,Miles Johns,112.0,-132.0
2020-02-08,Ilir Latifi,Derrick Lewis,185.0,-225.0
2020-02-08,Jon Jones,Dominick Reyes,-460.0,365.0
2020-02-08,Lauren Murphy,Andrea Lee,260.0,-320.0
2020-02-08,Jonathan Martinez,Andre Ewell,113.0,-133.0
2020-02-08,Trevin Giles,James Krause,-170.0,130.0
2020-02-15,Michel Pereira,Diego Sanchez,-155.0,135.0
2020-02-15,Daniel Rodriguez,Tim Means,285.0,-345.0
2020-02-15,John Dodson,Nathaniel Wood,130.0,-150.0
2020-02-15,Corey Anderson,Jan Blachowicz,-235.0,195.0
2020-02-15,Mark De La Rosa,Raulian Paiva,205.0,-245.0
2020-02-15,Devin Clark,Dequan Townsend,-400.0,325.0
2020-02-15,Rogerio Bontorin,Ray Borg,130.0,-150.0
2020-02-15,Macy Chiasson,Shanna Young,-800.0,550.0
2020-02-15,Merab Dvalishvili,Casey Kenney,-170.0,150.0
2020-02-22,Dan Hooker,Paul Felder,-150.0,130.0
2020-02-22,Marcos Rogerio de Lima,Ben Sosoli,-150.0,130.0
2020-02-22,Jake Matthews,Emil Meek,-200.0,170.0
2020-02-22,Priscila Cachoeira,Shana Dobson,180.0,-220.0
2020-02-22,Karolina Kowalkiewicz,Yan Xiaonan,225.0,-265.0
2020-02-22,Song Kenan,Callan Potter,-200.0,170.0
2020-02-22,Loma Lookboonmee,Angela Hill,155.0,-175.0
2020-02-29,Ion Cutelaba,Magomed Ankalaev,185.0,-225.0
2020-02-29,Steve Garcia,Luis Pena,230.0,-270.0
2020-02-29,Aalon Cruz,Spike Carlyle,-190.0,165.0
2020-02-29,Sean Brady,Ismail Naurdiev,105.0,-125.0
2020-02-29,Norma Dumont,Megan Anderson,205.0,-245.0
2020-02-29,Joseph Benavidez,Deiveson Figueiredo,-150.0,130.0
2020-02-29,Kyler Phillips,Gabriel Silva,110.0,-130.0
2020-02-29,Marcin Tybura,Serghei Spivac,100.0,-120.0
2020-02-29,Brendan Allen,Tom Breese,110.0,-130.0
2020-03-07,Israel Adesanya,Yoel Romero,-260.0,240.0
2020-03-07,Sean O'Malley,Jose Quinonez,-330.0,300.0
2020-03-07,Li Jingliang,Neil Magny,-167.0,157.0
2020-03-07,Gerald Meerschaert,Deron Winn,125.0,-135.0
2020-03-07,Rodolfo Vieira,Saparbeg Safarov,-570.0,480.0
2020-03-07,Beneil Dariush,Drakkar Klose,-162.0,152.0
2020-03-07,Max Griffin,Alex Oliveira,115.0,-125.0
2020-03-14,Mayra Bueno Silva,Maryna Moroz,-140.0,130.0
2020-03-14,Jussier Formiga,Brandon Moreno,-150.0,140.0
2020-03-14,Amanda Ribas,Randa Markos,-345.0,315.0
2020-03-14,Kevin Lee,Charles Oliveira,-145.0,135.0
2020-03-14,Demian Maia,Gilbert Burns,160.0,-170.0
2020-03-14,Bruno Silva,David Dvorak,-110.0,100.0
2020-03-14,Nikita Krylov,Johnny Walker,127.0,-137.0
2020-03-14,Renato Moicano,Damir Hadzovic,-345.0,315.0
2020-05-09,Vicente Luque,Niko Price,-290.0,245.0
2020-05-09,Sam Alvey,Ryan Spann,335.0,-420.0
2020-05-09,Justin Gaethje,Tony Ferguson,158.0,-180.0
2020-05-09,Henry Cejudo,Dominick Cruz,-225.0,185.0
2020-05-09,Donald Cerrone,Anthony Pettis,115.0,-135.0
2020-05-13,Thiago Moises,Michael Johnson,-110.0,-110.0
2020-05-13,Anthony Smith,Glover Teixeira,-175.0,155.0
2020-05-13,Ricky Simon,Ray Borg,-170.0,150.0
2020-05-13,Ovince Saint Preux,Ben Rothwell,-132.0,112.0
2020-05-13,Drew Dober,Alexander Hernandez,-120.0,100.0
2020-05-13,Omar Morales,Gabriel Benitez,-185.0,160.0
2020-05-16,Krzysztof Jotko,Eryk Anders,-105.0,-105.0
2020-05-16,Song Yadong,Marlon Vera,-200.0,170.0
2020-05-16,Angela Hill,Claudia Gadelha,215.0,-255.0
2020-05-16,Walt Harris,Alistair Overeem,-155.0,135.0
2020-05-16,Anthony Hernandez,Kevin Holland,-110.0,-110.0
2020-05-30,Mackenzie Dern,Hannah Cifers,-420.0,335.0
2020-05-30,Gabe Green,Daniel Rodriguez,275.0,-335.0
2020-05-30,Louis Smolka,Casey Kenney,230.0,-270.0
2020-05-30,Chris Gutierrez,Vince Morales,-110.0,-110.0
2020-05-30,Tim Elliott,Brandon Royval,-162.0,142.0
2020-05-30,Jamahal Hill,Klidson Abreu,-117.0,-103.0
2020-05-30,Gilbert Burns,Tyron Woodley,150.0,-170.0
2020-06-06,Amanda Nunes,Felicia Spencer,-600.0,450.0
2020-06-06,Aljamain Sterling,Cory Sandhagen,-115.0,-105.0
2020-06-06,Devin Clark,Alonzo Menifield,185.0,-225.0
2020-06-06,Sean O'Malley,Eddie Wineland,-500.0,400.0
2020-06-06,Jussier Formiga,Alex Perez,115.0,-135.0
2020-06-06,Cody Garbrandt,Raphael Assuncao,-140.0,120.0
2020-06-06,Gerald Meerschaert,Ian Heinisch,110.0,-130.0
2020-06-06,Neil Magny,Anthony Rocco Martin,-135.0,115.0
2020-06-13,Christian Aguilera,Anthony Ivy,170.0,-185.0
2020-06-13,Merab Dvalishvili,Gustavo Lopez,-800.0,635.0
2020-06-13,Jordan Espinosa,Mark De La Rosa,-167.0,157.0
2020-06-13,Andre Fili,Charles Jourdain,-220.0,200.0
2020-06-13,Julia Avila,Gina Mazany,-575.0,485.0
2020-06-13,Marvin Vettori,Karl Roberson,-230.0,210.0
2020-06-20,Lyman Good,Belal Muhammad,110.0,-130.0
2020-06-20,Gillian Robertson,Cortney Casey,-120.0,100.0
2020-06-20,Curtis Blaydes,Alexander Volkov,-400.0,325.0
2020-06-20,Raquel Pennington,Marion Reneau,-160.0,140.0
2020-06-20,Josh Emmett,Shane Burgos,120.0,-140.0
2020-06-20,Marc-Andre Barriault,Oskar Piechota,100.0,-120.0
2020-06-20,Lauren Murphy,Roxanne Modafferi,105.0,-125.0
2020-06-27,Dan Hooker,Dustin Poirier,180.0,-225.0
2020-06-27,Mickey Gall,Mike Perry,235.0,-315.0
2020-06-27,Takashi Sato,Jason Witt,-278.0,215.0
2020-06-27,Brendan Allen,Kyle Daukaus,-305.0,235.0
2020-06-27,Youssef Zalal,Jordan Griffin,-114.0,-106.0
2020-07-11,Jiří Procházka,Volkan Oezdemir,129.0,-159.0
2020-07-11,Marcin Tybura,Maxim Grishin,-112.0,-112.0
2020-07-11,Alexander Volkanovski,Max Holloway,-210.0,170.0
2020-07-11,Jorge Masvidal,Kamaru Usman,190.0,-240.0
2020-07-11,Petr Yan,Jose Aldo,-215.0,175.0
2020-07-11,Jéssica Andrade,Rose Namajunas,175.0,-215.0
2020-07-11,Amanda Ribas,Paige VanZant,-770.0,500.0
2020-07-11,Karol Rosa,Vanessa Melo,-250.0,195.0
2020-07-11,Elizeu Zaleski dos Santos,Muslim Salikhov,108.0,-134.0
2020-07-15,Modestas Bukauskas,Andreas Michailidis,-177.0,140.0
2020-07-15,John Phillips,Khamzat Chimaev,271.0,-375.0
2020-07-15,Molly McCann,Taila Santos,-152.0,120.0
2020-07-15,Tim Elliott,Ryan Benoit,-141.0,112.0
2020-07-15,Mounir Lazzez,Abdul Razak Alhassan,260.0,-345.0
2020-07-15,Lerone Murphy,Ricardo Ramos,130.0,-162.0
2020-07-18,Montel Jackson,Brett Johns,-215.0,170.0
2020-07-18,Kelvin Gastelum,Jack Hermansson,-112.0,-112.0
2020-07-18,Rafael Fiziev,Marc Diakiese,135.0,-167.0
2020-07-18,Roman Dolidze,Khadis Ibragimov,-167.0,135.0
2020-07-18,Serghei Spivac,Carlos Felipe,-177.0,140.0
2020-07-18,Amir Albazi,Malcolm Gordon,-167.0,135.0
2020-07-18,Askar Askarov,Alexandre Pantoja,165.0,-210.0
2020-07-18,Arman Tsarukyan,Davi Ramos,-200.0,160.0
2020-07-18,Joseph Benavidez,Deiveson Figueiredo,180.0,-225.0
2020-07-18,Joel Alvarez,Joe Duffy,250.0,-335.0
2020-07-25,Movsar Evloev,Mike Grundy,-200.0,161.0
2020-07-25,Paul Craig,Gadzhimurad Antigulov,-137.0,110.0
2020-07-25,Marina Rodriguez,Carla Esparza,-182.0,145.0
2020-07-25,Rhys McKee,Khamzat Chimaev,700.0,-1250.0
2020-07-25,Tom Aspinall,Jake Collier,-278.0,220.0
2020-07-25,Ramazan Emeev,Niklas Stolze,-400.0,300.0
2020-07-25,Robert Whittaker,Darren Till,-130.0,107.0
2020-07-25,Nicolas Dalby,Jesse Ronson,-265.0,205.0
2020-07-25,Alexander Gustafsson,Fabricio Werdum,-335.0,260.0
2020-07-25,Peter Sobotta,Alex Oliveira,145.0,-182.0
2020-08-01,Jonathan Martinez,Frankie Saenz,-250.0,200.0
2020-08-01,Nate Maness,Johnny Munoz,-137.0,110.0
2020-08-01,Vicente Luque,Randy Brown,-200.0,160.0
2020-08-01,Derek Brunson,Edmen Shahbazyan,275.0,-360.0
2020-08-08,Chris Weidman,Omari Akhmedov,-141.0,115.0
2020-08-08,Derrick Lewis,Aleksei Oleinik,-200.0,160.0
2020-08-08,Beneil Dariush,Scott Holtzman,-200.0,160.0
2020-08-08,Kevin Holland,Joaquin Buckley,-455.0,333.0
2020-08-08,Laureano Staropoli,Tim Means,-150.0,120.0
2020-08-08,Andrew Sanchez,Wellington Turman,130.0,-162.0
2020-08-08,Youssef Zalal,Peter Barrett,-480.0,340.0
2020-08-15,Daniel Cormier,Stipe Miocic,-112.0,-106.0
2020-08-15,Merab Dvalishvili,John Dodson,-240.0,188.0
2020-08-15,Chris Daukaus,Parker Porter,-106.0,-118.0
2020-08-15,Marlon Vera,Sean O'Malley,240.0,-305.0
2020-08-15,Virna Jandiroba,Felice Herrig,-315.0,240.0
2020-08-22,Pedro Munhoz,Frankie Edgar,-278.0,225.0
2020-08-22,Jordan Wright,Ike Villanueva,-129.0,104.0
2020-08-22,Daniel Rodriguez,Dwight Grant,-230.0,180.0
2020-08-22,Marcin Prachnio,Mike Rodriguez,188.0,-240.0
2020-08-22,Matthew Semelsberger,Carlton Minus,-106.0,-118.0
2020-08-29,Aleksandar Rakić,Anthony Smith,-278.0,225.0
2020-08-29,Alessio Di Chirico,Zak Cummings,-114.0,-109.0
2020-08-29,Alexa Grasso,Ji Yeon Kim,-315.0,230.0
2020-08-29,Neil Magny,Robbie Lawler,-250.0,200.0
2020-08-29,Impa Kasanganay,Maki Pitolo,-139.0,115.0
2020-08-29,Sean Brady,Christian Aguilera,-455.0,330.0
2020-09-05,Ovince Saint Preux,Alonzo Menifield,110.0,-134.0
2020-09-05,Andre Muniz,Bartosz Fabinski,132.0,-165.0
2020-09-05,Michel Pereira,Zelim Imadaev,-112.0,-112.0
2020-09-12,Julia Avila,Sijara Eubanks,-305.0,230.0
2020-09-12,Jalin Turner,Brok Weaver,-420.0,306.0
2020-09-12,Bryan Barberena,Anthony Ivy,-278.0,215.0
2020-09-12,Ed Herman,Mike Rodriguez,195.0,-250.0
2020-09-19,David Dvorak,Jordan Espinosa,-112.0,-112.0
2020-09-19,Khamzat Chimaev,Gerald Meerschaert,-400.0,300.0
2020-09-19,Kevin Holland,Darren Stewart,-265.0,205.0
2020-09-19,Colby Covington,Tyron Woodley,-335.0,260.0
2020-09-19,Mayra Bueno Silva,Mara Romero Borella,-275.0,210.0
2020-09-19,Mackenzie Dern,Randa Markos,-177.0,140.0
2020-09-19,Johnny Walker,Ryan Spann,-125.0,100.0
2020-09-26,Israel Adesanya,Paulo Costa,-186.0,151.0
2020-09-26,Ketlen Vieira,Sijara Eubanks,-190.0,150.0
2020-09-26,Jan Blachowicz,Dominick Reyes,215.0,-265.0
2020-09-26,Jake Matthews,Diego Sanchez,-715.0,470.0
2020-09-26,Khadis Ibragimov,Danilo Marques,-182.0,150.0
2020-09-26,William Knight,Aleksa Camur,134.0,-167.0
2020-09-26,Kai Kara-France,Brandon Royval,-240.0,188.0
2020-10-03,Kyler Phillips,Cameron Else,-480.0,342.0
2020-10-03,Loma Lookboonmee,Jinh Yu Frey,-150.0,120.0
2020-10-03,Holly Holm,Irene Aldana,-125.0,103.0
2020-10-03,Dusko Todorovic,Dequan Townsend,-335.0,245.0
2020-10-03,Nassourdine Imavov,Jordan Williams,105.0,-125.0
2020-10-03,Julianna Peña,Germaine de Randamie,122.0,-150.0
2020-10-03,Court McGee,Carlos Condit,-137.0,111.0
2020-10-10,Chris Daukaus,Rodrigo Nascimento,205.0,-265.0
2020-10-10,Markus Perez,Dricus Du Plessis,133.0,-167.0
2020-10-10,Cory Sandhagen,Marlon Moraes,-141.0,115.0
2020-10-10,Tracy Cortez,Stephanie Egger,-205.0,160.0
2020-10-10,Tom Breese,KB Bhullar,-275.0,210.0
2020-10-10,Joaquin Buckley,Impa Kasanganay,200.0,-265.0
2020-10-10,Bruno Silva,Tagir Ulanbekov,321.0,-455.0
2020-10-10,Omar Morales,Giga Chikadze,-175.0,136.0
2020-10-10,Youssef Zalal,Ilia Topuria,-162.0,130.0
2020-10-10,Tom Aspinall,Alan Baudot,-560.0,400.0
2020-10-10,Marcin Tybura,Ben Rothwell,130.0,-159.0
2020-10-17,Said Nurmagomedov,Mark Striegl,-435.0,317.0
2020-10-17,John Phillips,JunYong Park,215.0,-278.0
2020-10-17,Modestas Bukauskas,Jimmy Crute,250.0,-335.0
2020-10-17,Claudio Silva,James Krause,120.0,-150.0
2020-10-17,Mateusz Gamrot,Guram Kutateladze,-335.0,245.0
2020-10-17,Jonathan Martinez,Thomas Almeida,110.0,-139.0
2020-10-17,Brian Ortega,Chan Sung Jung,160.0,-200.0
2020-10-17,Gillian Robertson,Poliana Botelho,-215.0,169.0
2020-10-24,Alexander Volkov,Walt Harris,-190.0,150.0
2020-10-24,Magomed Ankalaev,Ion Cutelaba,-335.0,250.0
2020-10-24,Lauren Murphy,Liliya Shakirova,-215.0,170.0
2020-10-24,Shavkat Rakhmonov,Alex Oliveira,-112.0,-112.0
2020-10-24,Jared Cannonier,Robert Whittaker,-110.0,-110.0
2020-10-24,Justin Gaethje,Khabib Nurmagomedov,255.0,-315.0
2020-10-24,Joel Alvarez,Alexander Yakovlev,-175.0,138.0
2020-10-24,Miranda Maverick,Liana Jojua,-400.0,295.0
2020-10-31,Uriah Hall,Anderson Silva,-230.0,185.0
2020-10-31,Justin Ledet,Dustin Jacoby,296.0,-400.0
2020-10-31,Jack Marshman,Sean Strickland,277.0,-375.0
2020-10-31,Andre Fili,Bryce Mitchell,120.0,-150.0
2020-10-31,Kevin Holland,Charlie Ontiveros,-770.0,500.0
2020-11-07,Raoni Barcelos,Khalid Taha,-400.0,295.0
2020-11-07,Yan Xiaonan,Claudia Gadelha,-155.0,125.0
2020-11-07,Trevin Giles,Bevon Lewis,100.0,-125.0
2020-11-07,Max Griffin,Ramiz Brahimaj,-143.0,115.0
2020-11-07,Marcos Rogerio de Lima,Alexandr Romanov,330.0,-455.0
2020-11-07,Thiago Santos,Glover Teixeira,-240.0,190.0
2020-11-14,Sean Strickland,Brendan Allen,-106.0,-118.0
2020-11-14,Alex Morono,Rhys McKee,-177.0,140.0
2020-11-14,Khaos Williams,Abdul Razak Alhassan,185.0,-240.0
2020-11-14,Rafael Dos Anjos,Paul Felder,-200.0,165.0
2020-11-21,Mike Perry,Tim Means,-150.0,120.0
2020-11-21,Paul Craig,Mauricio Rua,-190.0,150.0
2020-11-21,Valentina Shevchenko,Jennifer Maia,-1667.0,850.0
2020-11-21,Nicolas Dalby,Daniel Rodriguez,250.0,-335.0
2020-11-21,Brandon Royval,Brandon Moreno,150.0,-190.0
2020-11-21,Deiveson Figueiredo,Alex Perez,-286.0,225.0
2020-11-21,Kyle Daukaus,Dustin Stoltzfus,-315.0,230.0
2020-11-21,Joaquin Buckley,Jordan Wright,-265.0,205.0
2020-11-21,Alan Jouban,Jared Gooden,-150.0,120.0
2020-11-28,Nate Maness,Luke Sanders,125.0,-155.0
2020-11-28,Anthony Smith,Devin Clark,-139.0,115.0
2020-11-28,Norma Dumont,Ashlee Evans-Smith,110.0,-137.0
2020-11-28,Takashi Sato,Miguel Baeza,140.0,-175.0
2020-12-05,Ovince Saint Preux,Jamahal Hill,140.0,-177.0
2020-12-05,Jack Hermansson,Marvin Vettori,110.0,-134.0
2020-12-05,Louis Smolka,Jose Quinonez,-139.0,112.0
2020-12-05,Roman Dolidze,John Allan,-200.0,160.0
2020-12-05,Ilia Topuria,Damon Jackson,-275.0,210.0
2020-12-12,Charles Oliveira,Tony Ferguson,160.0,-185.0
2020-12-12,Virna Jandiroba,Mackenzie Dern,140.0,-160.0
2020-12-12,Kevin Holland,Jacare Souza,-135.0,115.0
2020-12-12,Renato Moicano,Rafael Fiziev,120.0,-140.0
2020-12-12,Ciryl Gane,Junior Dos Santos,-400.0,325.0
2020-12-19,Antonio Arroyo,Deron Winn,-185.0,160.0
2020-12-19,Khaos Williams,Michel Pereira,-125.0,105.0
2020-12-19,Marcin Tybura,Greg Hardy,-110.0,-110.0
2020-12-19,Alex Morono,Anthony Pettis,175.0,-210.0
2020-12-19,Gillian Robertson,Taila Santos,-145.0,125.0
2020-12-19,Jose Aldo,Marlon Vera,-140.0,120.0
2020-12-19,Tafon Nchukwi,Jamie Pickett,-335.0,275.0
2020-12-19,Rob Font,Marlon Moraes,150.0,-170.0
2020-12-19,Stephen Thompson,Geoff Neal,-103.0,-117.0
2020-12-19,Cody Durden,Jimmy Flick,137.0,-157.0
2021-01-16,Joaquin Buckley,Alessio Di Chirico,-278.0,215.0
2021-01-16,Joselyne Edwards,Wu Yanan,-110.0,-110.0
2021-01-16,Santiago Ponzinibbio,Li Jingliang,-305.0,240.0
2021-01-16,Max Holloway,Calvin Kattar,-162.0,138.0
2021-01-16,Ramazan Emeev,David Zawada,-275.0,210.0
2021-01-16,Punahele Soriano,Dusko Todorovic,130.0,-159.0
2021-01-20,Vinicius Moreira,Ike Villanueva,110.0,-134.0
2021-01-20,Markus Perez,Dalcha Lungiambula,115.0,-143.0
2021-01-20,Ricky Simon,Gaetano Pirrello,-400.0,300.0
2021-01-20,Warlley Alves,Mounir Lazzez,185.0,-230.0
2021-01-20,Francisco Figueiredo,Jerome Rivera,-155.0,125.0
2021-01-20,Lerone Murphy,Douglas Silva de Andrade,-305.0,240.0
2021-01-20,Tom Breese,Omari Akhmedov,-159.0,128.0
2021-01-20,Umar Nurmagomedov,Sergey Morozov,-530.0,375.0
2021-01-20,Manon Fiorot,Victoria Leonardo,-215.0,170.0
2021-01-20,Matt Schnell,Tyson Nam,105.0,-130.0
2021-01-20,Michael Chiesa,Neil Magny,120.0,-148.0
2021-01-23,Julianna Peña,Sara McMann,105.0,-130.0
2021-01-23,Dan Hooker,Michael Chandler,-134.0,105.0
2021-01-23,Dustin Poirier,Conor McGregor,250.0,-305.0
2021-01-23,Brad Tavares,Antonio Carlos Junior,-134.0,105.0
2021-01-23,Khalil Rountree Jr.,Marcin Prachnio,-335.0,250.0
2021-01-23,Marina Rodriguez,Amanda Ribas,250.0,-335.0
2021-01-23,Nik Lentz,Movsar Evloev,390.0,-560.0
2021-01-23,Makhmud Muradov,Andrew Sanchez,-143.0,115.0
2021-01-23,Amir Albazi,Zhalgas Zhumagulov,-106.0,-118.0
2021-02-06,Beneil Dariush,Diego Ferreira,105.0,-125.0
2021-02-06,Cory Sandhagen,Frankie Edgar,-400.0,300.0
2021-02-06,Youssef Zalal,SeungWoo Choi,-230.0,175.0
2021-02-06,Molly McCann,Lara Procopio,-177.0,140.0
2021-02-06,Manel Kape,Alexandre Pantoja,100.0,-125.0
2021-02-06,Alexander Volkov,Alistair Overeem,-182.0,150.0
2021-02-13,Kelvin Gastelum,Ian Heinisch,-205.0,174.0
2021-02-13,Dhiego Lima,Belal Muhammad,340.0,-447.0
2021-02-13,Julian Marquez,Maki Pitolo,-177.0,145.0
2021-02-13,Rodolfo Vieira,Anthony Hernandez,-487.0,365.0
2021-02-13,Gilbert Burns,Kamaru Usman,228.0,-278.0
2021-02-13,Maycee Barber,Alexa Grasso,-107.0,-107.0
2021-02-13,Ricky Simon,Brian Kelleher,-253.0,210.0
2021-02-13,Chris Gutierrez,Andre Ewell,-129.0,112.0
2021-02-20,Aiemann Zahabi,Drako Rodriguez,150.0,-190.0
2021-02-20,Phil Hawes,Nassourdine Imavov,-125.0,-105.0
2021-02-20,Tom Aspinall,Andrei Arlovski,-265.0,200.0
2021-02-20,Serghei Spivac,Jared Vanderaa,-250.0,195.0
2021-02-20,Chris Daukaus,Aleksei Oleinik,-177.0,140.0
2021-02-20,Derrick Lewis,Curtis Blaydes,300.0,-400.0
2021-02-20,Casey O'Neill,Shana Dobson,-155.0,125.0
2021-02-27,Nikita Krylov,Magomed Ankalaev,250.0,-300.0
2021-02-27,Pedro Munhoz,Jimmie Rivera,115.0,-135.0
2021-02-27,Ciryl Gane,Jairzinho Rozenstruik,-225.0,185.0
2021-02-27,Thiago Moises,Alexander Hernandez,180.0,-220.0
2021-02-27,Dustin Jacoby,Maxim Grishin,-157.0,137.0
2021-03-06,Jan Blachowicz,Israel Adesanya,205.0,-245.0
2021-03-06,Jake Matthews,Sean Brady,180.0,-220.0
2021-03-06,Song Yadong,Kyler Phillips,-220.0,180.0
2021-03-06,Joseph Benavidez,Askar Askarov,125.0,-145.0
2021-03-06,Jordan Espinosa,Tim Elliott,135.0,-155.0
2021-03-06,Petr Yan,Aljamain Sterling,-122.0,102.0
2021-03-06,Drew Dober,Islam Makhachev,365.0,-460.0
2021-03-06,Amanda Lemos,Livinha Souza,-240.0,200.0
2021-03-06,Amanda Nunes,Megan Anderson,-700.0,500.0
2021-03-06,Mario Bautista,Trevin Jones,-240.0,200.0
2021-03-06,Carlos Ulberg,Kennedy Nzechukwu,-230.0,190.0
2021-03-06,Uros Medic,Aalon Cruz,-200.0,170.0
2021-03-06,Kai Kara-France,Rogerio Bontorin,-137.0,117.0
2021-03-06,Thiago Santos,Aleksandar Rakic,160.0,-185.0
2021-03-13,Ryan Spann,Misha Cirkunov,105.0,-125.0
2021-03-13,Matheus Nicolau,Manel Kape,110.0,-130.0
2021-03-13,JJ Aldrich,Cortney Casey,-142.0,122.0
2021-03-13,Matthew Semelsberger,Jason Witt,-130.0,110.0
2021-03-13,Angela Hill,Ashley Yoder,-330.0,270.0
2021-03-13,Jonathan Martinez,Davey Grant,-300.0,250.0
2021-03-20,Roman Dolidze,Trevin Giles,-105.0,-115.0
2021-03-20,Macy Chiasson,Marion Reneau,-225.0,185.0
2021-03-20,Montel Jackson,Jesse Strader,-600.0,450.0
2021-03-20,JP Buys,Bruno Silva,-135.0,115.0
2021-03-20,Kevin Holland,Derek Brunson,-210.0,175.0
2021-03-20,Song Kenan,Max Griffin,165.0,-190.0
2021-03-27,Tyron Woodley,Vicente Luque,170.0,-200.0
2021-03-27,Modestas Bukauskas,Michal Oleksiejczuk,157.0,-177.0
2021-03-27,Sean O'Malley,Thomas Almeida,-370.0,310.0
2021-03-27,Gillian Robertson,Miranda Maverick,125.0,-145.0
2021-03-27,Fabio Cherant,Alonzo Menifield,235.0,-275.0
2021-03-27,Omar Morales,Shane Young,-200.0,170.0
2021-03-27,Marc-Andre Barriault,Abu Azaitar,-127.0,107.0
2021-04-10,Sam Alvey,Julian Marquez,125.0,-145.0
2021-04-10,Mateusz Gamrot,Scott Holtzman,-225.0,185.0
2021-04-10,Mackenzie Dern,Nina Nunes,100.0,-120.0
2021-04-10,Arnold Allen,Sodiq Yusuff,135.0,-155.0
2021-04-10,Kevin Holland,Marvin Vettori,245.0,-290.0
2021-04-10,Mike Perry,Daniel Rodriguez,100.0,-120.0
2021-04-10,Impa Kasanganay,Sasha Palatnikov,-250.0,210.0
2021-04-17,Robert Whittaker,Kelvin Gastelum,-245.0,205.0
2021-04-17,Loopy Godinez,Jessica Penne,-250.0,210.0
2021-04-17,Gerald Meerschaert,Bartosz Fabinski,105.0,-125.0
2021-04-17,Tracy Cortez,Justine Kish,-325.0,265.0
2021-04-17,Abdul Razak Alhassan,Jacob Malkoun,-300.0,250.0
2021-04-24,Randy Brown,Alex Oliveira,-125.0,105.0
2021-04-24,Zhang Weili,Rose Namajunas,-200.0,170.0
2021-04-24,Karl Roberson,Brendan Allen,115.0,-135.0
2021-04-24,Chris Weidman,Uriah Hall,-160.0,140.0
2021-04-24,Dwight Grant,Stefan Sekulic,-175.0,155.0
2021-04-24,Jorge Masvidal,Kamaru Usman,260.0,-320.0
2021-04-24,Jimmy Crute,Anthony Smith,-250.0,210.0
2021-04-24,Valentina Shevchenko,Jessica Andrade,-450.0,360.0
2021-05-01,Merab Dvalishvili,Cody Stamann,-290.0,245.0
2021-05-01,Sean Strickland,Krzysztof Jotko,-245.0,205.0
2021-05-01,Luana Pinheiro,Randa Markos,-155.0,135.0
2021-05-01,Luana Carolina,Poliana Botelho,205.0,-245.0
2021-05-01,Jiří Procházka,Dominick Reyes,100.0,-120.0
2021-05-01,Andreas Michailidis,KB Bhullar,-190.0,165.0
2021-05-01,Loma Lookboonmee,Sam Hughes,-420.0,335.0
2021-05-08,Marcos Rogerio de Lima,Maurice Greene,-177.0,157.0
2021-05-08,Phil Hawes,Kyle Daukaus,132.0,-152.0
2021-05-08,Christian Aguilera,Carlston Harris,175.0,-210.0
2021-05-08,Alex Morono,Donald Cerrone,130.0,-150.0
2021-05-08,Tafon Nchukwi,JunYong Park,-155.0,135.0
2021-05-08,Geoff Neal,Neil Magny,-200.0,155.0
2021-05-15,Beneil Dariush,Tony Ferguson,-147.0,127.0
2021-05-15,Jamie Pickett,Jordan Wright,-112.0,-108.0
2021-05-15,Jacare Souza,Andre Muniz,-117.0,-103.0
2021-05-15,Priscila Cachoeira,Gina Mazany,195.0,-235.0
2021-05-15,Matt Schnell,Rogerio Bontorin,-165.0,145.0
2021-05-15,Charles Oliveira,Michael Chandler,-130.0,110.0
2021-05-22,Bruno Silva,Victor Rodriguez,-355.0,295.0
2021-05-22,Norma Dumont,Felicia Spencer,157.0,-178.0
2021-05-22,David Dvorak,Juancamilo Ronderos,-490.0,390.0
2021-05-22,Yan Xiaonan,Carla Esparza,-137.0,117.0
2021-05-22,Rob Font,Cody Garbrandt,-130.0,110.0
2021-05-22,Claudio Silva,Court McGee,-125.0,105.0
2021-05-22,Jack Hermansson,Edmen Shahbazyan,-132.0,112.0
2021-06-05,Gregory Rodrigues,Dusko Todorovic,140.0,-177.0
2021-06-05,Marcin Tybura,Walt Harris,-177.0,140.0
2021-06-05,Santiago Ponzinibbio,Miguel Baeza,105.0,-134.0
2021-06-05,Manon Fiorot,Tabatha Ricci,-165.0,375.0
2021-06-05,Muslim Salikhov,Francisco Trinaldo,-230.0,180.0
2021-06-05,Laureano Staropoli,Roman Dolidze,120.0,-150.0
2021-06-05,Ilir Latifi,Tanner Boser,160.0,-200.0
2021-06-05,Youssef Zalal,Sean Woodson,160.0,-200.0
2021-06-12,Israel Adesanya,Marvin Vettori,-235.0,185.0
2021-06-12,Drew Dober,Brad Riddell,-152.0,120.0
2021-06-12,Movsar Evloev,Hakeem Dawodu,-240.0,188.0
2021-06-12,Brandon Moreno,Deiveson Figueiredo,150.0,-195.0
2021-06-12,Paul Craig,Jamahal Hill,210.0,-275.0
2021-06-12,Belal Muhammad,Demian Maia,-220.0,170.0
2021-06-12,Eryk Anders,Darren Stewart,-150.0,120.0
2021-06-12,Nate Diaz,Leon Edwards,355.0,-500.0
2021-06-19,Dhiego Lima,Matt Brown,-186.0,145.0
2021-06-19,Casey O'Neill,Lara Procopio,135.0,-167.0
2021-06-19,Serghei Spivac,Aleksei Oleinik,-265.0,200.0
2021-06-19,Bruno Silva,Wellington Turman,-125.0,100.0
2021-06-19,Matthew Semelsberger,Khaos Williams,130.0,-162.0
2021-06-19,Nicolae Negumereanu,Aleksa Camur,200.0,-265.0
2021-06-19,Virna Jandiroba,Kanako Murata,-139.0,112.0
2021-06-19,Marlon Vera,Davey Grant,-230.0,180.0
2021-06-26,Shavkat Rakhmonov,Michel Prazeres,-305.0,235.0
2021-06-26,Warlley Alves,Jeremiah Wells,-240.0,187.0
2021-06-26,Tim Means,Nicolas Dalby,-143.0,113.0
2021-06-26,Julia Avila,Julija Stoliarenko,-375.0,275.0
2021-06-26,Alexander Volkov,Ciryl Gane,125.0,-155.0
2021-06-26,Raoni Barcelos,Timur Valiev,-230.0,180.0
2021-06-26,Marcin Prachnio,Ike Villanueva,-225.0,180.0
2021-06-26,Ovince Saint Preux,Tanner Boser,153.0,-195.0
2021-06-26,Kennedy Nzechukwu,Danilo Marques,-136.0,110.0
2021-06-26,Renato Moicano,Jai Herbert,-250.0,195.0
2021-07-10,Ilia Topuria,Ryan Hall,-235.0,185.0
2021-07-10,Gilbert Burns,Stephen Thompson,130.0,-162.0
2021-07-10,Zhalgas Zhumagulov,Jerome Rivera,-315.0,240.0
2021-07-10,Sean O'Malley,Kris Moutinho,-1000.0,580.0
2021-07-10,Michel Pereira,Niko Price,-186.0,150.0
2021-07-10,Max Griffin,Carlos Condit,-190.0,150.0
2021-07-10,Dustin Poirier,Conor McGregor,-129.0,100.0
2021-07-10,Trevin Giles,Dricus Du Plessis,-106.0,-118.0
2021-07-10,Brad Tavares,Omari Akhmedov,-162.0,130.0
2021-07-17,Miesha Tate,Marion Reneau,-180.0,155.0
2021-07-17,Islam Makhachev,Thiago Moises,-900.0,600.0
2021-07-17,Daniel Rodriguez,Preston Parsons,-300.0,235.0
2021-07-17,Mateusz Gamrot,Jeremy Stephens,-275.0,220.0
2021-07-17,Rodolfo Vieira,Dustin Stoltzfus,-210.0,175.0
2021-07-17,Francisco Figueiredo,Malcolm Gordon,-310.0,245.0
2021-07-24,Hannah Goldy,Diana Belbita,100.0,-120.0
2021-07-24,Cory Sandhagen,TJ Dillashaw,-210.0,175.0
2021-07-24,Elise Reed,Sijara Eubanks,310.0,-410.0
2021-07-24,Mickey Gall,Jordan Williams,150.0,-170.0
2021-07-24,Ian Heinisch,Nassourdine Imavov,-155.0,135.0
2021-07-24,Maycee Barber,Miranda Maverick,135.0,-155.0
2021-07-24,Kyler Phillips,Raulian Paiva,-320.0,250.0
2021-07-24,Brendan Allen,Punahele Soriano,-110.0,-110.0
2021-07-31,Ryan Benoit,Zarrukh Adashev,-140.0,120.0
2021-07-31,Sean Strickland,Uriah Hall,-210.0,175.0
2021-07-31,Bryan Barberena,Jason Witt,-265.0,215.0
2021-08-07,Song Yadong,Casey Kenney,105.0,-125.0
2021-08-07,Alonzo Menifield,Ed Herman,-290.0,230.0
2021-08-07,Ciryl Gane,Derrick Lewis,-320.0,250.0
2021-08-07,Michael Chiesa,Vicente Luque,-115.0,-105.0
2021-08-07,Manel Kape,Ode Osbourne,-200.0,170.0
2021-08-07,Pedro Munhoz,Jose Aldo,-115.0,-105.0
2021-08-07,Vince Morales,Drako Rodriguez,-110.0,-110.0
2021-08-07,Karolina Kowalkiewicz,Jessica Penne,-145.0,125.0
2021-08-21,Kelvin Gastelum,Jared Cannonier,125.0,-145.0
2021-08-21,Brandon Royval,Alexandre Pantoja,150.0,-170.0
2021-08-21,Fabio Cherant,William Knight,150.0,-170.0
2021-08-28,Alessio Di Chirico,Abdul Razak Alhassan,-265.0,215.0
2021-08-28,Dustin Jacoby,Darren Stewart,-200.0,170.0
2021-08-28,Gilbert Urbina,Bryan Battle,170.0,-200.0
2021-08-28,Makhmud Muradov,Gerald Meerschaert,-575.0,410.0
2021-08-28,Kevin Lee,Daniel Rodriguez,-145.0,125.0
2021-08-28,Ricky Turcios,Brady Hiestand,-145.0,125.0
2021-08-28,JJ Aldrich,Vanessa Demopoulos,-475.0,350.0
2021-08-28,Sam Alvey,Wellington Turman,-105.0,-115.0
2021-09-04,Alex Morono,David Zawada,-125.0,105.0
2021-09-04,Paddy Pimblett,Luigi Vendramini,-145.0,125.0
2021-09-04,Khalil Rountree Jr.,Modestas Bukauskas,140.0,-160.0
2021-09-04,Darren Till,Derek Brunson,-150.0,130.0
2021-09-04,Molly McCann,Ji Yeon Kim,-120.0,100.0
2021-09-04,Serghei Spivac,Tom Aspinall,195.0,-240.0
2021-09-04,Marc-Andre Barriault,Dalcha Lungiambula,-160.0,140.0
2021-09-18,Nate Maness,Tony Gravely,170.0,-200.0
2021-09-18,Erin Blanchfield,Sarah Alpar,-435.0,330.0
2021-09-18,JP Buys,Montel Jackson,450.0,-630.0
2021-09-18,Raquel Pennington,Pannie Kianzad,-135.0,115.0
2021-09-18,Hannah Goldy,Emily Whitmire,105.0,-125.0
2021-09-18,Ryan Spann,Anthony Smith,130.0,-150.0
2021-09-18,Arman Tsarukyan,Christos Giagos,-850.0,575.0
2021-09-18,Tafon Nchukwi,Mike Rodriguez,-125.0,105.0
2021-09-18,Devin Clark,Ion Cutelaba,150.0,-170.0
2021-09-18,Antonio Arroyo,Joaquin Buckley,155.0,-180.0
2021-09-18,Impa Kasanganay,Carlston Harris,-105.0,-115.0
2021-09-25,Jéssica Andrade,Cynthia Calvillo,-220.0,180.0
2021-09-25,Curtis Blaydes,Jairzinho Rozenstruik,-380.0,290.0
2021-09-25,Dan Hooker,Nasrat Haqparast,-150.0,130.0
2021-09-25,Cody Brundage,Nick Maximov,125.0,-145.0
2021-09-25,Merab Dvalishvili,Marlon Moraes,-310.0,245.0
2021-09-25,Alexander Volkanovski,Brian Ortega,-180.0,155.0
2021-09-25,Jalin Turner,Uros Medic,-105.0,-115.0
2021-09-25,Omar Morales,Jonathan Pearce,-160.0,140.0
2021-09-25,Lauren Murphy,Valentina Shevchenko,800.0,-1375.0
2021-09-25,Matthew Semelsberger,Martin Sano,-525.0,385.0
2021-09-25,Chris Daukaus,Shamil Abdurakhimov,-220.0,180.0
2021-10-02,Karol Rosa,Bethe Correia,-720.0,500.0
2021-10-02,Krzysztof Jotko,Misha Cirkunov,-130.0,110.0
2021-10-02,Thiago Santos,Johnny Walker,-150.0,130.0
2021-10-02,Casey O'Neill,Antonina Shevchenko,-265.0,215.0
2021-10-09,Steve Garcia,Charlie Ontiveros,-310.0,250.0
2021-10-09,Chris Gutierrez,Felipe Colares,-270.0,220.0
2021-10-09,Randy Brown,Jared Gooden,-310.0,250.0
2021-10-09,Tim Elliott,Matheus Nicolau,160.0,-190.0
2021-10-09,Loopy Godinez,Silvana Gomez Juarez,-330.0,260.0
2021-10-09,Marina Rodriguez,Mackenzie Dern,170.0,-200.0
2021-10-16,Bruno Silva,Andrew Sanchez,-155.0,135.0
2021-10-16,Danny Roberts,Ramazan Emeev,250.0,-320.0
2021-10-16,Manon Fiorot,Mayra Bueno Silva,-320.0,250.0
2021-10-16,Norma Dumont,Aspen Ladd,120.0,-140.0
2021-10-16,Loopy Godinez,Luana Carolina,-220.0,180.0
2021-10-23,Laureano Staropoli,Jamie Pickett,-210.0,175.0
2021-10-23,Joselyne Edwards,Jessica-Rose Clark,125.0,-145.0
2021-10-23,Tabatha Ricci,Maria Oliveira,-265.0,215.0
2021-10-23,Marvin Vettori,Paulo Costa,-200.0,170.0
2021-10-23,Nicolae Negumereanu,Ike Villanueva,-240.0,195.0
2021-10-23,JunYong Park,Gregory Rodrigues,115.0,-135.0
2021-10-23,Dwight Grant,Francisco Trinaldo,105.0,-125.0
2021-10-23,Daniel Lacerda,Jeff Molina,135.0,-155.0
2021-10-23,David Onama,Mason Jones,310.0,-410.0
2021-10-23,Jonathan Martinez,Zviad Lazishvili,-105.0,-115.0
2021-10-30,Virna Jandiroba,Amanda Ribas,145.0,-165.0
2021-10-30,Lerone Murphy,Makwan Amirkhani,-265.0,215.0
2021-10-30,Cory Sandhagen,Petr Yan,240.0,-305.0
2021-10-30,Magomed Ankalaev,Volkan Oezdemir,-365.0,280.0
2021-10-30,Islam Makhachev,Dan Hooker,-590.0,425.0
2021-10-30,Michal Oleksiejczuk,Shamil Gamzatov,-115.0,-105.0
2021-10-30,Khamzat Chimaev,Li Jingliang,-435.0,330.0
2021-10-30,Elizeu Zaleski dos Santos,Benoit Saint Denis,-275.0,220.0
2021-10-30,Albert Duraev,Roman Kopylov,-380.0,290.0
2021-10-30,Marcin Tybura,Alexander Volkov,210.0,-260.0
2021-10-30,Tagir Ulanbekov,Allan Nascimento,-425.0,320.0
2021-10-30,Jan Blachowicz,Glover Teixeira,-265.0,215.0
2021-11-06,Justin Gaethje,Michael Chandler,-210.0,175.0
2021-11-06,Colby Covington,Kamaru Usman,250.0,-320.0
2021-11-06,John Allan,Dustin Jacoby,300.0,-400.0
2021-11-06,Marlon Vera,Frankie Edgar,-190.0,160.0
2021-11-06,Alex Pereira,Andreas Michailidis,-280.0,225.0
2021-11-06,Phil Hawes,Chris Curtis,-335.0,260.0
2021-11-06,CJ Vergara,Ode Osbourne,170.0,-200.0
2021-11-06,Zhang Weili,Rose Namajunas,-120.0,100.0
2021-11-06,Edmen Shahbazyan,Nassourdine Imavov,100.0,-120.0
2021-11-13,Max Holloway,Yair Rodriguez,-675.0,475.0
2021-11-13,Khaos Williams,Miguel Baeza,140.0,-160.0
2021-11-13,Marcos Rogerio de Lima,Ben Rothwell,145.0,-165.0
2021-11-13,Kennedy Nzechukwu,Da Woon Jung,105.0,-125.0
2021-11-13,Song Yadong,Julio Arce,-145.0,125.0
2021-11-13,Thiago Moises,Joel Alvarez,-240.0,195.0
2021-11-20,Sean Brady,Michael Chiesa,-190.0,160.0
2021-11-20,Aoriqileng,Cody Durden,145.0,-165.0
2021-11-20,Loma Lookboonmee,Loopy Godinez,130.0,-150.0
2021-11-20,Luana Pinheiro,Sam Hughes,-380.0,290.0
2021-11-20,Ketlen Vieira,Miesha Tate,100.0,-120.0
2021-12-04,Jamahal Hill,Jimmy Crute,165.0,-195.0
2021-12-04,Dusko Todorovic,Maki Pitolo,-180.0,155.0
2021-12-04,Jose Aldo,Rob Font,110.0,-130.0
2021-12-04,Mickey Gall,Alex Morono,200.0,-250.0
2021-12-04,Brendan Allen,Chris Curtis,-365.0,280.0
2021-12-04,Rafael Fiziev,Brad Riddell,-125.0,105.0
2021-12-04,Manel Kape,Zhalgas Zhumagulov,-320.0,250.0
2021-12-04,Alonzo Menifield,William Knight,-170.0,150.0
2021-12-04,Darian Weeks,Bryan Barberena,125.0,-145.0
2021-12-04,Louis Smolka,Vince Morales,-165.0,145.0
2021-12-11,Pedro Munhoz,Dominick Cruz,-110.0,-110.0
2021-12-11,Josh Emmett,Dan Ige,-130.0,110.0
2021-12-11,Bruno Silva,Jordan Wright,-310.0,245.0
2021-12-11,Dustin Poirier,Charles Oliveira,-130.0,110.0
2021-12-11,Priscila Cachoeira,Gillian Robertson,270.0,-350.0
2021-12-11,Eryk Anders,Andre Muniz,170.0,-200.0
2021-12-11,Geoff Neal,Santiago Ponzinibbio,110.0,-130.0
2021-12-11,Sean O'Malley,Raulian Paiva,-305.0,240.0
2021-12-11,Erin Blanchfield,Miranda Maverick,130.0,-150.0
2021-12-11,Amanda Nunes,Julianna Pena,-1125.0,700.0
2021-12-11,Cody Garbrandt,Kai Kara-France,-145.0,125.0
2021-12-18,Gerald Meerschaert,Dustin Stoltzfus,-235.0,190.0
2021-12-18,Stephen Thompson,Belal Muhammad,-235.0,190.0
2021-12-18,Angela Hill,Amanda Lemos,230.0,-290.0
2021-12-18,Derrick Lewis,Chris Daukaus,120.0,-140.0
2021-12-18,Mateusz Gamrot,Diego Ferreira,-250.0,200.0
2021-12-18,Raquel Pennington,Macy Chiasson,-135.0,115.0
2021-12-18,Ricky Simon,Raphael Assuncao,-300.0,235.0
2022-01-15,Court McGee,Ramiz Brahimaj,105.0,-125.0
2022-01-15,Brandon Royval,Rogerio Bontorin,-155.0,135.0
2022-01-15,Jamie Pickett,Joseph Holmes,125.0,-145.0
2022-01-22,Jasmine Jasudavicius,Kay Hansen,160.0,-190.0
2022-01-22,Deiveson Figueiredo,Brandon Moreno,165.0,-195.0
2022-01-22,Saimon Oliveira,Tony Gravely,210.0,-260.0
2022-01-22,Ciryl Gane,Francis Ngannou,-160.0,135.0
2022-01-22,Raoni Barcelos,Victor Henry,-500.0,380.0
2022-01-22,Said Nurmagomedov,Cody Stamann,-180.0,155.0
2022-01-22,Pete Rodriguez,Jack Della Maddalena,330.0,-420.0
2022-01-22,Trevin Giles,Michael Morales,-110.0,-110.0
2022-01-22,Michel Pereira,Andre Fialho,-300.0,240.0
2022-02-05,Brendan Allen,Sam Alvey,-400.0,300.0
2022-02-05,Punahele Soriano,Nick Maximov,-190.0,160.0
2022-02-05,Jack Hermansson,Sean Strickland,200.0,-250.0
2022-02-05,Shavkat Rakhmonov,Carlston Harris,-280.0,225.0
2022-02-12,Renato Moicano,Alexander Hernandez,-150.0,130.0
2022-02-12,Derrick Lewis,Tai Tuivasa,-165.0,145.0
2022-02-12,Kyler Phillips,Marcelo Rojo,-435.0,330.0
2022-02-12,Israel Adesanya,Robert Whittaker,-310.0,245.0
2022-02-12,William Knight,Maxim Grishin,140.0,-160.0
2022-02-12,Jacob Malkoun,AJ Dobson,-110.0,-110.0
2022-02-12,Derek Brunson,Jared Cannonier,140.0,-160.0
2022-02-12,Carlos Ulberg,Fabio Cherant,-265.0,215.0
2022-02-12,Casey O'Neill,Roxanne Modafferi,-350.0,270.0
2022-02-19,Mario Bautista,Jay Perrin,-350.0,270.0
2022-02-19,Kyle Daukaus,Jamie Pickett,-335.0,260.0
2022-02-19,David Onama,Gabriel Benitez,-195.0,165.0
2022-02-19,Johnny Walker,Jamahal Hill,185.0,-225.0
2022-02-19,Joaquin Buckley,Abdul Razak Alhassan,-155.0,135.0
2022-02-26,Misha Cirkunov,Wellington Turman,-150.0,130.0
2022-02-26,Priscila Cachoeira,Ji Yeon Kim,155.0,-180.0
2022-02-26,Jonathan Martinez,Alejandro Perez,-310.0,245.0
2022-02-26,Joel Alvarez,Arman Tsarukyan,215.0,-265.0
2022-02-26,Victor Altamirano,Carlos Hernandez,150.0,-170.0
2022-02-26,Armen Petrosyan,Gregory Rodrigues,120.0,-140.0
2022-03-05,Jalin Turner,Jamie Mullarkey,-160.0,140.0
2022-03-05,Kevin Holland,Alex Oliveira,-435.0,330.0
2022-03-05,Serghei Spivac,Greg Hardy,-180.0,155.0
2022-03-05,Nicolae Negumereanu,Kennedy Nzechukwu,115.0,-135.0
2022-03-05,Umar Nurmagomedov,Brian Kelleher,-1000.0,650.0
2022-03-05,Michal Oleksiejczuk,Dustin Jacoby,165.0,-195.0
2022-03-05,Marina Rodriguez,Yan Xiaonan,-305.0,240.0
2022-03-05,Renato Moicano,Rafael Dos Anjos,160.0,-190.0
2022-03-05,Colby Covington,Jorge Masvidal,-310.0,245.0
2022-03-05,Tim Elliott,Tagir Ulanbekov,190.0,-235.0
2022-03-12,Azamat Murzakanov,Tafon Nchukwi,-200.0,170.0
2022-03-12,Magomed Ankalaev,Thiago Santos,-630.0,450.0
2022-03-12,Matthew Semelsberger,AJ Fletcher,-195.0,165.0
2022-03-12,Miranda Maverick,Sabina Mazo,-365.0,280.0
2022-03-12,JJ Aldrich,Gillian Robertson,100.0,-120.0
2022-03-12,Khalil Rountree Jr.,Karl Roberson,125.0,-145.0
2022-03-12,Bruno Silva,Alex Pereira,180.0,-220.0
2022-03-12,Drew Dober,Terrance McKinney,-155.0,135.0
2022-03-12,Javid Basharat,Trevin Jones,-190.0,160.0
2022-03-12,Dalcha Lungiambula,Cody Brundage,-145.0,125.0
2022-03-19,Elise Reed,Cory McKenna,235.0,-300.0
2022-03-19,Molly McCann,Luana Carolina,-140.0,120.0
2022-03-19,Takashi Sato,Gunnar Nelson,385.0,-525.0
2022-03-19,Paul Craig,Nikita Krylov,170.0,-200.0
2022-03-19,Dan Hooker,Arnold Allen,-110.0,-110.0
2022-03-19,Muhammad Mokaev,Cody Durden,-490.0,360.0
2022-03-19,Ilia Topuria,Jai Herbert,-600.0,435.0
2022-03-19,Sergei Pavlovich,Shamil Abdurakhimov,-350.0,270.0
2022-03-19,Alexander Volkov,Tom Aspinall,115.0,-135.0
2022-03-26,Chris Gutierrez,Batgerel Danaa,135.0,-155.0
2022-03-26,David Dvorak,Matheus Nicolau,-125.0,105.0
2022-03-26,Chris Daukaus,Curtis Blaydes,435.0,-600.0
2022-03-26,Bryan Barberena,Matt Brown,-115.0,-105.0
2022-03-26,Neil Magny,Max Griffin,-280.0,225.0
2022-03-26,Askar Askarov,Kai Kara-France,-450.0,340.0
2022-03-26,Manon Fiorot,Jennifer Maia,-510.0,375.0
2022-03-26,Alexa Grasso,Joanne Wood,-305.0,240.0
2022-03-26,Denis Tiuliulin,Aliaskhab Khizriev,650.0,-1000.0
2022-03-26,Karol Rosa,Sara McMann,-275.0,220.0
2022-04-09,Raquel Pennington,Aspen Ladd,-155.0,135.0
2022-04-09,Josh Fremd,Anthony Hernandez,165.0,-195.0
2022-04-09,Mickey Gall,Mike Malott,150.0,-170.0
2022-04-09,Khamzat Chimaev,Gilbert Burns,-510.0,375.0
2022-04-09,Alexander Volkanovski,Chan Sung Jung,-600.0,435.0
2022-04-09,Petr Yan,Aljamain Sterling,-410.0,310.0
2022-04-16,Ange Loosa,Mounir Lazzez,175.0,-210.0
2022-04-16,Devin Clark,William Knight,-190.0,160.0
2022-04-16,Caio Borralho,Gadzhi Omargadzhiev,100.0,-120.0
2022-04-16,Vicente Luque,Belal Muhammad,-180.0,155.0
2022-04-16,Andre Fialho,Miguel Baeza,155.0,-180.0
2022-04-23,Aoriqileng,Cameron Else,-225.0,185.0
2022-04-23,Dwight Grant,Sergey Khandozhko,105.0,-125.0
2022-04-23,Preston Parsons,Evan Elder,-150.0,130.0
2022-04-23,Marcin Prachnio,Philipe Lins,-125.0,105.0
2022-04-23,Jéssica Andrade,Amanda Lemos,-235.0,190.0
2022-04-23,Maycee Barber,Montana De La Rosa,-180.0,155.0
2022-04-23,Marc-Andre Barriault,Jordan Wright,-220.0,180.0
2022-04-23,Tyson Pedro,Ike Villanueva,-630.0,450.0
2022-04-30,Yohan Lainesse,Gabe Green,-105.0,-115.0
2022-04-30,Gerald Meerschaert,Krzysztof Jotko,170.0,-200.0
2022-04-30,Daniel Lacerda,Francisco Figueiredo,-125.0,105.0
2022-04-30,Rob Font,Marlon Vera,-105.0,-115.0
2022-04-30,Andre Fili,Joanderson Brito,-260.0,210.0
2022-05-07,Loopy Godinez,Ariane Carnelossi,-195.0,165.0
2022-05-07,Justin Gaethje,Charles Oliveira,110.0,-130.0
2022-05-07,Tracy Cortez,Melissa Gatto,-125.0,105.0
2022-05-07,Matt Schnell,Brandon Royval,210.0,-260.0
2022-05-07,Norma Dumont,Macy Chiasson,-220.0,180.0
2022-05-07,Marcos Rogerio de Lima,Blagoy Ivanov,135.0,-155.0
2022-05-07,Ovince Saint Preux,Mauricio Rua,-260.0,210.0
2022-05-07,Danny Roberts,Francisco Trinaldo,-130.0,110.0
2022-05-07,Randy Brown,Khaos Williams,-115.0,-105.0
2022-05-07,Andre Fialho,Cameron VanCamp,-475.0,350.0
2022-05-07,CJ Vergara,Kleydson Rodrigues,300.0,-400.0
2022-05-07,Rose Namajunas,Carla Esparza,-235.0,190.0
2022-05-14,Manuel Torres,Frank Camacho,-135.0,115.0
2022-05-14,Tatsuro Taira,Carlos Candelario,-320.0,250.0
2022-05-14,Ion Cutelaba,Ryan Spann,-240.0,195.0
2022-05-14,Jan Blachowicz,Aleksandar Rakic,170.0,-200.0
2022-05-14,Louis Smolka,Davey Grant,230.0,-290.0
2022-05-14,Jake Hadley,Allan Nascimento,-210.0,175.0
2022-05-14,Angela Hill,Virna Jandiroba,185.0,-225.0
2022-05-21,Michel Pereira,Santiago Ponzinibbio,-145.0,125.0
2022-05-21,Tabatha Ricci,Polyana Viana,-130.0,110.0
2022-05-21,Eryk Anders,JunYong Park,160.0,-205.0
2022-05-21,Alen Amedovski,Joseph Holmes,170.0,-200.0
2022-05-21,Uros Medic,Omar Morales,115.0,-135.0
2022-05-21,Elise Reed,Sam Hughes,-140.0,120.0
2022-05-21,Chidi Njokuani,Dusko Todorovic,-250.0,200.0
2022-05-21,Jonathan Martinez,Vince Morales,-280.0,225.0
2022-05-21,Ketlen Vieira,Holly Holm,180.0,-220.0
2022-06-04,Ode Osbourne,Zarrukh Adashev,-200.0,170.0
2022-06-04,Andreas Michailidis,Rinat Fakhretdinov,220.0,-275.0
2022-06-04,Karine Silva,Poliana Botelho,-125.0,105.0
2022-06-04,Karolina Kowalkiewicz,Felice Herrig,-105.0,-115.0
2022-06-04,Benoît Saint Denis,Niklas Stolze,-160.0,140.0
2022-06-04,Zhalgas Zhumagulov,Jeff Molina,155.0,-180.0
2022-06-04,Askar Mozharov,Alonzo Menifield,220.0,-275.0
2022-06-04,Alexander Volkov,Jairzinho Rozenstruik,-170.0,150.0
2022-06-04,Erin Blanchfield,JJ Aldrich,-475.0,350.0
2022-06-04,Movsar Evloev,Dan Ige,-410.0,310.0
2022-06-11,Zhang Weili,Joanna Jedrzejczyk,-160.0,140.0
2022-06-11,Steve Garcia,Maheshate,-200.0,170.0
2022-06-11,Brendan Allen,Jacob Malkoun,-290.0,230.0
2022-06-11,Valentina Shevchenko,Taila Santos,-630.0,450.0
2022-06-11,Ramazan Emeev,Jack Della Maddalena,160.0,-190.0
2022-06-11,Jake Matthews,Andre Fialho,-120.0,100.0
2022-06-11,Jiří Procházka,Glover Teixeira,-225.0,185.0
2022-06-18,Albert Duraev,Joaquin Buckley,-230.0,195.0
2022-06-18,Gregory Rodrigues,Julian Marquez,-170.0,145.0
2022-06-18,Roman Dolidze,Kyle Daukaus,205.0,-245.0
2022-06-18,Natalia Silva,Jasmine Jasudavicius,220.0,-260.0
2022-06-18,Phil Hawes,Deron Winn,-250.0,210.0
2022-06-18,Josh Emmett,Calvin Kattar,235.0,-280.0
2022-06-18,Tim Means,Kevin Holland,280.0,-340.0
2022-06-18,Court McGee,Jeremiah Wells,105.0,-125.0
2022-06-25,Nate Maness,Umar Nurmagomedov,650.0,-950.0
2022-06-25,JP Buys,Cody Durden,-125.0,105.0
2022-06-25,Mario Bautista,Brian Kelleher,-200.0,170.0
2022-06-25,Arman Tsarukyan,Mateusz Gamrot,-240.0,200.0
2022-06-25,Thiago Moises,Christos Giagos,-240.0,200.0
2022-06-25,Chris Curtis,Rodolfo Vieira,-115.0,-105.0
2022-06-25,Neil Magny,Shavkat Rakhmonov,350.0,-435.0
2022-06-25,Carlos Ulberg,Tafon Nchukwi,135.0,-155.0
2022-07-02,Jared Cannonier,Israel Adesanya,420.0,-540.0
2022-07-02,Sean Strickland,Alex Pereira,-125.0,105.0
2022-07-02,Bryan Barberena,Robbie Lawler,-120.0,100.0
2022-07-02,Maycee Barber,Jessica Eye,-315.0,260.0
2022-07-02,Brad Tavares,Dricus Du Plessis,145.0,-170.0
2022-07-02,Uriah Hall,Andre Muniz,285.0,-345.0
2022-07-02,Alexander Volkanovski,Max Holloway,-180.0,155.0
2022-07-02,Donald Cerrone,Jim Miller,160.0,-190.0
2022-07-02,Jalin Turner,Brad Riddell,-150.0,130.0
2022-07-09,Said Nurmagomedov,Douglas Silva de Andrade,-475.0,380.0
2022-07-09,Armen Petrosyan,Caio Borralho,210.0,-250.0
2022-07-09,Karl Roberson,Kennedy Nzechukwu,135.0,-155.0
2022-07-09,Ricky Turcios,Aiemann Zahabi,-230.0,195.0
2022-07-09,Rafael Dos Anjos,Rafael Fiziev,180.0,-210.0
2022-07-09,David Onama,Garrett Armfield,-750.0,550.0
2022-07-09,Cody Brundage,Tresean Gore,135.0,-155.0
2022-07-16,Dustin Jacoby,Da Woon Jung,105.0,-125.0
2022-07-16,Dwight Grant,Dustin Stoltzfus,115.0,-135.0
2022-07-16,Ricky Simon,Jack Shore,145.0,-170.0
2022-07-16,Matt Schnell,Sumudaerji,220.0,-260.0
2022-07-16,Yair Rodriguez,Brian Ortega,165.0,-195.0
2022-07-16,Dalcha Lungiambula,Punahele Soriano,210.0,-250.0
2022-07-16,Miesha Tate,Lauren Murphy,-205.0,175.0
2022-07-16,Muslim Salikhov,Li Jingliang,-155.0,135.0
2022-07-16,Amanda Lemos,Michelle Waterson-Gomez,-315.0,260.0
2022-07-23,Nikita Krylov,Alexander Gustafsson,-200.0,170.0
2022-07-23,Chris Curtis,Jack Hermansson,-110.0,-110.0
2022-07-23,Paddy Pimblett,Jordan Leavitt,-275.0,230.0
2022-07-23,Muhammad Mokaev,Charles Johnson,-500.0,400.0
2022-07-23,Claudio Silva,Nicolas Dalby,185.0,-215.0
2022-07-23,Molly McCann,Hannah Goldy,-460.0,370.0
2022-07-23,Curtis Blaydes,Tom Aspinall,135.0,-155.0
2022-07-23,Volkan Oezdemir,Paul Craig,-145.0,125.0
2022-07-30,Magomed Ankalaev,Anthony Smith,-610.0,460.0
2022-07-30,Alexandre Pantoja,Alex Perez,-195.0,165.0
2022-07-30,Julianna Peña,Amanda Nunes,205.0,-245.0
2022-07-30,Kai Kara-France,Brandon Moreno,180.0,-210.0
2022-07-30,Sergei Pavlovich,Derrick Lewis,-155.0,135.0
2022-07-30,Matthew Semelsberger,Alex Morono,-190.0,160.0
2022-07-30,Ihor Potieria,Nicolae Negumereanu,120.0,-140.0
2022-07-30,Michael Morales,Adam Fugitt,-600.0,450.0
2022-07-30,Joselyne Edwards,Ji Yeon Kim,-120.0,100.0
2022-07-30,Drew Dober,Rafael Alves,-165.0,140.0
2022-08-06,Geoff Neal,Vicente Luque,180.0,-210.0
2022-08-06,Jamahal Hill,Thiago Santos,-320.0,265.0
2022-08-06,Takashi Sato,Bryan Battle,270.0,-325.0
2022-08-06,Zac Pauga,Mohammed Usman,-280.0,235.0
2022-08-06,Serghei Spivac,Augusto Sakai,-315.0,260.0
2022-08-06,Michal Oleksiejczuk,Sam Alvey,-720.0,520.0
2022-08-06,Mayra Bueno Silva,Stephanie Egger,100.0,-120.0
2022-08-13,David Onama,Nate Landwehr,-340.0,280.0
2022-08-13,Loopy Godinez,Angela Hill,-330.0,275.0
2022-08-13,Marlon Vera,Dominick Cruz,-225.0,190.0
2022-08-13,Devin Clark,Azamat Murzakanov,130.0,-150.0
2022-08-13,Ode Osbourne,Tyson Nam,-460.0,370.0
2022-08-13,Iasmin Lucindo,Yazmin Jauregui,180.0,-210.0
2022-08-13,Bruno Silva,Gerald Meerschaert,-295.0,245.0
2022-08-20,Aoriqileng,Jay Perrin,-125.0,105.0
2022-08-20,Marcin Tybura,Alexandr Romanov,265.0,-320.0
2022-08-20,Paulo Costa,Luke Rockhold,-330.0,275.0
2022-08-20,Ange Loosa,AJ Fletcher,140.0,-165.0
2022-08-20,Leon Edwards,Kamaru Usman,260.0,-315.0
2022-08-20,Francisco Figueiredo,Amir Albazi,400.0,-500.0
2022-08-20,Jose Aldo,Merab Dvalishvili,135.0,-155.0
2022-08-20,Tyson Pedro,Harry Hunsucker,-850.0,600.0
2022-09-03,Alessio Di Chirico,Roman Kopylov,-105.0,-115.0
2022-09-03,Abus Magomedov,Dustin Stoltzfus,-295.0,245.0
2022-09-03,Nassourdine Imavov,Joaquin Buckley,-250.0,210.0
2022-09-03,Robert Whittaker,Marvin Vettori,-210.0,180.0
2022-09-03,Ciryl Gane,Tai Tuivasa,-475.0,380.0
2022-09-03,Cristian Quinonez,Khalid Taha,105.0,-125.0
2022-09-03,Benoît Saint Denis,Gabriel Miranda,-300.0,250.0
2022-09-03,Ailin Perez,Stephanie Egger,220.0,-260.0
2022-09-10,Norma Dumont,Danyelle Wolf,-360.0,295.0
2022-09-10,Nate Diaz,Tony Ferguson,130.0,-150.0
2022-09-10,Elise Reed,Melissa Martinez,150.0,-175.0
2022-09-10,Kevin Holland,Khamzat Chimaev,440.0,-580.0
2022-09-10,Jamie Pickett,Denis Tiuliulin,-130.0,110.0
2022-09-10,Daniel Rodriguez,Li Jingliang,-170.0,145.0
2022-09-10,Darian Weeks,Yohan Lainesse,-120.0,100.0
2022-09-10,Macy Chiasson,Irene Aldana,165.0,-195.0
2022-09-10,Ion Cutelaba,Johnny Walker,-180.0,155.0
2022-09-17,Javid Basharat,Tony Gravely,-165.0,140.0
2022-09-17,Joe Pyfer,Alen Amedovski,-520.0,410.0
2022-09-17,Marc-Andre Barriault,Anthony Hernandez,185.0,-215.0
2022-09-17,Gillian Robertson,Mariya Agapova,-155.0,135.0
2022-09-17,Chidi Njokuani,Gregory Rodrigues,-130.0,110.0
2022-09-17,Denise Gomes,Loma Lookboonmee,170.0,-200.0
2022-09-17,Trevin Giles,Louis Cosce,-205.0,175.0
2022-09-17,Andre Fili,Bill Algeo,-135.0,115.0
2022-09-17,Cory Sandhagen,Song Yadong,-205.0,175.0
2022-10-01,Randy Brown,Francisco Trinaldo,-325.0,270.0
2022-10-01,Raoni Barcelos,Trevin Jones,-260.0,220.0
2022-10-01,Brendan Allen,Krzysztof Jotko,105.0,-125.0
2022-10-01,Ilir Latifi,Aleksei Oleinik,-195.0,165.0
2022-10-01,Yan Xiaonan,Mackenzie Dern,220.0,-260.0
2022-10-01,Chelsea Chandler,Julija Stoliarenko,105.0,-125.0
2022-10-15,Alexa Grasso,Viviane Araujo,-210.0,180.0
2022-10-15,Dusko Todorovic,Jordan Wright,-225.0,190.0
2022-10-15,Alonzo Menifield,Misha Cirkunov,-190.0,160.0
2022-10-15,Jacob Malkoun,Nick Maximov,120.0,-140.0
2022-10-15,CJ Vergara,Tatsuro Taira,230.0,-275.0
2022-10-15,Pete Rodriguez,Mike Jackson,-675.0,500.0
2022-10-15,Jonathan Martinez,Cub Swanson,-225.0,190.0
2022-10-22,Volkan Oezdemir,Nikita Krylov,160.0,-190.0
2022-10-22,Belal Muhammad,Sean Brady,115.0,-135.0
2022-10-22,Armen Petrosyan,AJ Dobson,-215.0,185.0
2022-10-22,Makhmud Muradov,Caio Borralho,180.0,-210.0
2022-10-22,Gadzhi Omargadzhiev,Abubakar Nurmagomedov,120.0,-140.0
2022-10-22,Islam Makhachev,Charles Oliveira,-205.0,175.0
2022-10-22,Sean O'Malley,Petr Yan,240.0,-285.0
2022-10-22,Aljamain Sterling,TJ Dillashaw,-180.0,155.0
2022-10-22,Malcolm Gordon,Muhammad Mokaev,750.0,-1150.0
2022-10-22,Beneil Dariush,Mateusz Gamrot,210.0,-250.0
2022-10-22,Karol Rosa,Lina Lansberg,-425.0,340.0
2022-10-29,JunYong Park,Joseph Holmes,-200.0,170.0
2022-10-29,Roman Dolidze,Phil Hawes,155.0,-180.0
2022-10-29,Max Griffin,Tim Means,-190.0,160.0
2022-10-29,Cody Durden,Carlos Mota,135.0,-155.0
2022-10-29,Khalil Rountree Jr.,Dustin Jacoby,150.0,-175.0
2022-10-29,Josh Fremd,Tresean Gore,-155.0,135.0
2022-10-29,Arnold Allen,Calvin Kattar,-125.0,105.0
2022-10-29,Marcos Rogerio de Lima,Andrei Arlovski,-240.0,200.0
2022-10-29,Steve Garcia,Chase Hooper,265.0,-320.0
2022-11-05,Tagir Ulanbekov,Nate Maness,-245.0,205.0
2022-11-05,Amanda Lemos,Marina Rodriguez,205.0,-245.0
2022-11-05,Jake Hadley,Carlos Candelario,-265.0,225.0
2022-11-05,Miranda Maverick,Shanna Young,-850.0,600.0
2022-11-05,Daniel Rodriguez,Neil Magny,-105.0,-115.0
2022-11-05,Mario Bautista,Benito Lopez,-365.0,300.0
2022-11-12,Dominick Reyes,Ryan Spann,-195.0,165.0
2022-11-12,Chris Gutierrez,Frankie Edgar,-250.0,210.0
2022-11-12,Alex Pereira,Israel Adesanya,180.0,-210.0
2022-11-12,Nicolae Negumereanu,Carlos Ulberg,115.0,-135.0
2022-11-12,Dan Hooker,Claudio Puelles,-155.0,135.0
2022-11-12,Erin Blanchfield,Molly McCann,-425.0,340.0
2022-11-12,Montel Jackson,Julio Arce,-200.0,170.0
2022-11-12,Karolina Kowalkiewicz,Silvana Gomez Juarez,-110.0,-110.0
2022-11-12,Renato Moicano,Brad Riddell,-125.0,105.0
2022-11-19,Andre Fialho,Muslim Salikhov,-105.0,-115.0
2022-11-19,Ricky Turcios,Kevin Natividad,-195.0,165.0
2022-11-19,Jack Della Maddalena,Danny Roberts,-700.0,510.0
2022-11-19,Vince Morales,Miles Johns,150.0,-175.0
2022-11-19,Charles Johnson,Zhalgas Zhumagulov,-165.0,140.0
2022-11-19,Natalia Silva,Tereza Bleda,-165.0,140.0
2022-11-19,Ion Cutelaba,Kennedy Nzechukwu,165.0,-195.0
2022-12-03,Matt Schnell,Matheus Nicolau,320.0,-390.0
2022-12-03,Stephen Thompson,Kevin Holland,145.0,-170.0
2022-12-03,Jack Hermansson,Roman Dolidze,-225.0,190.0
2022-12-03,Kyle Daukaus,Eryk Anders,-230.0,195.0
2022-12-03,Rafael Dos Anjos,Bryan Barberena,-425.0,340.0
2022-12-03,Angela Hill,Emily Ducote,110.0,-130.0
2022-12-03,Sergei Pavlovich,Tai Tuivasa,-180.0,155.0
2022-12-10,Dricus Du Plessis,Darren Till,-195.0,165.0
2022-12-10,Dalcha Lungiambula,Edmen Shahbazyan,260.0,-315.0
2022-12-10,Cameron Saaiman,Steven Koslow,-285.0,240.0
2022-12-10,Paddy Pimblett,Jared Gordon,-260.0,220.0
2022-12-10,Alex Morono,Santiago Ponzinibbio,135.0,-155.0
2022-12-10,Raul Rosas Jr.,Jay Perrin,-280.0,235.0
2022-12-10,Chris Daukaus,Jairzinho Rozenstruik,140.0,-165.0
2022-12-10,Joaquin Buckley,Chris Curtis,-170.0,145.0
2022-12-17,David Dvorak,Manel Kape,175.0,-205.0
2022-12-17,Jake Matthews,Matthew Semelsberger,-305.0,255.0
2022-12-17,Sean Strickland,Jared Cannonier,-105.0,-115.0
2022-12-17,Arman Tsarukyan,Damir Ismagulov,-200.0,170.0
2022-12-17,Cody Brundage,Michal Oleksiejczuk,205.0,-245.0
2022-12-17,Said Nurmagomedov,Saidyokub Kakhramonov,-110.0,-110.0
2022-12-17,Amir Albazi,Alessandro Costa,-425.0,340.0
2023-01-14,Ketlen Vieira,Raquel Pennington,-150.0,130.0
2023-01-14,Raoni Barcelos,Umar Nurmagomedov,700.0,-1050.0
2023-01-14,Charles Johnson,Jimmy Flick,-360.0,295.0
2023-01-14,Nassourdine Imavov,Sean Strickland,-135.0,115.0
2023-01-14,Javid Basharat,Mateus Mendonca,-390.0,320.0
2023-01-14,Roman Kopylov,Punahele Soriano,120.0,-140.0
2023-01-14,Claudio Ribeiro,Abdul Razak Alhassan,-105.0,-115.0
2023-01-14,Carlos Hernandez,Allan Nascimento,270.0,-325.0
2023-01-21,Jéssica Andrade,Lauren Murphy,-490.0,390.0
2023-01-21,Johnny Walker,Paul Craig,-190.0,160.0
2023-01-21,Melquizael Costa,Thiago Moises,300.0,-365.0
2023-01-21,Gregory Rodrigues,Brunno Ferreira,-305.0,255.0
2023-01-21,Glover Teixeira,Jamahal Hill,125.0,-145.0
2023-01-21,Ihor Potieria,Mauricio Rua,-195.0,165.0
2023-01-21,Nicolas Dalby,Warlley Alves,110.0,-130.0
2023-01-21,Gilbert Burns,Neil Magny,-490.0,390.0
2023-01-21,Gabriel Bonfim,Mounir Lazzez,-175.0,150.0
2023-01-21,Saimon Oliveira,Daniel Marcos,-140.0,120.0
2023-02-04,Adam Fugitt,Yusaku Kinoshita,285.0,-345.0
2023-02-04,Da Woon Jung,Devin Clark,-275.0,230.0
2023-02-04,Derrick Lewis,Serghei Spivac,255.0,-305.0
2023-02-04,Jesus Aguilar,Tatsuro Taira,800.0,-1250.0
2023-02-04,Marcin Tybura,Blagoy Ivanov,-145.0,125.0
2023-02-04,HyunSung Park,SeungGuk Choi,-215.0,185.0
2023-02-04,Denis Tiuliulin,JunYong Park,170.0,-200.0
2023-02-11,Alexander Volkanovski,Islam Makhachev,300.0,-365.0
2023-02-11,Josh Emmett,Yair Rodriguez,155.0,-180.0
2023-02-11,Modestas Bukauskas,Tyson Pedro,185.0,-215.0
2023-02-11,Elise Reed,Loma Lookboonmee,285.0,-345.0
2023-02-11,Randy Brown,Jack Della Maddalena,270.0,-325.0
2023-02-18,Jordan Wright,Zac Pauga,245.0,-295.0
2023-02-18,Clayton Carpenter,Juancamilo Ronderos,-320.0,265.0
2023-02-18,Mayra Bueno Silva,Lina Lansberg,-490.0,390.0
2023-02-18,Jéssica Andrade,Erin Blanchfield,-120.0,100.0
2023-02-18,Marcin Prachnio,William Knight,110.0,-130.0
2023-02-18,Ovince Saint Preux,Philipe Lins,180.0,-210.0
2023-02-25,Gabriella Fernandes,Jasmine Jasudavicius,-125.0,105.0
2023-02-25,Mike Malott,Yohan Lainesse,-215.0,185.0
2023-02-25,Tatiana Suarez,Montana De La Rosa,-750.0,550.0
2023-02-25,Ode Osbourne,Charles Johnson,145.0,-170.0
2023-02-25,Brendan Allen,Andre Muniz,175.0,-205.0
2023-03-04,Geoff Neal,Shavkat Rakhmonov,400.0,-500.0
2023-03-04,Alexa Grasso,Valentina Shevchenko,450.0,-600.0
2023-03-04,Bo Nickal,Jamie Pickett,-1400.0,850.0
2023-03-04,Cameron Saaiman,Mana Martinez,-250.0,210.0
2023-03-04,Marc-Andre Barriault,Julian Marquez,-125.0,105.0
2023-03-04,Cody Garbrandt,Trevin Jones,-165.0,140.0
2023-03-04,Amanda Ribas,Viviane Araujo,-130.0,110.0
2023-03-04,Dricus Du Plessis,Derek Brunson,-240.0,200.0
2023-03-04,Tabatha Ricci,Jessica Penne,-230.0,195.0
2023-03-04,Ciryl Gane,Jon Jones,135.0,-155.0
2023-03-11,Alexander Volkov,Alexandr Romanov,124.0,-146.0
2023-03-11,Nikita Krylov,Ryan Spann,-168.0,142.0
2023-03-11,Petr Yan,Merab Dvalishvili,-255.0,210.0
2023-03-11,Josh Fremd,Sedriques Dumas,205.0,-250.0
2023-03-11,Mario Bautista,Guido Cannetti,-1200.0,750.0
2023-03-11,Jonathan Martinez,Said Nurmagomedov,198.0,-240.0
2023-03-11,Bruno Silva,Tyson Nam,-180.0,152.0
2023-03-18,Muhammad Mokaev,Jafel Filho,-850.0,590.0
2023-03-18,Omar Morales,Chris Duncan,-106.0,-110.0
2023-03-18,Leon Edwards,Kamaru Usman,205.0,-245.0
2023-03-18,Marvin Vettori,Roman Dolidze,-250.0,205.0
2023-03-18,Casey O'Neill,Jennifer Maia,-184.0,154.0
2023-03-18,Luana Carolina,Joanne Wood,186.0,-245.0
2023-03-18,Gunnar Nelson,Bryan Barberena,-350.0,310.0
2023-03-18,Rafael Fiziev,Justin Gaethje,-250.0,205.0
2023-03-18,Jake Hadley,Malcolm Gordon,-530.0,360.0
2023-03-18,Sam Patterson,Yanal Ashmouz,-290.0,235.0
2023-03-18,Lerone Murphy,Gabriel Santos,-180.0,152.0
2023-03-18,Dusko Todorovic,Christian Leroy Duncan,205.0,-110.0
2023-03-25,Marlon Vera,Cory Sandhagen,116.0,-136.0
2023-03-25,Victor Altamirano,Vinicius Salvador,-104.0,-112.0
2023-03-25,Yana Santos,Holly Holm,200.0,-245.0
2023-03-25,Maycee Barber,Andrea Lee,-270.0,220.0
2023-03-25,Trevin Giles,Preston Parsons,102.0,-120.0
2023-03-25,Albert Duraev,Chidi Njokuani,134.0,-162.0
2023-04-08,Steve Garcia,Shayilan Nuerdanbieke,144.0,-172.0
2023-04-08,Rob Font,Adrian Yanez,176.0,-210.0
2023-04-08,Santiago Ponzinibbio,Kevin Holland,215.0,-260.0
2023-04-08,Loopy Godinez,Cynthia Calvillo,-255.0,210.0
2023-04-08,Jaqueline Amorim,Sam Hughes,-270.0,220.0
2023-04-08,Raul Rosas Jr.,Christian Rodriguez,-270.0,220.0
2023-04-08,Gilbert Burns,Jorge Masvidal,-450.0,360.0
2023-04-08,Luana Pinheiro,Michelle Waterson-Gomez,-156.0,132.0
2023-04-08,Gerald Meerschaert,Joe Pyfer,172.0,-205.0
2023-04-08,Chris Curtis,Kelvin Gastelum,110.0,-130.0
2023-04-15,Azamat Murzakanov,Dustin Jacoby,136.0,-162.0
2023-04-15,Gaston Bolanos,Aaron Phillips,-190.0,160.0
2023-04-15,Ed Herman,Zak Cummings,184.0,-220.0
2023-04-15,Gillian Robertson,Piera Rodriguez,-126.0,108.0
2023-04-15,Arnold Allen,Max Holloway,144.0,-172.0
2023-04-15,Brandon Royval,Matheus Nicolau,164.0,-196.0
2023-04-15,Ion Cutelaba,Tanner Boser,-130.0,108.0
2023-04-15,Denise Gomes,Bruna Brasil,132.0,-156.0
2023-04-15,Pedro Munhoz,Chris Gutierrez,176.0,-210.0
2023-04-15,Joselyne Edwards,Lucie Pudilova,114.0,-134.0
2023-04-22,Norma Dumont,Karol Rosa,-116.0,-102.0
2023-04-22,Iasmin Lucindo,Brogan Walker,-375.0,300.0
2023-04-22,Bruno Silva,Brad Tavares,136.0,-162.0
2023-04-22,Sergei Pavlovich,Curtis Blaydes,112.0,-132.0
2023-04-22,Matthew Semelsberger,Jeremiah Wells,-116.0,-102.0
2023-04-22,Montel Jackson,Rani Yahya,-590.0,440.0
2023-04-29,Caio Borralho,Michal Oleksiejczuk,-390.0,310.0
2023-04-29,Marcus McGhee,Journey Newson,138.0,110.0
2023-04-29,Charles Johnson,Cody Durden,-144.0,122.0
2023-04-29,Ricky Simon,Song Yadong,-144.0,122.0
2023-04-29,Hailey Cowan,Jamey-Lyn Horth,138.0,-164.0
2023-04-29,Irina Alekseeva,Stephanie Egger,280.0,-350.0
2023-04-29,Cody Brundage,Rodolfo Vieira,205.0,-250.0
2023-05-06,Diego Lopes,Movsar Evloev,660.0,-1000.0
2023-05-06,Claudio Ribeiro,Joseph Holmes,-162.0,136.0
2023-05-06,Phil Hawes,Ikram Aliskerov,160.0,-190.0
2023-05-06,Marina Rodriguez,Virna Jandiroba,-120.0,102.0
2023-05-06,Khaos Williams,Rolando Bedoya,-450.0,340.0
2023-05-06,Drew Dober,Matt Frevola,-225.0,188.0
2023-05-06,Belal Muhammad,Gilbert Burns,128.0,-152.0
2023-05-06,Kennedy Nzechukwu,Devin Clark,-184.0,154.0
2023-05-06,Henry Cejudo,Aljamain Sterling,100.0,-120.0
2023-05-13,Carlos Ulberg,Ihor Potieria,-490.0,380.0
2023-05-13,Ian Machado Garry,Daniel Rodriguez,-300.0,245.0
2023-05-13,Tainara Lisboa,Jessica-Rose Clark,-116.0,-102.0
2023-05-13,Gabe Green,Bryan Battle,-136.0,108.0
2023-05-13,Court McGee,Matt Brown,-230.0,190.0
2023-05-13,Alex Morono,Tim Means,-220.0,184.0
2023-05-13,Johnny Walker,Anthony Smith,-116.0,-102.0
2023-05-20,Gilbert Urbina,Orion Cosce,-124.0,106.0
2023-05-20,Karolina Kowalkiewicz,Vanessa Demopoulos,-144.0,122.0
2023-05-20,Natalia Silva,Victoria Leonardo,-1200.0,630.0
2023-05-20,Anthony Hernandez,Edmen Shahbazyan,-220.0,184.0
2023-05-20,Ilir Latifi,Rodrigo Nascimento,166.0,-198.0
2023-05-20,Andre Fialho,Joaquin Buckley,194.0,-235.0
2023-05-20,Loopy Godinez,Emily Ducote,-136.0,116.0
2023-05-20,Angela Hill,Mackenzie Dern,136.0,-162.0
2023-05-20,Takashi Sato,Themba Gorimbo,120.0,-142.0
2023-06-03,Elise Reed,Jinh Yu Frey,-132.0,112.0
2023-06-03,Victor Altamirano,Tim Elliott,146.0,-174.0
2023-06-03,Kai Kara-France,Amir Albazi,-102.0,-116.0
2023-06-03,Karine Silva,Ketlen Souza,-215.0,180.0
2023-06-03,Elizeu Zaleski dos Santos,Abubakar Nurmagomedov,102.0,-120.0
2023-06-10,Mike Malott,Adam Fugitt,-220.0,184.0
2023-06-10,Steve Erceg,David Dvorak,245.0,-300.0
2023-06-10,Aoriqileng,Aiemann Zahabi,-124.0,106.0
2023-06-10,Eryk Anders,Marc-Andre Barriault,134.0,-158.0
2023-06-10,Jasmine Jasudavicius,Miranda Maverick,194.0,-235.0
2023-06-10,Amanda Nunes,Irene Aldana,-335.0,270.0
2023-06-17,Gabriella Fernandes,Tereza Bleda,194.0,-235.0
2023-06-17,Modestas Bukauskas,Zac Pauga,-198.0,166.0
2023-06-17,Armen Petrosyan,Christian Leroy Duncan,132.0,-156.0
2023-06-17,Cristian Quinonez,Kyung Ho Kang,-144.0,122.0
2023-06-17,Jimmy Flick,Alessandro Costa,235.0,-290.0
2023-06-17,Carlos Hernandez,Denys Bondar,120.0,-142.0
2023-06-17,Marvin Vettori,Jared Cannonier,-124.0,106.0
2023-06-17,Arman Tsarukyan,Joaquim Silva,-1200.0,750.0
2023-06-17,Manuel Torres,Nikolas Motta,-190.0,160.0
2023-06-24,David Onama,Gabriel Santos,188.0,-225.0
2023-06-24,Cody Brundage,Sedriques Dumas,-164.0,180.0
2023-06-24,Bruno Silva,Brendan Allen,188.0,-225.0
2023-06-24,Amanda Ribas,Maycee Barber,-200.0,168.0
2023-06-24,Ilia Topuria,Josh Emmett,-390.0,310.0
2023-06-24,Joshua Van,Zhalgas Zhumagulov,168.0,-200.0
2023-06-24,Neil Magny,Phil Rowe,-172.0,144.0
2023-06-24,Tabatha Ricci,Gillian Robertson,-138.0,108.0
2023-06-24,Randy Brown,Wellington Turman,-260.0,196.0
2023-07-01,Abus Magomedov,Sean Strickland,136.0,-162.0
2023-07-01,Michael Morales,Max Griffin,-250.0,205.0
2023-07-08,Marcin Prachnio,Vitor Petrino,220.0,-270.0
2023-07-08,Cameron Saaiman,Terrence Mitchell,-620.0,460.0
2023-07-08,Jesus Aguilar,Shannon Ross,-152.0,128.0
2023-07-15,Chelsea Chandler,Norma Dumont,120.0,-142.0
2023-07-15,Jack Della Maddalena,Bassil Hafez,-590.0,430.0
2023-07-15,Viktoriia Dudakova,Istela Nunes,-200.0,168.0
2023-07-15,Melquizael Costa,Austin Lingo,-225.0,188.0
2023-07-15,Ailin Perez,Ashlee Evans-Smith,-255.0,210.0
2023-07-15,JunYong Park,Albert Duraev,-154.0,130.0
2023-07-15,Azat Maksum,Tyson Nam,-405.0,320.0
2023-07-22,Danny Roberts,Jonny Parsons,-140.0,120.0
2023-07-22,Tom Aspinall,Marcin Tybura,-500.0,400.0
2023-07-22,Lerone Murphy,Josh Culibao,-140.0,120.0
2023-07-22,Ketlen Vieira,Pannie Kianzad,-155.0,135.0
2023-07-22,Paul Craig,Andre Muniz,200.0,-240.0
2023-07-22,Joel Alvarez,Marc Diakiese,-190.0,160.0
2023-07-22,Bryan Barberena,Makhmud Muradov,270.0,-325.0
2023-07-22,Mick Parkin,Jamal Pogues,130.0,-150.0
2023-07-22,Andre Fili,Nathaniel Wood,180.0,-210.0
2023-07-22,Molly McCann,Julija Stoliarenko,-205.0,175.0
2023-07-22,Bruna Brasil,Shauna Bannon,-145.0,125.0
2023-07-29,Dustin Poirier,Justin Gaethje,-145.0,125.0
2023-07-29,Jake Matthews,Darrius Flowers,-285.0,240.0
2023-07-29,Kevin Holland,Michael Chiesa,-135.0,115.0
2023-07-29,CJ Vergara,Vinicius Salvador,-180.0,145.0
2023-07-29,Roman Kopylov,Claudio Ribeiro,-240.0,195.0
2023-07-29,Marcos Rogerio de Lima,Derrick Lewis,-215.0,185.0
2023-07-29,Jan Blachowicz,Alex Pereira,100.0,-120.0
2023-07-29,Gabriel Bonfim,Trevin Giles,-360.0,295.0
2023-08-05,Rob Font,Cory Sandhagen,300.0,-380.0
2023-08-05,Raoni Barcelos,Kyler Phillips,180.0,-218.0
2023-08-05,Kennedy Nzechukwu,Dustin Jacoby,-170.0,142.0
2023-08-05,Diego Lopes,Gavin Tucker,-170.0,142.0
2023-08-05,Tatiana Suarez,Jessica Andrade,-375.0,295.0
2023-08-12,Jose Johnson,Da'Mon Blackshear,195.0,-238.0
2023-08-12,Jaqueline Amorim,Montserrat Conejo Ruiz,-245.0,200.0
2023-08-12,Iasmin Lucindo,Polyana Viana,-198.0,164.0
2023-08-12,Luana Santos,Juliana Miller,-148.0,124.0
2023-08-12,Tafon Nchukwi,AJ Dobson,-148.0,124.0
2023-08-12,JP Buys,Marcus McGhee,280.0,-355.0
2023-08-12,Jamie Pickett,Josh Fremd,260.0,-325.0
2023-08-12,Rafael Dos Anjos,Vicente Luque,-130.0,110.0
2023-08-12,Khalil Rountree Jr.,Chris Daukaus,-170.0,142.0
2023-08-19,Amanda Lemos,Zhang Weili,250.0,-310.0
2023-08-19,Neil Magny,Ian Machado Garry,380.0,-500.0
2023-08-19,Aljamain Sterling,Sean O'Malley,-258.0,210.0
2023-08-19,Denis Tiuliulin,Gregory Rodrigues,295.0,-375.0
2023-08-19,Marlon Vera,Pedro Munhoz,-166.0,140.0
2023-08-19,Mario Bautista,Da'Mon Blackshear,-205.0,170.0
2023-08-19,Chris Weidman,Brad Tavares,170.0,-205.0
2023-08-26,Song Kenan,Rolando Bedoya,285.0,-360.0
2023-08-26,Michal Oleksiejczuk,Chidi Njokuani,-130.0,110.0
2023-08-26,Ryan Spann,Anthony Smith,-130.0,110.0
2023-08-26,Erin Blanchfield,Taila Santos,-166.0,140.0
2023-08-26,Max Holloway,Chan Sung Jung,-700.0,500.0
2023-08-26,JJ Aldrich,Liang Na,-535.0,400.0
2023-09-02,Ange Loosa,Rhys McKee,-145.0,114.0
2023-09-02,Serghei Spivac,Ciryl Gane,160.0,-192.0
2023-09-02,Manon Fiorot,Rose Namajunas,-198.0,164.0
2023-09-02,Thiago Moises,Benoit Saint Denis,164.0,-198.0
2023-09-02,Nora Cornolle,Joselyne Edwards,114.0,-135.0
2023-09-02,Jacqueline Cavalcanti,Zarah Fairn,-380.0,300.0
2023-09-02,Bogdan Guskov,Volkan Oezdemir,145.0,-175.0
2023-09-02,Yanis Ghemmouri,William Gomis,164.0,-198.0
2023-09-09,Tyson Pedro,Anton Turkalj,102.0,-122.0
2023-09-09,Sean Strickland,Israel Adesanya,410.0,-550.0
2023-09-09,Da Woon Jung,Carlos Ulberg,230.0,-315.0
2023-09-09,Alexander Volkov,Tai Tuivasa,-238.0,195.0
2023-09-09,Felipe dos Santos,Manel Kape,340.0,-440.0
2023-09-16,Roman Kopylov,Josh Fremd,-325.0,260.0
2023-09-16,Tracy Cortez,Jasmine Jasudavicius,-125.0,105.0
2023-09-16,Kevin Holland,Jack Della Maddalena,-115.0,-105.0
2023-09-16,Loopy Godinez,Elise Reed,-395.0,310.0
2023-09-16,Terrence Mitchell,Raul Rosas Jr.,500.0,-700.0
2023-09-23,Andre Fialho,Tim Means,-166.0,130.0
2023-09-23,Marina Rodriguez,Michelle Waterson-Gomez,-360.0,260.0
2023-09-23,Hannah Goldy,Mizuki,250.0,-345.0
2023-09-23,Jacob Malkoun,Cody Brundage,-620.0,400.0
2023-09-23,Rafael Fiziev,Mateusz Gamrot,-142.0,120.0
2023-10-07,Joe Pyfer,Abdul Razak Alhassan,-395.0,280.0
2023-10-07,Joaquin Buckley,Alex Morono,-175.0,145.0
2023-10-14,Jonathan Martinez,Adrian Yanez,-125.0,105.0
2023-10-21,Tim Elliott,Muhammad Mokaev,350.0,-520.0
2023-10-21,Alexander Volkanovski,Islam Makhachev,220.0,-350.0
2023-10-21,Said Nurmagomedov,Muin Gafurov,-305.0,245.0
2023-10-21,Warlley Alves,Ikram Aliskerov,500.0,-700.0
2023-10-21,Viktoriia Dudakova,Jinh Yu Frey,-520.0,350.0
2023-10-21,Kamaru Usman,Khamzat Chimaev,300.0,-380.0
2023-11-04,Abus Magomedov,Caio Borralho,240.0,-298.0
2023-11-04,Derrick Lewis,Jailton Almeida,370.0,-485.0
2023-11-04,Gabriel Bonfim,Nicolas Dalby,-500.0,380.0
2023-11-11,Loopy Godinez,Tabatha Ricci,-230.0,175.0
2023-11-11,Jiří Procházka,Alex Pereira,-105.0,-125.0
2023-11-11,Sergei Pavlovich,Tom Aspinall,110.0,-130.0
2023-11-11,Steve Erceg,Alessandro Costa,-230.0,175.0
2023-11-11,Benoît Saint Denis,Matt Frevola,-238.0,180.0
2023-11-11,Diego Lopes,Pat Sabatini,110.0,-130.0
2023-11-11,Mackenzie Dern,Jessica Andrade,-250.0,205.0
2023-11-18,Payton Talbott,Nick Aguirre,-900.0,600.0
2023-11-18,Jake Matthews,Michael Morales,260.0,-360.0
2023-11-18,Jose Johnson,Chad Anheliger,-198.0,164.0
2023-11-18,Ailin Perez,Lucie Pudilova,-192.0,160.0
2023-11-18,Mick Parkin,Caio Machado,-410.0,290.0
2023-11-18,Rafael Estevam,Charles Johnson,-150.0,120.0
2023-11-18,Amanda Ribas,Luana Pinheiro,-250.0,205.0
2023-11-18,Christian Leroy Duncan,Denis Tiuliulin,-720.0,450.0
2023-11-18,Uros Medic,Myktybek Orolbai,-225.0,-110.0
2023-11-18,Brendan Allen,Paul Craig,-470.0,360.0
2023-12-02,Sean Brady,Kelvin Gastelum,-115.0,-105.0
2023-12-02,Beneil Dariush,Arman Tsarukyan,210.0,-280.0
2023-12-02,Punahele Soriano,Dustin Stoltzfus,-360.0,285.0
2023-12-02,Rob Font,Deiveson Figueiredo,-130.0,100.0
2023-12-09,Luana Santos,Stephanie Egger,-155.0,130.0
2023-12-09,JunYong Park,Andre Muniz,-198.0,164.0
2023-12-09,Steve Garcia,Melquizael Costa,500.0,-810.0
2023-12-09,HyunSung Park,Shannon Ross,-198.0,500.0
2023-12-09,Anthony Smith,Khalil Rountree Jr.,164.0,-198.0
2023-12-09,Tim Elliott,Sumudaerji,-162.0,136.0
2023-12-09,Chris Gutierrez,Song Yadong,280.0,-355.0
2023-12-09,Carlos Hernandez,Tatsuro Taira,400.0,-620.0
2024-01-13,Brunno Ferreira,Phil Hawes,-145.0,114.0
2024-01-13,Mario Bautista,Ricky Simon,140.0,-180.0
2024-01-13,Matthew Semelsberger,Preston Parsons,-130.0,100.0
2024-01-13,Tom Nolan,Nikolas Motta,-360.0,285.0
2024-01-13,Jean Silva,Westin Wilson,-950.0,625.0
2024-01-13,Magomed Ankalaev,Johnny Walker,-520.0,390.0
2024-01-13,Joshua Van,Felipe Bunes,-298.0,220.0
2024-01-13,Gaston Bolanos,Marcus McGhee,205.0,-250.0
2024-01-20,Movsar Evloev,Arnold Allen,-218.0,180.0
2024-01-20,Yohan Lainesse,Sam Patterson,-142.0,120.0
2024-01-20,Gillian Robertson,Polyana Viana,-298.0,240.0
2024-01-20,Raquel Pennington,Mayra Bueno Silva,142.0,-170.0
2024-01-20,Dricus Du Plessis,Sean Strickland,-112.0,-108.0
2024-01-20,Marc-Andre Barriault,Chris Curtis,145.0,-175.0
2024-01-20,Mike Malott,Neil Magny,-380.0,300.0
2024-01-20,Jasmine Jasudavicius,Priscila Cachoeira,-425.0,330.0
2024-02-03,Gilbert Urbina,Charles Radtke,-218.0,180.0
2024-02-03,Renato Moicano,Drew Dober,-205.0,170.0
2024-02-03,Nassourdine Imavov,Roman Dolidze,-180.0,150.0
2024-02-03,Natalia Silva,Viviane Araujo,-340.0,270.0
2024-02-03,Muslim Salikhov,Randy Brown,215.0,-265.0
2024-02-10,Trevin Giles,Carlos Prates,210.0,-258.0
2024-02-10,Ihor Potieria,Robert Bryczek,190.0,-230.0
2024-02-10,Jack Hermansson,Joe Pyfer,205.0,-250.0
2024-02-10,Brad Tavares,Gregory Rodrigues,190.0,-230.0
2024-02-10,Rodolfo Vieira,Armen Petrosyan,-105.0,-115.0
2024-02-10,Andre Fili,Dan Ige,154.0,-185.0
2024-02-17,Val Woodburn,Oban Elliott,300.0,-380.0
2024-02-17,Anthony Hernandez,Roman Kopylov,-218.0,180.0
2024-02-17,Mackenzie Dern,Amanda Lemos,136.0,-162.0
2024-02-17,Ilia Topuria,Alexander Volkanovski,120.0,-142.0
2024-02-17,Paulo Costa,Robert Whittaker,170.0,-205.0
2024-02-17,Henry Cejudo,Merab Dvalishvili,240.0,-298.0
2024-02-17,Geoff Neal,Ian Machado Garry,210.0,-258.0
2024-02-17,Marcos Rogerio de Lima,Junior Tafa,-230.0,190.0
2024-02-17,Brendson Ribeiro,Zhang Mingyang,-110.0,-110.0
2024-02-24,Brian Ortega,Yair Rodriguez,140.0,-166.0
2024-02-24,Jesus Aguilar,Mateus Mendonca,114.0,-135.0
2024-02-24,Edgar Chairez,Daniel Lacerda,-500.0,380.0
2024-02-24,Brandon Royval,Brandon Moreno,245.0,-305.0
2024-02-24,Victor Altamirano,Felipe dos Santos,230.0,-285.0
2024-02-24,Manuel Torres,Chris Duncan,-170.0,142.0
2024-02-24,Cristian Quinonez,Raoni Barcelos,136.0,-162.0
2024-03-02,Vinicius Oliveira,Benardo Sopaj,-175.0,114.0
2024-03-02,Tyson Pedro,Vitor Petrino,350.0,-455.0
2024-03-02,Alex Perez,Muhammad Mokaev,320.0,-410.0
2024-03-02,Bekzat Almakhan,Umar Nurmagomedov,800.0,-1350.0
2024-03-02,Steve Erceg,Matt Schnell,-485.0,370.0
2024-03-02,Aiemann Zahabi,Javid Basharat,550.0,-800.0
2024-03-02,Christian Leroy Duncan,Claudio Ribeiro,-410.0,320.0
2024-03-02,Eryk Anders,Jamie Pickett,-535.0,400.0
2024-03-09,Maycee Barber,Katlyn Cerminara,-185.0,154.0
2024-03-09,Benoît Saint Denis,Dustin Poirier,-218.0,180.0
2024-03-09,Jack Della Maddalena,Gilbert Burns,-170.0,142.0
2024-03-09,Curtis Blaydes,Jailton Almeida,114.0,-135.0
2024-03-09,Pedro Munhoz,Kyler Phillips,195.0,-238.0
2024-03-09,Ion Cutelaba,Philipe Lins,-135.0,114.0
2024-03-09,Kevin Holland,Michael Page,-142.0,120.0
2024-03-09,Mateusz Gamrot,Rafael Dos Anjos,-485.0,370.0
2024-03-09,Petr Yan,Song Yadong,-155.0,130.0
2024-03-09,Sean O'Malley,Marlon Vera,-290.0,235.0
2024-03-09,Michel Pereira,Michal Oleksiejczuk,-155.0,130.0
2024-03-16,Kennedy Nzechukwu,Ovince Saint Preux,-625.0,455.0
2024-03-16,Marcin Tybura,Tai Tuivasa,-102.0,-118.0
2024-03-23,Payton Talbott,Cameron Saaiman,-162.0,136.0
2024-03-23,Youssef Zalal,Billy Quarantillo,-130.0,110.0
2024-03-23,Rose Namajunas,Amanda Ribas,-218.0,180.0
2024-03-23,Edmen Shahbazyan,AJ Dobson,-192.0,160.0
2024-03-30,Chris Weidman,Bruno Silva,145.0,-175.0
2024-03-30,Rhys McKee,Chidi Njokuani,110.0,-130.0
2024-03-30,Joaquin Buckley,Vicente Luque,124.0,-148.0
2024-03-30,Loopy Godinez,Virna Jandiroba,-218.0,180.0
2024-03-30,Erin Blanchfield,Manon Fiorot,-218.0,180.0
2024-03-30,Nursulton Ruziboev,Sedriques Dumas,-258.0,210.0
2024-04-06,Chris Curtis,Brendan Allen,185.0,-225.0
2024-04-06,Norma Dumont,Germaine de Randamie,-115.0,-105.0
2024-04-06,Court McGee,Alex Morono,285.0,-360.0
2024-04-06,Melissa Mullins,Nora Cornolle,-360.0,285.0
2024-04-06,Valter Walker,Lukasz Brzeski,-250.0,205.0
2024-04-13,Kayla Harrison,Holly Holm,-455.0,350.0
2024-04-13,Jamahal Hill,Alex Pereira,110.0,-130.0
2024-04-13,Arman Tsarukyan,Charles Oliveira,-218.0,190.0
2024-04-13,Zhang Weili,Yan Xiaonan,-455.0,350.0
2024-04-13,Diego Lopes,Sodiq Yusuff,-142.0,120.0
2024-04-13,Aljamain Sterling,Calvin Kattar,-185.0,154.0
2024-04-13,Max Holloway,Justin Gaethje,154.0,-185.0
2024-04-13,Bo Nickal,Cody Brundage,-1600.0,900.0
2024-04-13,Jiří Procházka,Aleksandar Rakic,105.0,-125.0
2024-04-27,Tim Means,Uros Medic,210.0,-280.0
2024-04-27,David Onama,Jonathan Pearce,136.0,-162.0
2024-05-04,Michel Pereira,Ihor Potieria,-485.0,370.0
2024-05-04,Myktybek Orolbai,Elves Brener,-250.0,205.0
2024-05-04,Iasmin Lucindo,Karolina Kowalkiewicz,-355.0,280.0
2024-05-04,Paul Craig,Caio Borralho,390.0,-520.0
2024-05-04,Anthony Smith,Vitor Petrino,320.0,-410.0
2024-05-04,Jonathan Martinez,Jose Aldo,-166.0,140.0
2024-05-04,Steve Erceg,Alexandre Pantoja,150.0,-180.0
2024-05-11,Tabatha Ricci,Tecia Pennington,-152.0,128.0
2024-05-11,Charles Johnson,Jake Hadley,-118.0,-102.0
2024-05-11,JJ Aldrich,Veronica Hardy,-102.0,-118.0
2024-05-18,Khaos Williams,Carlston Harris,-122.0,102.0
2024-05-18,Lerone Murphy,Edson Barboza,-166.0,130.0
2024-06-08,Brunno Ferreira,Dustin Stoltzfus,-285.0,230.0
2024-06-08,Punahele Soriano,Miguel Baeza,160.0,-192.0
2024-06-08,Raul Rosas Jr.,Ricky Turcios,-298.0,220.0
2024-06-08,Dominick Reyes,Dustin Jacoby,190.0,-250.0
2024-06-08,Jared Cannonier,Nassourdine Imavov,110.0,-130.0
2024-06-15,Gabriella Fernandes,Carli Judice,-162.0,136.0
2024-06-15,Adam Fugitt,Josh Quinlan,114.0,-145.0
2024-06-15,Nate Maness,Jimmy Flick,-720.0,450.0
2024-06-15,Jose Johnson,Asu Almabayev,310.0,-395.0
2024-06-15,Melquizael Costa,Shayilan Nuerdanbieke,-238.0,180.0
2024-06-15,Tatsuro Taira,Alex Perez,-260.0,195.0
2024-06-15,Julia Polastri,Josefine Knutsson,165.0,-215.0
2024-06-22,Felipe Lima,Muhammad Naimov,114.0,-135.0
2024-06-22,Shara Magomedov,Antonio Trocoli,-810.0,500.0
2024-06-22,Alexander Volkov,Sergei Pavlovich,180.0,-238.0
2024-06-22,Daniel Rodriguez,Kelvin Gastelum,170.0,-220.0
2024-06-22,Johnny Walker,Volkan Oezdemir,-130.0,110.0
2024-06-22,Robert Whittaker,Ikram Aliskerov,-130.0,100.0
2024-06-22,Brendson Ribeiro,Magomed Gadzhiyasulov,290.0,-410.0
2024-06-22,Nicolas Dalby,Rinat Fakhretdinov,310.0,-395.0
2024-06-29,Jean Silva,Charles Jourdain,114.0,-135.0
2024-06-29,Andre Fili,Cub Swanson,-238.0,180.0
2024-06-29,Mayra Bueno Silva,Macy Chiasson,-105.0,-125.0
2024-06-29,Alex Pereira,Jiri Prochazka,-145.0,114.0
2024-06-29,Payton Talbott,Yanis Ghemmouri,-1750.0,850.0
2024-06-29,Michael Page,Ian Machado Garry,154.0,-200.0
2024-06-29,Joe Pyfer,Marc-Andre Barriault,-345.0,250.0
2024-06-29,Anthony Smith,Roman Dolidze,114.0,-145.0
2024-06-29,Diego Lopes,Dan Ige,-298.0,240.0
2024-07-13,Fatima Kline,Jasmine Jasudavicius,124.0,-160.0
2024-07-13,Rose Namajunas,Tracy Cortez,-270.0,200.0
2024-07-13,Montel Jackson,Da'Mon Blackshear,-115.0,-105.0
2024-07-13,Jean Silva,Drew Dober,-110.0,-110.0
2024-07-13,Gabriel Bonfim,Ange Loosa,-410.0,320.0
2024-07-13,Muslim Salikhov,Santiago Ponzinibbio,145.0,-188.0
2024-07-13,Luana Santos,Mariya Agapova,-425.0,300.0
2024-07-13,Charles Johnson,Joshua Van,220.0,-270.0
2024-07-20,Cody Durden,Bruno Silva,124.0,-160.0
2024-07-20,Amanda Lemos,Virna Jandiroba,-110.0,-120.0
2024-07-20,Steve Garcia,SeungWoo Choi,-175.0,145.0
2024-07-27,Belal Muhammad,Leon Edwards,200.0,-270.0
2024-07-27,Arnold Allen,Giga Chikadze,-270.0,220.0
2024-07-27,Jake Hadley,Caolan Loughran,195.0,-238.0
2024-07-27,Christian Leroy Duncan,Gregory Rodrigues,-120.0,100.0
2024-07-27,Muhammad Mokaev,Manel Kape,-220.0,170.0
2024-07-27,Curtis Blaydes,Tom Aspinall,300.0,-425.0
2024-07-27,Bruna Brasil,Molly McCann,250.0,-345.0
2024-08-03,Denis Tiuliulin,Sedriques Dumas,195.0,-238.0
2024-08-03,Marlon Vera,Deiveson Figueiredo,124.0,-148.0
2024-08-03,Mackenzie Dern,Loopy Godinez,-140.0,110.0
2024-08-03,Michael Chiesa,Tony Ferguson,-540.0,360.0
2024-08-03,Umar Nurmagomedov,Cory Sandhagen,-395.0,280.0
2024-08-03,Viktoriia Dudakova,Sam Hughes,-230.0,175.0
2024-08-03,Michal Oleksiejczuk,Shara Magomedov,250.0,-345.0
2024-08-03,Joel Alvarez,Elves Brener,-166.0,130.0
2024-08-03,Alonzo Menifield,Azamat Murzakanov,240.0,-298.0
2024-08-10,Marcin Tybura,Serghei Spivac,124.0,-160.0
2024-08-10,Chris Gutierrez,Quang Le,-720.0,450.0
2024-08-17,Dricus Du Plessis,Israel Adesanya,-120.0,100.0
2024-08-17,Casey O'Neill,Luana Santos,124.0,-160.0
2024-08-17,Kai Kara-France,Steve Erceg,220.0,-298.0
2024-08-17,Dan Hooker,Mateusz Gamrot,310.0,-445.0
2024-08-17,Carlos Prates,Li Jingliang,-410.0,320.0
2024-08-17,Valter Walker,Junior Tafa,-145.0,114.0
2024-08-24,Jared Cannonier,Caio Borralho,260.0,-325.0
2024-08-24,Angela Hill,Tabatha Ricci,160.0,-192.0
2024-08-24,Neil Magny,Michael Morales,600.0,-900.0
2024-08-24,Jacqueline Cavalcanti,Josiane Nunes,-290.0,235.0
2024-08-24,Gerald Meerschaert,Edmen Shahbazyan,260.0,-325.0
2024-09-07,Cody Durden,Matt Schnell,-278.0,225.0
2024-09-07,Felipe dos Santos,Andre Lima,140.0,-166.0
2024-09-07,Jaqueline Amorim,Vanessa Demopoulos,-258.0,210.0
2024-09-14,Alexa Grasso,Valentina Shevchenko,-130.0,110.0
2024-09-14,Diego Lopes,Brian Ortega,-205.0,170.0
2024-09-14,Manuel Torres,Ignacio Bahamondes,-130.0,110.0
2024-09-14,Irene Aldana,Norma Dumont,110.0,-130.0
2024-09-14,Ode Osbourne,Ronaldo Rodriguez,170.0,-205.0
2024-09-14,Sean O'Malley,Merab Dvalishvili,100.0,-120.0
2024-09-14,Joshua Van,Edgar Chairez,-278.0,225.0
2024-09-28,Vince Morales,Taylor Lapilus,285.0,-360.0
2024-09-28,Ailin Perez,Daria Zhelezniakova,-245.0,200.0
2024-09-28,Victor Altamirano,Daniel Barez,-125.0,105.0
2024-09-28,Ion Cutelaba,Ivan Erslan,-102.0,-118.0
2024-09-28,Brendan Allen,Nassourdine Imavov,185.0,-225.0
2024-09-28,Da Woon Jung,Oumar Sy,455.0,-625.0
2024-09-28,Jacqueline Cavalcanti,Nora Cornolle,-205.0,170.0
2024-09-28,Renato Moicano,Benoit Saint Denis,210.0,-258.0
2024-10-05,Kevin Holland,Roman Dolidze,-148.0,124.0
2024-10-05,Ketlen Vieira,Kayla Harrison,700.0,-1100.0
2024-10-05,Joaquin Buckley,Stephen Thompson,-225.0,185.0
2024-10-05,Raquel Pennington,Julianna Pena,-155.0,130.0
2024-10-05,Khalil Rountree Jr.,Alex Pereira,330.0,-425.0
2024-10-05,Marina Rodriguez,Iasmin Lucindo,154.0,-185.0
2024-10-05,Ihor Potieria,Cesar Almeida,380.0,-500.0
2024-10-05,Mario Bautista,Jose Aldo,-122.0,102.0
2024-10-12,Clayton Carpenter,Lucas Rocha,-245.0,200.0
2024-10-12,Julia Polastri,Cory McKenna,-108.0,-112.0
2024-10-12,Alex Morono,Daniel Rodriguez,200.0,-245.0
2024-10-12,Ramazan Temirov,CJ Vergara,-298.0,240.0
2024-10-19,Charles Johnson,Sumudaerji,-305.0,245.0
2024-10-19,Matheus Nicolau,Asu Almabayev,205.0,-250.0
2024-10-19,Elise Reed,Jessica Penne,-230.0,190.0
2024-10-19,Melissa Martinez,Alice Ardelean,-155.0,130.0
2024-10-19,Kyler Phillips,Rob Font,-625.0,455.0
2024-10-19,Michel Pereira,Anthony Hernandez,136.0,-162.0
2024-10-19,Jake Hadley,Cameron Smotherman,-575.0,425.0
2024-10-19,Joselyne Edwards,Tamires Vidal,-258.0,210.0
2024-10-26,Bruno Silva,Ismail Naurdiev,124.0,-148.0
2024-10-26,Khamzat Chimaev,Robert Whittaker,-245.0,200.0
2024-10-26,Brunno Ferreira,Abus Magomedov,130.0,-155.0
2024-10-26,Geoff Neal,Rafael Dos Anjos,-245.0,200.0
2024-10-26,Lerone Murphy,Dan Ige,-340.0,270.0
2024-10-26,Armen Petrosyan,Shara Magomedov,140.0,-166.0
2024-10-26,Kennedy Nzechukwu,Chris Barnett,-800.0,550.0
2024-10-26,Aleksandar Rakić,Magomed Ankalaev,270.0,-340.0
2024-10-26,Myktybek Orolbai,Mateusz Rebecki,-265.0,215.0
2024-10-26,Max Holloway,Ilia Topuria,245.0,-305.0
2024-11-02,Erin Blanchfield,Rose Namajunas,-155.0,130.0
2024-11-02,Marc-Andre Barriault,Dustin Stoltzfus,-270.0,220.0
2024-11-02,Brendson Ribeiro,Caio Machado,160.0,-192.0
2024-11-02,Trevin Giles,Mike Malott,295.0,-375.0
2024-11-02,Jasmine Jasudavicius,Ariane da Silva,-250.0,190.0
2024-11-02,Amir Albazi,Brandon Moreno,150.0,-180.0
2024-11-09,Gaston Bolanos,Cortavious Romious,205.0,-250.0
2024-11-09,Reinier de Ridder,Gerald Meerschaert,-310.0,250.0
2024-11-09,Luana Pinheiro,Gillian Robertson,360.0,-470.0
2024-11-09,Neil Magny,Carlos Prates,550.0,-800.0
2024-11-09,Dusko Todorovic,Mansur Abdul-Malik,370.0,-485.0
2024-11-16,Mickey Gall,Ramiz Brahimaj,-170.0,142.0
2024-11-16,Karine Silva,Viviane Araujo,-290.0,235.0
2024-11-16,Bassil Hafez,Oban Elliott,250.0,-310.0
2024-11-16,David Onama,Roberto Romero,-1450.0,850.0
2024-11-16,Jon Jones,Stipe Miocic,-550.0,410.0
2024-11-16,Marcus McGhee,Jonathan Martinez,-115.0,-105.0
2024-11-16,Charles Oliveira,Michael Chandler,-265.0,215.0
2024-11-16,Bo Nickal,Paul Craig,-1350.0,800.0
2024-11-16,Marcin Tybura,Jhonata Diniz,-105.0,-115.0
2024-11-16,Mauricio Ruffy,James Llontop,-1000.0,650.0
2024-11-23,Gabriella Fernandes,Wang Cong,750.0,-950.0
2024-11-23,Zhang Mingyang,Ozzy Diaz,-225.0,210.0
2024-11-23,Volkan Oezdemir,Carlos Ulberg,215.0,-265.0
2024-11-23,Yan Xiaonan,Tabatha Ricci,-198.0,164.0
2024-11-23,Deiveson Figueiredo,Petr Yan,245.0,-305.0
2024-11-23,Carlos Hernandez,Nyamjargal Tumendemberel,-122.0,102.0
2024-12-07,Kennedy Nzechukwu,Lukasz Brzeski,-550.0,410.0
2024-12-07,Joshua Van,Cody Durden,-170.0,142.0
2024-12-07,Randy Brown,Bryan Battle,150.0,-180.0
2024-12-07,Ciryl Gane,Alexander Volkov,-380.0,300.0
2024-12-07,Ian Machado Garry,Shavkat Rakhmonov,295.0,-210.0
2024-12-07,Vicente Luque,Themba Gorimbo,-650.0,-162.0
2024-12-07,Dominick Reyes,Anthony Smith,-380.0,300.0
2024-12-07,Michael Chiesa,Max Griffin,-130.0,110.0
2024-12-07,Kai Asakura,Alexandre Pantoja,215.0,-250.0
2024-12-07,Chris Weidman,Eryk Anders,-112.0,-108.0
2024-12-07,Aljamain Sterling,Movsar Evloev,195.0,-238.0
2024-12-14,Felipe Lima,Miles Johns,-258.0,210.0
2024-12-14,Miranda Maverick,Jamey-Lyn Horth,-625.0,455.0
2024-12-14,Dustin Jacoby,Vitor Petrino,270.0,-340.0
2024-12-14,Bruno Silva,Manel Kape,310.0,-395.0
2024-12-14,Joel Alvarez,Drakkar Klose,-425.0,330.0
2024-12-14,Joaquin Buckley,Colby Covington,-250.0,205.0
2025-01-11,Preston Parsons,Jacobe Smith,450.0,-600.0
2025-01-11,Abdul Razak Alhassan,Cesar Almeida,215.0,-260.0
2025-01-11,Santiago Ponzinibbio,Carlston Harris,-154.0,130.0
2025-01-11,Punahele Soriano,Uros Medic,198.0,-240.0
2025-01-11,Thiago Moises,Trey Ogden,-166.0,140.0
2025-01-11,Amanda Ribas,Mackenzie Dern,-194.0,162.0
2025-01-11,Marco Tulio,Ihor Potieria,-500.0,385.0
2025-01-11,Viktoriia Dudakova,Fatima Kline,560.0,-800.0
2025-01-11,Chris Curtis,Roman Kopylov,198.0,-240.0
2025-01-11,Felipe Bunes,Jose Johnson,140.0,-166.0
2025-01-18,Serghei Spivac,Jailton Almeida,350.0,-450.0
2025-01-18,Clayton Carpenter,Tagir Ulanbekov,310.0,-390.0
2025-01-18,Billy Elekana,Bogdan Guskov,330.0,-420.0
2025-01-18,Raoni Barcelos,Payton Talbott,750.0,-1200.0
2025-01-18,Renato Moicano,Islam Makhachev,-165.0,-350.0
2025-01-18,Ricky Turcios,Benardo Sopaj,240.0,-295.0
2025-01-18,Merab Dvalishvili,Umar Nurmagomedov,220.0,-270.0
2025-01-18,Kevin Holland,Reinier de Ridder,116.0,-136.0
2025-01-18,Jamahal Hill,Jiri Prochazka,-120.0,102.0
2025-01-18,Karol Rosa,Ailin Perez,-245.0,205.0
2025-02-01,Jasmine Jasudavicius,Mayra Bueno Silva,-250.0,205.0
2025-02-01,Michael Page,Shara Magomedov,164.0,-196.0
2025-02-01,Nassourdine Imavov,Israel Adesanya,134.0,-158.0
2025-02-01,Vinicius Oliveira,Said Nurmagomedov,188.0,-225.0
2025-02-01,Sergei Pavlovich,Jairzinho Rozenstruik,-320.0,260.0
2025-02-08,Tatiana Suarez,Zhang Weili,-146.0,124.0
2025-02-08,Tom Nolan,Viacheslav Borshchev,-102.0,-116.0
2025-02-08,Jimmy Crute,Rodolfo Bellato,124.0,-146.0
2025-02-08,Sean Strickland,Dricus Du Plessis,184.0,-220.0
2025-02-08,Jake Matthews,Francisco Prado,-245.0,200.0
2025-02-08,Quillan Salkilld,Anshul Jubli,-450.0,350.0
2025-02-15,Vince Morales,Elijah Smith,104.0,-122.0
2025-02-15,Youssef Zalal,Calvin Kattar,-450.0,350.0
2025-02-15,Gregory Rodrigues,Jared Cannonier,-240.0,194.0
2025-02-15,Khaos Williams,Gabriel Bonfim,205.0,-245.0
2025-02-15,Edmen Shahbazyan,Dylan Budka,-720.0,520.0
2025-02-15,Jesus Aguilar,Rafael Estevam,460.0,-620.0
2025-02-15,Jacqueline Cavalcanti,Julia Avila,-720.0,520.0
2025-02-15,Angela Hill,Ketlen Souza,-112.0,-104.0
2025-02-15,Valter Walker,Don'Tale Mayes,-330.0,265.0
2025-02-15,Rodolfo Vieira,Andre Petroski,-270.0,220.0
2025-02-22,Rob Font,Jean Matsumoto,168.0,-200.0
2025-02-22,Ricky Simon,Javid Basharat,215.0,-260.0
2025-02-22,Ion Cutelaba,Ibo Aslan,180.0,-215.0
2025-02-22,Jean Silva,Melsik Baghdasaryan,-490.0,380.0
2025-02-22,Brendan Allen,Anthony Hernandez,270.0,-335.0
2025-02-22,Nursulton Ruziboev,Eric McConico,-320.0,260.0
2025-02-22,Melquizael Costa,Andre Fili,-142.0,120.0
2025-02-22,Song Yadong,Henry Cejudo,-255.0,210.0
2025-02-22,Alonzo Menifield,Julius Walker,-235.0,194.0
2025-03-01,JJ Aldrich,Andrea Lee,-176.0,148.0
2025-03-01,Sam Patterson,Danny Barlow,200.0,-245.0
2025-03-01,Manel Kape,Asu Almabayev,-220.0,184.0
2025-03-01,Cody Brundage,Julian Marquez,-116.0,-102.0
2025-03-01,Ramazan Temirov,Charles Johnson,106.0,-124.0
2025-03-08,Iasmin Lucindo,Amanda Lemos,-136.0,116.0
2025-03-08,Alex Morono,Carlos Leal,530.0,-750.0
2025-03-08,Magomed Ankalaev,Alex Pereira,104.0,-122.0
2025-03-08,Jalin Turner,Ignacio Bahamondes,120.0,-142.0
2025-03-08,Rafael Fiziev,Justin Gaethje,-154.0,130.0
2025-03-08,King Green,Mauricio Ruffy,390.0,-510.0
2025-03-08,Brunno Ferreira,Armen Petrosyan,110.0,-130.0
2025-03-08,Joshua Van,Rei Tsuruya,-156.0,132.0
2025-03-15,Marvin Vettori,Roman Dolidze,-154.0,130.0
2025-03-15,Brendson Ribeiro,Diyar Nurgozhay,340.0,-430.0
2025-03-15,Priscila Cachoeira,Josiane Nunes,146.0,-174.0
2025-03-15,Kevin Vallejos,SeungWoo Choi,-510.0,390.0
2025-03-15,Elizeu Zaleski dos Santos,Chidi Njokuani,-196.0,164.0
2025-03-15,Waldo Cortes Acosta,Ryan Spann,-230.0,190.0
2025-03-22,Kevin Holland,Gunnar Nelson,108.0,-126.0
2025-03-22,Andrey Pulyaev,Christian Leroy Duncan,320.0,-405.0
2025-03-22,Leon Edwards,Sean Brady,120.0,-132.0
2025-03-22,Molly McCann,Alexia Thainara,188.0,-225.0
2025-03-22,Carlos Ulberg,Jan Blachowicz,-330.0,265.0
2025-03-22,Mick Parkin,Marcin Tybura,-168.0,142.0
2025-03-29,Steve Erceg,Brandon Moreno,190.0,-230.0
2025-03-29,Kevin Borjas,Ronaldo Rodriguez,370.0,-176.0
2025-03-29,CJ Vergara,Edgar Chairez,220.0,-270.0
2025-03-29,David Martinez,Saimon Oliveira,-770.0,540.0
2025-03-29,Manuel Torres,Drew Dober,-124.0,106.0
2025-03-29,Julia Polastri,Loopy Godinez,194.0,-235.0
2025-03-29,Raul Rosas Jr.,Vince Morales,-480.0,370.0
2025-03-29,Melquizael Costa,Christian Rodriguez,168.0,-200.0
2025-04-05,Brad Tavares,Gerald Meerschaert,-166.0,140.0
2025-04-05,Rhys McKee,Daniel Frunza,104.0,-122.0
2025-04-05,Loma Lookboonmee,Istela Nunes,-900.0,610.0
2025-04-05,Lerone Murphy,Josh Emmett,-320.0,260.0
2025-04-05,Ode Osbourne,Luis Gurule,210.0,-255.0
2025-04-12,Jean Silva,Bryce Mitchell,-205.0,172.0
2025-04-12,Virna Jandiroba,Yan Xiaonan,-134.0,114.0
2025-04-12,Sumudaerji,Mitch Raposo,-144.0,122.0
2025-04-12,Yair Rodriguez,Patricio Freire,-164.0,138.0
2025-04-12,Nikita Krylov,Dominick Reyes,-152.0,128.0
2025-04-12,Paddy Pimblett,Michael Chandler,-168.0,142.0
2025-04-12,Michal Oleksiejczuk,Sedriques Dumas,-190.0,160.0
2025-04-12,Marco Tulio,Tresean Gore,-550.0,410.0
2025-04-12,Nora Cornolle,Hailey Cowan,-230.0,190.0
2025-04-12,Alexander Volkanovski,Diego Lopes,-156.0,132.0
2025-04-26,Ian Machado Garry,Carlos Prates,-164.0,138.0
2025-04-26,Abus Magomedov,Michel Pereira,120.0,-142.0
2025-04-26,Cameron Saaiman,Malcolm Wellmaker,108.0,-126.0
2025-04-26,Chris Gutierrez,John Castaneda,-148.0,126.0
2025-04-26,David Onama,Giga Chikadze,-198.0,166.0
2025-04-26,Jaqueline Amorim,Polyana Viana,-900.0,610.0
2025-04-26,Anthony Smith,Zhang Mingyang,295.0,-370.0
2025-04-26,Chelsea Chandler,Joselyne Edwards,240.0,-295.0
2025-04-26,Jimmy Flick,Matt Schnell,138.0,-164.0
2025-04-26,Ikram Aliskerov,Andre Muniz,-430.0,340.0
2025-04-26,Nicolas Dalby,Randy Brown,260.0,-320.0
2025-05-03,Daniel Rodriguez,Santiago Ponzinibbio,118.0,-138.0
2025-05-03,Gaston Bolanos,Quang Le,-126.0,108.0
2025-05-03,Miesha Tate,Yana Santos,-152.0,128.0
2025-05-03,Cory Sandhagen,Deiveson Figueiredo,-520.0,400.0
2025-05-03,Reinier de Ridder,Bo Nickal,295.0,-370.0
2025-05-03,Montel Jackson,Daniel Marcos,-225.0,188.0
2025-05-03,Marina Rodriguez,Gillian Robertson,220.0,-270.0
2025-05-10,Belal Muhammad,Jack Della Maddalena,-192.0,160.0
2025-05-10,Bekzat Almakhan,Brad Katona,-142.0,120.0
2025-05-10,Jose Aldo,Aiemann Zahabi,-220.0,175.0
2025-05-10,Benoit Saint Denis,Kyle Prepolec,-1115.0,750.0
2025-05-10,Manon Fiorot,Valentina Shevchenko,-135.0,114.0
2025-05-10,Jéssica Andrade,Jasmine Jasudavicius,225.0,-275.0
2025-05-10,Mike Malott,Charles Radtke,-200.0,160.0
2025-05-10,Natalia Silva,Alexa Grasso,-225.0,175.0
2025-05-10,Ion Cutelaba,Modestas Bukauskas,-110.0,-106.0
2025-05-10,Bruno Silva,Marc-Andre Barriault,136.0,-162.0
2025-05-17,Nursulton Ruziboev,Dustin Stoltzfus,-240.0,198.0
2025-05-17,Tainara Lisboa,Luana Santos,150.0,-148.0
2025-05-17,Luana Pinheiro,Tecia Pennington,260.0,-320.0
2025-05-17,Thiago Moises,Jared Gordon,102.0,-120.0
2025-05-17,Denise Gomes,Elise Reed,-590.0,430.0
2025-05-17,Carlos Hernandez,HyunSung Park,162.0,-194.0
2025-05-17,Gabe Green,Matheus Camilo,158.0,-188.0
2025-05-17,Gilbert Burns,Michael Morales,370.0,-480.0
2025-05-17,Melquizael Costa,Julian Erosa,-164.0,138.0
2025-05-31,Macy Chiasson,Ketlen Vieira,-144.0,122.0
2025-05-31,Mateusz Gamrot,Ludovit Klein,-154.0,130.0
2025-05-31,Allan Nascimento,Jafel Filho,-120.0,102.0
2025-05-31,Dusko Todorovic,Zach Reese,176.0,-210.0
2025-05-31,Dustin Jacoby,Bruno Lopes,-194.0,162.0
2025-06-07,Wang Cong,Ariane da Silva,-650.0,460.0
2025-06-07,Joe Pyfer,Kelvin Gastelum,-375.0,295.0
2025-06-07,Kayla Harrison,Julianna Pena,-655.0,455.0
2025-06-07,Quillan Salkilld,Yanal Ashmouz,-420.0,330.0
2025-06-07,Patchy Mix,Mario Bautista,-180.0,150.0
2025-06-07,Kevin Holland,Vicente Luque,-218.0,180.0
2025-06-07,Merab Dvalishvili,Sean O'Malley,-310.0,250.0
2025-06-07,Khaos Williams,Andreas Gustafsson,-188.0,158.0
2025-06-07,Serghei Spivac,Waldo Cortes Acosta,-168.0,142.0
2025-06-07,Azamat Murzakanov,Brendson Ribeiro,-620.0,460.0
2025-06-07,Joshua Van,Bruno Silva,-700.0,500.0
2025-06-14,Edmen Shahbazyan,Andre Petroski,-168.0,142.0
2025-06-14,Oumar Sy,Alonzo Menifield,-670.0,490.0
2025-06-14,Ange Loosa,Phil Rowe,-180.0,152.0
2025-06-14,Rose Namajunas,Miranda Maverick,-245.0,200.0
2025-06-14,Paul Craig,Rodolfo Bellato,290.0,-360.0
2025-06-14,Cody Brundage,Mansur Abdul-Malik,640.0,-950.0
2025-06-14,Raoni Barcelos,Cody Garbrandt,-255.0,210.0
2025-06-14,Jose Ochoa,Cody Durden,-205.0,172.0
2025-06-14,Ricky Simon,Cameron Smotherman,-390.0,310.0
2025-06-14,Joaquin Buckley,Kamaru Usman,-220.0,184.0
2025-06-14,Court McGee,Michael Chiesa,270.0,-335.0
2025-06-21,Khalil Rountree Jr.,Jamahal Hill,100.0,-118.0
2025-06-21,Myktybek Orolbai,Tofiq Musayev,-186.0,156.0
2025-06-21,Tagir Ulanbekov,Azat Maksum,-500.0,385.0
2025-06-21,Curtis Blaydes,Rizvan Kuniev,-240.0,198.0
2025-06-21,JunYong Park,Ismail Naurdiev,-190.0,160.0
2025-06-21,Daria Zhelezniakova,Melissa Mullins,205.0,-250.0
2025-06-21,Irina Alekseeva,Klaudia Sygula,-245.0,200.0
2025-06-21,Rafael Fiziev,Ignacio Bahamondes,124.0,-144.0
2025-06-28,Terrance McKinney,Viacheslav Borshchev,-195.0,155.0
2025-06-28,Alexandre Pantoja,Kai Kara-France,-278.0,210.0
2025-06-28,Renato Moicano,Beneil Dariush,-148.0,116.0
2025-06-28,Brandon Royval,Joshua Van,-120.0,100.0
2025-06-28,Jose Delgado,Hyder Amil,-167.0,133.0
2025-06-28,Gregory Rodrigues,Jack Hermansson,-186.0,148.0
2025-06-28,Felipe Lima,Payton Talbott,-180.0,155.0
2025-06-28,Tracy Cortez,Viviane Araujo,-240.0,180.0
2025-06-28,Ilia Topuria,Charles Oliveira,-420.0,310.0
2025-07-12,Chidi Njokuani,Jake Matthews,-122.0,-104.0
2025-07-12,Max Griffin,Chris Curtis,230.0,-310.0
2025-07-12,Steve Garcia,Calvin Kattar,-150.0,118.0
2025-07-12,Kennedy Nzechukwu,Valter Walker,-245.0,186.0
2025-07-12,Derrick Lewis,Tallison Teixeira,186.0,-245.0
2025-07-12,Lauren Murphy,Eduarda Moura,420.0,-650.0
2025-07-12,Stephen Thompson,Gabriel Bonfim,300.0,-430.0
2025-07-12,Fatima Kline,Melissa Martinez,-1100.0,600.0
2025-07-19,Vinicius Oliveira,Kyler Phillips,-155.0,125.0
2025-07-19,Roman Kopylov,Paulo Costa,-235.0,190.0
2025-07-19,Jimmy Crute,Marcin Prachnio,-350.0,275.0
2025-07-19,Kevin Holland,Daniel Rodriguez,-600.0,425.0
2025-07-19,Ryan Spann,Lukasz Brzeski,-250.0,200.0
2025-07-19,Dan Ige,Patricio Pitbull,-220.0,180.0
2025-07-19,Daniel Zellhuber,Michael Johnson,-650.0,475.0
2025-07-19,Adam Fugitt,Islam Dulatov,320.0,-460.0
2025-07-19,Max Holloway,Dustin Poirier,-140.0,115.0
2025-07-19,Brendan Allen,Marvin Vettori,-190.0,160.0
2025-07-26,Bogdan Guskov,Nikita Krylov,164.0,-196.0
2025-07-26,Muslim Salikhov,Carlos Leal,380.0,-490.0
2025-07-26,Shara Magomedov,Marc-Andre Barriault,-650.0,480.0
2025-07-26,Marcus McGhee,Petr Yan,280.0,-350.0
2025-07-26,Robert Whittaker,Reinier de Ridder,-152.0,128.0
2025-07-26,Said Nurmagomedov,Bryce Mitchell,124.0,-144.0
2025-07-26,Billy Elekana,Ibo Aslan,235.0,-290.0
2025-07-26,Amanda Ribas,Tabatha Ricci,-178.0,150.0
2025-07-26,Jose Ochoa,Asu Almabayev,-108.0,-108.0
2025-08-02,Andrey Pulyaev,Nick Klein,-126.0,108.0
2025-08-02,John Yannis,Austin Bashi,730.0,-1150.0
2025-08-02,Rodolfo Vieira,Tresean Gore,-235.0,194.0
2025-08-02,Neil Magny,Elizeu Zaleski dos Santos,134.0,-158.0
2025-08-02,Tatsuro Taira,HyunSung Park,-275.0,270.0
2025-08-02,Felipe Bunes,Rafael Estevam,490.0,-670.0
2025-08-02,Karol Rosa,Nora Cornolle,-158.0,132.0
2025-08-02,Kevin Vallejos,Danny Silva,-375.0,300.0
2025-08-09,Steve Erceg,Ode Osbourne,-590.0,440.0
2025-08-09,Joselyne Edwards,Priscila Cachoeira,-420.0,330.0
2025-08-09,Eryk Anders,Christian Leroy Duncan,380.0,-490.0
2025-08-09,Gilbert Urbina,Uros Medic,270.0,-335.0
2025-08-09,Andre Fili,Christian Rodriguez,205.0,-250.0
2025-08-09,Gabriella Fernandes,Julija Stoliarenko,-450.0,350.0
2025-08-09,Iasmin Lucindo,Angela Hill,-172.0,144.0
2025-08-09,Anthony Hernandez,Roman Dolidze,-330.0,265.0
2025-08-09,Cody Brundage,Eric McConico,-230.0,190.0
2025-08-16,Chase Hooper,Alexander Hernandez,-325.0,260.0
2025-08-16,Edson Barboza,Drakkar Klose,-130.0,110.0
2025-08-16,Carlos Prates,Geoff Neal,-218.0,180.0
2025-08-16,Loopy Godinez,Jessica Andrade,-148.0,124.0
2025-08-16,Kai Asakura,Tim Elliott,-310.0,250.0
2025-08-16,Aaron Pico,Lerone Murphy,-185.0,154.0
2025-08-16,Michael Page,Jared Cannonier,-218.0,180.0
2025-08-16,Khamzat Chimaev,Dricus du Plessis,-265.0,215.0
2025-08-16,Michal Oleksiejczuk,Gerald Meerschaert,-218.0,180.0
2025-08-16,Karine Silva,Dione Barbosa,-205.0,170.0
2025-08-23,Michel Pereira,Kyle Daukaus,-245.0,200.0
2025-08-23,Waldo Cortes Acosta,Sergei Pavlovich,215.0,-260.0
2025-08-23,Sumudaerji,Kevin Borjas,-168.0,142.0
2025-08-23,Zhang Mingyang,Johnny Walker,-370.0,295.0
2025-08-23,Brian Ortega,Aljamain Sterling,380.0,-490.0
2025-09-06,Marcin Tybura,Ante Delija,-116.0,-102.0
2025-09-06,Mauricio Ruffy,Benoît Saint Denis,-174.0,146.0
2025-09-06,Brad Tavares,Robert Bryczek,-200.0,168.0
2025-09-06,Sam Patterson,Trey Waters,-194.0,162.0
2025-09-06,Rhys McKee,Axel Sola,116.0,-136.0
2025-09-06,Oumar Sy,Brendson Ribeiro,-560.0,420.0
2025-09-06,Caio Borralho,Nassourdine Imavov,-132.0,112.0
2025-09-06,Modestas Bukauskas,Paul Craig,-335.0,270.0
2025-09-13,Kelvin Gastelum,Dustin Stoltzfus,-235.0,194.0
2025-09-13,Jesus Aguilar,Luis Gurule,158.0,-188.0
2025-09-13,Tatiana Suarez,Amanda Lemos,-430.0,340.0
2025-09-13,Dusko Todorovic,Jose Daniel Medina,-405.0,320.0
2025-09-13,David Martinez,Rob Font,108.0,-130.0
2025-09-13,Jean Silva,Diego Lopes,-210.0,176.0
2025-09-13,Alessandro Costa,Alden Coria,-340.0,275.0
2025-09-13,Montse Rendon,Alice Pereira,138.0,-164.0
2025-09-27,Dominick Reyes,Carlos Ulberg,200.0,-245.0
2025-09-27,Jimmy Crute,Ivan Erslan,-235.0,194.0
2025-09-27,Tom Nolan,Charlie Campbell,-158.0,134.0
2025-09-27,Jake Matthews,Neil Magny,-320.0,260.0
2025-09-27,Michelle Montague,Luana Carolina,-210.0,176.0
2025-09-27,Brando Peričić,Elisha Ellison,-215.0,180.0
2025-09-27,Loma Lookboonmee,Alexia Thainara,190.0,-230.0
2025-10-04,Daniel Santos,JooSang Yoo,-162.0,136.0
2025-10-04,Edmen Shahbazyan,Andre Muniz,-325.0,260.0
2025-10-04,Patchy Mix,Jakub Wiklacz,-350.0,280.0
2025-10-04,Merab Dvalishvili,Cory Sandhagen,-440.0,340.0
2025-10-04,Abus Magomedov,Joe Pyfer,-250.0,205.0
2025-10-04,Punahele Soriano,Nikolay Veretennikov,-405.0,320.0
2025-10-04,Josh Emmett,Youssef Zalal,-470.0,360.0
2025-10-04,Chris Gutierrez,Farid Basharat,-485.0,370.0
2025-10-04,Jiri Prochazka,Khalil Rountree Jr.,-218.0,180.0
2025-10-04,Magomed Ankalaev,Alex Pereira,-270.0,220.0
2025-10-04,Macy Chiasson,Yana Santos,-192.0,160.0
2025-10-11,Karolina Kowalkiewicz,Julia Polastri,430.0,-590.0
2025-10-11,Bia Mesquita,Irina Alekseeva,-600.0,450.0
2025-10-11,Montel Jackson,Deiveson Figueiredo,-330.0,265.0
2025-10-11,Clayton Carpenter,Jafel Filho,106.0,-124.0
2025-10-11,Saimon Oliveira,Luan Lacerda,-108.0,-390.0
2025-10-11,Vicente Luque,Joel Alvarez,410.0,-650.0
2025-10-11,Charles Oliveira,Mateusz Gamrot,-108.0,-108.0
2025-10-18,Aoriqileng,Cody Gibson,160.0,-182.0
2025-10-18,Aiemann Zahabi,Marlon Vera,-132.0,112.0
2025-10-18,Kevin Holland,Mike Malott,-110.0,-106.0
2025-10-18,Jasmine Jasudavicius,Manon Fiorot,190.0,-230.0
2025-10-18,Brendan Allen,Reinier de Ridder,184.0,-220.0
2025-10-18,Bruno Silva,HyunSung Park,188.0,-225.0
2025-10-18,Melissa Croden,Tainara Lisboa,-132.0,112.0
2025-10-18,Drew Dober,Kyle Prepolec,-330.0,265.0
2025-10-25,Ikram Aliskerov,Park Jun-yong,-225.0,185.0
2025-10-25,Hamdy Abdelwahab,Chris Barnett,-500.0,380.0
2025-10-25,Jose Delgado,Nathaniel Wood,-148.0,124.0
2025-10-25,Ludovit Klein,Mateusz Rebecki,-135.0,114.0
2025-10-25,Mackenzie Dern,Virna Jandiroba,-148.0,124.0
2025-10-25,JunYong Park,Ikram Aliskerov,190.0,-230.0
2025-10-25,Valter Walker,Louie Sutherland,-395.0,310.0
2025-10-25,Jailton Almeida,Alexander Volkov,-185.0,154.0
2025-10-25,Umar Nurmagomedov,Mario Bautista,-625.0,455.0
2025-10-25,Aleksandar Rakic,Azamat Murzakanov,-118.0,-102.0
2025-10-25,Quillan Salkilld,Nasrat Haqparast,-118.0,-102.0
2025-10-25,Azat Maksum,Mitch Raposo,-500.0,385.0
2025-10-25,Jaqueline Amorim,Mizuki,-490.0,380.0
2025-10-25,Ciryl Gane,Tom Aspinall,315.0,-400.0
2025-11-01,Norma Dumont,Ketlen Vieira,-174.0,146.0
2025-11-01,Allan Nascimento,Cody Durden,-310.0,250.0
2025-11-01,David Onama,Steve Garcia,118.0,-138.0
2025-11-01,Charles Radtke,Daniel Frunza,-172.0,144.0
2025-11-01,Waldo Cortes Acosta,Ante Delija,110.0,-130.0
2025-11-01,Billy Elekana,Kevin Christian,-270.0,220.0
2025-11-08,Randy Brown,Gabriel Bonfim,138.0,-164.0
2025-11-08,Matt Schnell,Joseph Morales,380.0,-490.0
2025-11-08,Jacqueline Cavalcanti,Mayra Bueno Silva,-220.0,184.0
2025-11-08,Denise Gomes,Tecia Pennington,-190.0,160.0
2025-11-08,Muslim Salikhov,Uros Medic,110.0,-130.0
2025-11-08,Josh Hokit,Max Gimenis,-430.0,340.0
2025-11-08,Marco Tulio,Christian Leroy Duncan,-166.0,140.0
2025-11-08,Ricky Simon,Raoni Barcelos,-188.0,158.0
2025-11-15,Islam Makhachev,Jack Della Maddalena,-298.0,240.0
2025-11-15,Beneil Dariush,Benoit Saint Denis,-115.0,-105.0
2025-11-15,Gregory Rodrigues,Roman Kopylov,-196.0,164.0
2025-11-15,Valentina Shevchenko,Zhang Weili,-160.0,135.0
2025-11-15,Rodolfo Vieira,Bo Nickal,200.0,-245.0
2025-11-15,Fatima Kline,Angela Hill,-590.0,440.0
2025-11-15,Gerald Meerschaert,Kyle Daukaus,370.0,-480.0
2025-11-15,Sean Brady,Michael Morales,-180.0,150.0
2025-11-15,Leon Edwards,Carlos Prates,-130.0,110.0
2025-11-15,Erin Blanchfield,Tracy Cortez,-330.0,265.0
2025-11-22,Jack Hermansson,Myktybek Orolbai,166.0,-198.0
2025-11-22,Tagir Ulanbekov,Kyoji Horiguchi,-235.0,194.0
2025-11-22,Nicolas Dalby,Saygid Izagakhmaev,270.0,-335.0
2025-11-22,Ian Machado Garry,Belal Muhammad,-290.0,235.0
2025-11-22,Alonzo Menifield,Volkan Oezdemir,190.0,-230.0
2025-11-22,Ismail Naurdiev,Ryan Loder,-124.0,106.0
2025-11-22,Bekzat Almakhan,Aleksandre Topuria,118.0,-138.0
2025-11-22,Waldo Cortes Acosta,Shamil Gaziev,-148.0,126.0
2025-11-22,Dan Hooker,Arman Tsarukyan,530.0,-750.0
2025-11-22,Asu Almabayev,Alex Perez,-205.0,172.0
2025-12-06,Bogdan Guskov,Jan Blachowicz,-126.0,108.0
2025-12-06,Alexandre Pantoja,Joshua Van,-225.0,185.0
2025-12-06,Grant Dawson,Manuel Torres,-250.0,205.0
2025-12-06,Jalin Turner,Edson Barboza,-395.0,310.0
2025-12-06,Mairon Santos,Muhammad Naimov,-238.0,195.0
2025-12-06,Iwo Baraniewski,Ibo Aslan,-192.0,160.0
2025-12-06,Fares Ziam,Nazim Sadykhov,-162.0,136.0
2025-12-06,Chris Duncan,Terrance McKinney,-120.0,100.0
2025-12-06,Merab Dvalishvili,Petr Yan,-410.0,320.0
2025-12-06,Marvin Vettori,Brunno Ferreira,-122.0,102.0
2025-12-06,Payton Talbott,Henry Cejudo,-250.0,205.0
2025-12-06,Tatsuro Taira,Brandon Moreno,-125.0,105.0
2025-12-06,Maycee Barber,Karine Silva,-198.0,164.0
2025-12-13,Neil Magny,Yaroslav Amosov,410.0,-550.0
2025-12-13,Melissa Croden,Luana Santos,116.0,-136.0
2025-12-13,Melquizael Costa,Morgan Charriere,-164.0,138.0
2025-12-13,Kevin Vallejos,Giga Chikadze,-375.0,300.0
2025-12-13,Brandon Royval,Manel Kape,200.0,-245.0
2025-12-13,Kennedy Nzechukwu,Marcus Buchecha,-126.0,108.0
2026-01-24,Sean O'Malley,Song Yadong,-205.0,170.0
2026-01-24,Josh Hokit,Denzel Freeman,-260.0,215.0
2026-01-24,Waldo Cortes-Acosta,Derrick Lewis,-325.0,260.0
2026-01-24,Natalia Silva,Rose Namajunas,-380.0,300.0
2026-01-24,Charles Johnson,Alex Perez,-170.0,142.0
2026-01-24,Jean Silva,Arnold Allen,-258.0,210.0
2026-01-24,Waldo Cortes Acosta,Derrick Lewis,-335.0,270.0
2026-01-24,Adam Fugitt,Ty Miller,330.0,-420.0
2026-01-24,Umar Nurmagomedov,Deiveson Figueiredo,-1450.0,850.0
2026-01-24,Andrey Pulyaev,Ateba Gautier,660.0,-1000.0
2026-01-24,Paddy Pimblett,Justin Gaethje,-230.0,190.0
2026-01-24,Modestas Bukauskas,Nikita Krylov,-148.0,124.0
2026-01-31,Tallison Teixeira,Tai Tuivasa,-310.0,250.0
2026-01-31,Cameron Rowston,Cody Brundage,-375.0,295.0
2026-01-31,Cody Brundage,Cam Rowston,290.0,-360.0
2026-01-31,Alexander Volkanovski,Diego Lopes,-148.0,124.0
2026-01-31,Mauricio Ruffy,Rafael Fiziev,-125.0,105.0
2026-01-31,Jacob Malkoun,Torrez Finney,-155.0,130.0
2026-01-31,Benoit Saint Denis,Dan Hooker,-375.0,295.0
2026-01-31,Quillan Salkilld,Jamie Mullarkey,-1000.0,650.0
2026-01-31,Billy Elekana,Junior Tafa,-265.0,215.0
2026-02-07,Rizvan Kuniev,Jailton Almeida,140.0,-166.0
2026-02-07,Priscila Cachoeira,Klaudia Sygula,156.0,-186.0
2026-02-07,Amir Albazi,Kyoji Horiguchi,300.0,-375.0
2026-02-07,Vinicius Oliveira,Mario Bautista,108.0,-126.0
2026-02-07,Bruna Brasil,Ketlen Souza,128.0,-152.0
2026-02-07,Eduarda Moura,Wang Cong,260.0,-320.0
2026-02-07,Marc-Andre Barriault,Michal Oleksiejczuk,380.0,-490.0
2026-02-07,Alex Morono,Daniil Donchenko,610.0,-900.0
2026-02-07,Javid Basharat,Gianni Vazquez,-300.0,460.0
2026-02-07,Dustin Jacoby,Julius Walker,-146.0,124.0
2026-02-21,Melquizael Costa,Dan Ige,-240.0,198.0
2026-02-21,Chidi Njokuani,Carlos Leal,120.0,-142.0
2026-02-21,Uros Medic,Geoff Neal,180.0,-215.0
2026-02-21,Punahele Soriano,Ramiz Brahimaj,-142.0,120.0
2026-02-21,Michel Pereira,Zach Reese,-168.0,142.0
2026-02-21,Sean Strickland,Anthony Hernandez,225.0,-275.0
2026-02-21,Serghei Spivac,Ante Delija,100.0,-118.0
2026-02-21,Nora Cornolle,Joselyne Edwards,245.0,-300.0
2026-02-21,Ode Osbourne,Alibi Idiris,120.0,-142.0
2026-02-28,Edgar Chairez,Felipe Bunes,-270.0,220.0
2026-02-28,Ailin Perez,Macy Chiasson,-180.0,152.0
2026-02-28,Kevin Borjas,Imanol Rodriguez,370.0,-530.0
2026-02-28,Marlon Vera,David Martinez,265.0,-330.0
2026-02-28,Cristian Quinonez,Kris Moutinho,-560.0,420.0
2026-02-28,King Green,Daniel Zellhuber,290.0,-420.0
2026-03-07,Cody Brundage,Donte Johnson,610.0,-900.0
2026-03-07,Raul Rosas Jr.,Rob Font,-270.0,220.0
2026-03-07,Gregory Rodrigues,Brunno Ferreira,-166.0,140.0
2026-03-07,Drew Dober,Michael Johnson,-120.0,100.0
2026-03-07,Jesus Aguilar,Sumudaerji,144.0,-172.0
2026-03-07,Max Holloway,Charles Oliveira,-230.0,175.0
2026-03-07,Caio Borralho,Reinier de Ridder,-250.0,205.0
2026-03-07,Cody Durden,Nyamjargal Tumendemberel,162.0,-194.0
2026-03-07,Ricky Turcios,Alberto Montes,158.0,-188.0
2026-03-14,Andre Fili,Jose Delgado,370.0,-480.0
2026-03-14,Montse Rendon,Bia Mesquita,530.0,-750.0
2026-03-14,Oumar Sy,Ion Cutelaba,-320.0,250.0
2026-03-14,Bruno Silva,Charles Johnson,150.0,-178.0
2026-03-14,Eryk Anders,Brad Tavares,-132.0,112.0
2026-03-14,Kevin Vallejos,Josh Emmett,-520.0,400.0
2026-03-14,Myktybek Orolbai,Chris Curtis,-480.0,370.0
2026-03-14,Amanda Lemos,Gillian Robertson,194.0,-240.0
2026-03-21,Michael Page,Sam Patterson,-178.0,144.0
2026-03-21,Brando Peričić,Louie Sutherland,-265.0,210.0
2026-03-21,Christian Leroy Duncan,Roman Dolidze,-470.0,340.0
2026-03-21,Lerone Murphy,Movsar Evloev,198.0,-250.0
2026-03-28,Michael Chiesa,Niko Price,-901.0,550.0
2026-03-28,Alexa Grasso,Maycee Barber,124.0,-158.0
2026-03-28,Ricky Simon,Adrian Yanez,-158.0,124.0
2026-03-28,Marcin Tybura,Tyrell Fortune,-104.0,-122.0
2026-03-28,Israel Adesanya,Joe Pyfer,-130.0,102.0
2026-03-28,Alexia Thainara,Bruna Brasil,-480.0,330.0
2026-03-28,Casey O'Neill,Gabriella Fernandes,-113.0,-113.0
2026-04-11,Azamat Murzakanov,Paulo Costa,-205.0,170.0
2026-04-11,Charles Radtke,Francisco Prado,-180.0,150.0
2026-04-11,Jiri Prochazka,Carlos Ulberg,-118.0,-102.0
2026-04-11,Curtis Blaydes,Josh Hokit,-122.0,102.0
2026-04-11,Dominick Reyes,Johnny Walker,-148.0,124.0
2026-04-11,Aaron Pico,Patricio Pitbull,-285.0,230.0
2026-04-11,Mateusz Gamrot,Esteban Ribovics,-205.0,170.0
2026-04-11,Tatiana Suarez,Loopy Godinez,-148.0,124.0
2026-04-11,Kelvin Gastelum,Vicente Luque,-278.0,225.0
2026-05-09,Sean Brady,Joaquin Buckley,-180.0,150.0
2026-05-09,Khamzat Chimaev,Sean Strickland,-520.0,390.0
2026-05-09,Pat Sabatini,William Gomis,-166.0,140.0
2026-05-09,Marco Tulio,Roman Kopylov,-185.0,154.0
2026-05-09,Jared Gordon,Jim Miller,-270.0,220.0
2026-05-09,Grant Dawson,Mateusz Rebecki,-155.0,130.0
2026-05-09,Yaroslav Amosov,Joel Alvarez,-192.0,160.0
2026-05-09,King Green,Jeremy Stephens,-440.0,340.0
2026-05-09,Tatsuro Taira,Joshua Van,-155.0,130.0
2026-05-09,Alexander Volkov,Waldo Cortes-Acosta,-142.0,120.0
