fighter,division,elo,rank_elo,overall_rating,style,grappler_index,striker_index,SLpM,str_def,td_per15,td_def,ctrl_sec_per_round,sub_att_per15,finish_rate,gets_finished_rate,head_share,ground_strike_per15,ground_ctrl_share,distance_strike_diff15,finish_threat15,head_absorbed_per15,kd_absorbed_per15,age,stance,n_fights
Petr Yan,Bantamweight,1831.1,1831.1,90.3,balanced,0.513,0.85,4.93,0.596,1.67,0.864,44.1,0.17,0.25,0.0,0.68,9.26,0.148,1.68,0.65,37.83,0.09,33.4,Switch,16
Merab Dvalishvili,Bantamweight,1820.7,1820.7,90.6,wrestler,0.914,0.579,4.34,0.54,5.13,0.76,95.5,0.36,0.118,0.059,0.659,12.67,0.319,6.52,0.47,25.87,0.087,35.4,Orthodox,17
Umar Nurmagomedov,Bantamweight,1792.3,1792.3,90.6,wrestler,0.935,0.618,3.9,0.612,3.26,0.794,92.4,0.29,0.333,0.0,0.667,12.37,0.309,11.2,0.47,18.91,0.234,30.5,Orthodox,9
Sean O'Malley,Bantamweight,1787.8,1787.8,88.3,striker,0.253,1.0,5.86,0.604,0.48,0.597,11.4,0.25,0.438,0.125,0.659,3.55,0.041,34.22,0.7,24.46,0.051,31.7,Switch,16
Cory Sandhagen,Bantamweight,1754.9,1754.9,83.5,striker,0.433,0.911,4.69,0.567,1.23,0.564,53.7,0.28,0.438,0.062,0.645,8.81,0.18,12.09,0.53,29.32,0.095,34.2,Switch,16
Farid Basharat,Bantamweight,1739.2,1739.2,81.7,wrestler,0.869,0.535,3.65,0.622,2.75,0.545,81.4,0.43,0.167,0.0,0.611,4.53,0.271,3.0,0.51,27.91,0.135,28.9,Orthodox,6
Song Yadong,Bantamweight,1734.3,1734.3,79.5,striker,0.371,0.891,4.34,0.551,0.92,0.738,40.2,0.19,0.412,0.059,0.624,5.34,0.136,3.4,0.63,31.98,0.048,28.5,Orthodox,17
Mario Bautista,Bantamweight,1730.5,1730.5,80.8,balanced,0.599,0.738,5.01,0.548,1.83,0.558,59.0,0.75,0.357,0.143,0.612,4.61,0.198,12.28,0.92,34.68,0.204,33.0,Switch,14
Montel Jackson,Bantamweight,1715.2,1715.2,77.0,balanced,0.713,0.703,3.16,0.593,2.37,0.67,75.3,0.34,0.308,0.0,0.699,6.34,0.252,7.78,1.29,11.6,0.057,34.2,Southpaw,13
David Martinez,Bantamweight,1715.6,1715.1,77.4,striker,0.342,0.818,4.27,0.7,1.25,1.0,36.6,0.24,0.333,0.0,0.634,5.55,0.125,11.0,0.61,30.43,0.138,27.9,Orthodox,3
Payton Talbott,Bantamweight,1702.9,1702.9,77.1,striker,0.479,0.966,5.12,0.451,1.2,0.72,50.8,0.31,0.5,0.0,0.687,12.67,0.172,14.74,0.78,27.55,0.097,27.8,Switch,6
Raoni Barcelos,Bantamweight,1702.6,1702.6,76.5,balanced,0.616,0.748,4.51,0.606,2.3,0.878,65.9,0.62,0.267,0.067,0.711,11.29,0.22,-2.53,0.97,38.03,0.224,39.1,Orthodox,15
Jose Aldo,Bantamweight,1699.6,1699.6,72.1,striker,0.356,0.785,3.6,0.602,0.59,0.917,31.7,0.17,0.174,0.174,0.668,3.44,0.118,-0.05,0.47,36.66,0.133,39.8,Orthodox,23
Bryce Mitchell,Bantamweight,1699.5,1699.5,73.6,grappler,0.946,0.49,2.45,0.587,2.65,0.333,124.9,0.94,0.231,0.231,0.59,9.91,0.412,1.04,1.08,18.81,0.385,31.7,Southpaw,13
TJ Dillashaw,Bantamweight,1693.4,1693.4,75.9,balanced,0.576,0.814,4.84,0.62,1.6,0.778,63.6,0.76,0.444,0.167,0.657,10.26,0.212,8.96,1.16,32.74,0.209,40.4,Orthodox,18
Marcus McGhee,Bantamweight,1690.0,1690.0,74.3,striker,0.24,0.92,4.9,0.577,0.8,0.9,27.4,0.35,0.5,0.0,0.663,4.41,0.098,16.22,0.94,30.33,0.108,36.1,Orthodox,6
Vinicius Oliveira,Bantamweight,1689.6,1689.6,73.5,balanced,0.537,0.698,4.31,0.569,1.52,0.694,51.5,0.3,0.333,0.167,0.583,7.27,0.173,14.96,0.69,29.17,0.108,30.6,Switch,6
Charles Jourdain,Bantamweight,1685.4,1685.4,73.1,striker,0.319,0.926,5.05,0.568,0.64,0.47,37.1,0.59,0.353,0.118,0.553,5.54,0.124,5.95,1.0,34.14,0.296,30.6,Switch,17
Aiemann Zahabi,Bantamweight,1680.0,1680.0,70.1,striker,0.174,0.848,4.4,0.692,0.5,0.839,21.3,0.11,0.182,0.182,0.696,4.4,0.075,2.84,0.46,33.69,0.316,38.6,Orthodox,11
Raul Rosas Jr.,Bantamweight,1670.1,1670.1,71.3,wrestler,1.0,0.434,2.31,0.548,4.86,0.333,112.6,0.69,0.429,0.0,0.638,5.83,0.378,1.14,0.87,19.65,0.088,21.7,Switch,7
Casey Kenney,Bantamweight,1670.1,1670.1,70.3,striker,0.414,0.772,4.55,0.589,1.23,0.556,44.9,0.35,0.125,0.0,0.559,3.16,0.15,1.96,0.42,36.8,0.113,35.3,Southpaw,8
Jean Matsumoto,Bantamweight,1670.0,1670.0,72.4,wrestler,0.836,0.572,4.49,0.475,2.8,0.548,62.0,0.58,0.2,0.0,0.592,2.4,0.207,-0.07,0.67,49.88,0.15,26.8,Orthodox,5
Henry Cejudo,Bantamweight,1669.6,1669.6,69.5,balanced,0.494,0.686,3.7,0.559,1.77,0.714,55.1,0.18,0.25,0.062,0.563,6.61,0.186,-4.38,0.51,29.85,0.153,39.4,Orthodox,16
Marlon Vera,Bantamweight,1659.1,1659.1,68.4,striker,0.342,0.913,4.12,0.489,0.58,0.717,25.8,0.66,0.423,0.0,0.553,6.06,0.092,-14.04,1.17,44.46,0.067,33.5,Switch,26
Dominick Cruz,Bantamweight,1654.6,1654.6,68.1,wrestler,0.62,0.547,4.11,0.658,2.14,0.838,41.7,0.2,0.1,0.2,0.65,3.38,0.139,9.46,0.31,28.75,0.491,41.3,Orthodox,10
Deiveson Figueiredo,Bantamweight,1654.5,1654.5,66.9,grappler,0.689,0.661,3.03,0.479,1.49,0.535,38.4,0.94,0.364,0.182,0.609,6.38,0.152,-9.23,1.62,32.21,0.083,38.5,Orthodox,22
Daniel Marcos,Bantamweight,1640.4,1640.4,67.6,balanced,0.576,0.729,4.42,0.584,1.65,0.857,54.1,0.29,0.286,0.0,0.617,3.03,0.18,1.15,0.57,30.96,0.123,33.3,Orthodox,7
Elijah Smith,Bantamweight,1682.4,1640.3,75.4,grappler,0.864,0.629,3.71,0.517,1.77,0.462,67.8,0.79,0.667,0.0,0.711,12.36,0.226,0.16,1.05,25.89,0.193,23.8,Orthodox,3
Jonathan Martinez,Bantamweight,1638.1,1638.1,65.3,striker,0.341,0.925,4.35,0.57,0.62,0.684,41.2,0.15,0.267,0.067,0.573,6.6,0.138,2.69,0.72,27.8,0.277,32.2,Southpaw,15
Chris Gutierrez,Bantamweight,1631.2,1631.2,63.7,striker,0.234,0.902,4.32,0.634,0.56,0.679,19.5,0.14,0.2,0.067,0.432,2.77,0.067,23.44,0.55,21.54,0.107,35.2,Orthodox,15
Brady Hiestand,Bantamweight,1630.1,1630.1,67.3,grappler,1.0,0.532,3.22,0.512,3.28,0.429,94.9,0.78,0.5,0.0,0.676,3.94,0.316,-1.99,0.85,37.72,0.544,27.1,Orthodox,4
Rinya Nakamura,Bantamweight,1623.1,1623.1,66.5,grappler,0.98,0.627,3.19,0.641,2.03,1.0,98.7,0.94,0.4,0.0,0.591,9.25,0.329,2.49,1.37,20.7,0.302,31.2,Southpaw,5
Brett Johns,Bantamweight,1619.6,1619.6,64.9,grappler,1.0,0.498,3.18,0.534,3.77,0.583,111.1,0.83,0.286,0.0,0.782,10.41,0.37,-8.58,0.86,32.07,0.525,34.3,Orthodox,7
Davey Grant,Bantamweight,1614.9,1614.9,62.6,striker,0.372,0.91,5.21,0.548,1.11,0.652,37.5,0.23,0.25,0.25,0.446,3.83,0.125,16.38,0.48,32.7,0.296,40.5,Orthodox,16
Rob Font,Bantamweight,1613.1,1613.1,62.9,striker,0.289,0.95,4.93,0.577,0.83,0.371,25.9,0.34,0.333,0.048,0.738,3.68,0.086,20.18,0.68,32.26,0.256,39.0,Orthodox,21
Jimmie Rivera,Bantamweight,1611.6,1611.6,60.0,striker,0.301,0.753,3.95,0.601,1.11,0.926,29.8,0.21,0.091,0.091,0.56,2.35,0.099,1.5,0.49,27.83,0.318,37.0,Orthodox,11
Cody Garbrandt,Bantamweight,1610.0,1610.0,58.3,balanced,0.281,0.681,3.02,0.589,0.98,0.818,21.7,0.08,0.353,0.294,0.703,2.84,0.073,-8.03,0.85,32.89,0.493,35.0,Orthodox,17
Kyler Phillips,Bantamweight,1609.9,1609.9,63.3,balanced,0.612,0.67,4.49,0.59,2.47,0.75,54.9,0.35,0.2,0.0,0.663,8.12,0.184,5.56,0.58,31.56,0.143,31.0,Orthodox,10
Said Nurmagomedov,Bantamweight,1608.5,1608.5,61.9,grappler,0.562,0.573,3.33,0.556,1.04,0.632,33.6,0.95,0.455,0.0,0.564,4.49,0.113,9.35,1.12,16.45,0.065,34.2,Orthodox,11
Pedro Munhoz,Bantamweight,1607.3,1607.3,61.8,striker,0.2,0.908,5.17,0.566,0.6,0.831,18.6,0.43,0.273,0.0,0.548,3.25,0.066,-12.99,0.82,58.47,0.037,39.8,Orthodox,22
Ricky Simon,Bantamweight,1607.2,1607.2,61.4,balanced,0.701,0.591,3.21,0.604,3.39,0.784,74.7,0.31,0.294,0.118,0.687,5.08,0.25,-13.19,0.62,36.54,0.31,33.8,Orthodox,17
Taylor Lapilus,Bantamweight,1607.2,1607.2,61.1,striker,0.363,0.811,4.31,0.628,0.76,0.775,42.2,0.34,0.125,0.0,0.643,3.54,0.14,12.55,0.58,21.94,0.113,34.2,Southpaw,8
Da'Mon Blackshear,Bantamweight,1598.5,1598.5,62.3,grappler,0.79,0.578,4.16,0.522,1.56,0.714,61.7,1.2,0.4,0.1,0.571,4.68,0.206,0.24,1.18,31.81,0.194,31.9,Switch,10
Adrian Yanez,Bantamweight,1597.6,1597.6,60.3,striker,0.123,0.985,5.3,0.565,0.5,0.733,20.6,0.14,0.5,0.2,0.703,5.32,0.069,3.08,0.95,38.13,0.418,32.6,Orthodox,10
Serhiy Sidey,Bantamweight,1595.9,1595.9,59.9,grappler,0.68,0.539,4.06,0.548,1.72,0.2,47.7,0.85,0.0,0.0,0.609,3.07,0.159,-0.13,0.97,39.97,0.336,30.0,Switch,3
Felipe Lima,Bantamweight,1592.1,1592.1,59.5,balanced,0.49,0.576,3.51,0.647,1.81,0.857,46.9,0.55,0.333,0.0,0.615,3.82,0.159,3.97,0.71,29.62,0.138,28.1,Orthodox,3
Marlon Moraes,Bantamweight,1591.1,1591.1,55.8,balanced,0.412,0.65,3.46,0.542,1.11,0.462,27.8,0.39,0.273,0.455,0.642,3.36,0.093,-0.01,0.92,37.59,0.509,38.1,Orthodox,11
Benardo Sopaj,Bantamweight,1588.7,1588.7,59.6,wrestler,0.816,0.656,4.02,0.527,2.04,0.769,60.8,0.63,0.333,0.333,0.72,13.22,0.203,-9.54,1.05,31.84,0.354,25.7,Orthodox,3
Frankie Edgar,Bantamweight,1579.4,1579.4,58.4,wrestler,0.721,0.594,3.77,0.659,2.23,0.656,63.1,0.34,0.233,0.167,0.658,11.54,0.21,2.64,0.43,30.48,0.307,44.7,Orthodox,30
Saidyokub Kakhramonov,Bantamweight,1578.7,1578.7,58.0,grappler,1.0,0.504,3.01,0.585,3.84,0.833,100.8,1.12,0.333,0.333,0.661,7.27,0.336,0.59,1.21,21.55,0.193,30.6,Orthodox,3
Victor Henry,Bantamweight,1577.1,1577.1,58.3,balanced,0.513,0.824,5.92,0.48,1.3,0.81,49.5,0.4,0.143,0.143,0.589,5.08,0.165,12.12,0.76,40.11,0.123,39.1,Switch,7
Santiago Luna,Bantamweight,1573.2,1573.2,58.4,wrestler,0.791,0.697,4.05,0.717,1.99,0.5,59.1,0.48,0.333,0.333,0.662,5.42,0.195,11.44,1.22,34.46,0.226,21.9,Orthodox,3
Kyung Ho Kang,Bantamweight,1562.1,1562.1,56.7,grappler,0.927,0.537,3.27,0.544,1.92,0.683,88.6,0.71,0.286,0.0,0.733,8.46,0.295,-2.41,1.0,29.16,0.14,38.8,Orthodox,14
Jafel Filho,Bantamweight,1557.0,1557.0,54.9,grappler,0.957,0.401,2.47,0.522,2.12,0.474,73.5,1.3,0.5,0.167,0.556,5.05,0.245,-1.84,1.33,18.88,0.285,33.1,Orthodox,6
Raphael Assuncao,Bantamweight,1554.5,1554.5,52.1,balanced,0.457,0.594,3.51,0.66,1.62,0.789,39.7,0.2,0.158,0.263,0.546,4.28,0.132,2.87,0.32,19.59,0.312,43.9,Orthodox,19
Alatengheili,Bantamweight,1553.0,1553.0,51.9,balanced,0.502,0.496,3.1,0.573,1.74,0.75,45.8,0.15,0.111,0.0,0.644,2.66,0.153,-20.9,0.3,40.62,0.104,34.5,Orthodox,9
Geraldo de Freitas,Bantamweight,1552.0,1552.0,53.3,wrestler,0.745,0.565,3.71,0.504,2.29,0.593,57.3,0.28,0.0,0.0,0.658,3.79,0.191,8.02,0.4,28.25,0.193,34.7,Orthodox,3
Tony Gravely,Bantamweight,1550.7,1550.7,53.5,wrestler,0.914,0.618,3.59,0.427,4.35,0.5,94.2,0.16,0.25,0.25,0.628,8.41,0.314,-12.61,0.64,40.38,0.213,34.7,Orthodox,8
SuYoung You,Bantamweight,1549.2,1549.2,52.2,wrestler,0.794,0.508,3.05,0.701,2.49,0.0,70.6,0.39,0.0,0.25,0.651,2.97,0.235,4.3,0.49,27.65,0.306,30.5,Orthodox,4
Javid Basharat,Bantamweight,1549.0,1549.0,53.2,balanced,0.47,0.723,4.78,0.639,1.58,0.839,47.3,0.15,0.0,0.143,0.591,6.91,0.16,14.35,0.38,26.89,0.194,30.8,Orthodox,7
Rani Yahya,Bantamweight,1548.7,1548.7,52.8,grappler,0.961,0.365,2.2,0.504,2.52,0.31,96.4,1.33,0.333,0.095,0.555,4.82,0.321,1.04,1.25,22.07,0.351,41.8,Orthodox,21
Andre Fili,Bantamweight,1548.5,1548.5,51.4,balanced,0.538,0.658,3.9,0.507,2.22,0.716,42.9,0.25,0.148,0.259,0.716,4.19,0.144,-3.03,0.53,32.1,0.288,36.0,Orthodox,27
Colby Thicknesse,Bantamweight,1548.4,1548.4,52.3,grappler,0.665,0.499,3.52,0.543,1.29,0.333,63.1,1.0,0.0,0.0,0.59,9.07,0.21,-2.27,1.12,30.39,0.193,27.0,Orthodox,3
Timur Valiev,Bantamweight,1545.3,1545.3,52.4,balanced,0.594,0.7,4.46,0.453,1.74,0.556,66.7,0.39,0.0,0.0,0.541,7.06,0.222,12.48,0.63,33.38,0.851,36.4,Orthodox,4
Hunter Azure,Bantamweight,1545.3,1545.3,50.6,balanced,0.547,0.615,3.64,0.606,1.58,0.676,63.5,0.39,0.0,0.25,0.579,5.15,0.211,7.57,0.63,26.83,0.306,34.3,Orthodox,4
Miles Johns,Bantamweight,1544.3,1544.3,49.9,striker,0.351,0.717,3.34,0.671,1.23,0.769,48.1,0.12,0.167,0.25,0.73,1.68,0.16,5.32,0.31,27.69,0.217,32.2,Orthodox,12
Tony Kelley,Bantamweight,1543.3,1543.3,52.2,grappler,0.545,0.632,4.64,0.456,0.88,0.524,46.3,0.94,0.25,0.25,0.542,6.4,0.154,-4.11,1.02,34.8,0.336,39.4,Switch,4
John Yannis,Bantamweight,1541.7,1541.7,50.2,balanced,0.231,0.714,3.7,0.742,0.88,0.667,27.6,0.24,0.333,0.333,0.611,6.62,0.109,6.97,1.0,23.72,0.161,32.0,Southpaw,3
Sergey Morozov,Bantamweight,1540.4,1540.4,50.4,wrestler,0.823,0.511,3.33,0.613,2.79,0.684,83.5,0.22,0.0,0.4,0.672,5.23,0.278,-2.98,0.44,27.46,0.535,37.0,Orthodox,5
Patchy Mix,Bantamweight,1539.1,1539.1,51.4,balanced,0.6,0.652,4.43,0.431,1.86,0.0,55.7,0.28,0.0,0.0,0.662,5.29,0.189,-8.2,0.5,40.22,0.161,32.8,Southpaw,2
Muin Gafurov,Bantamweight,1536.2,1536.2,47.7,striker,0.386,0.737,3.7,0.594,1.19,0.667,58.5,0.22,0.0,0.4,0.607,4.46,0.195,5.61,0.44,24.0,0.279,30.1,Orthodox,5
Ronnie Lawrence,Bantamweight,1532.7,1532.7,52.4,wrestler,0.916,0.642,3.41,0.519,3.38,0.421,76.6,0.25,0.25,0.0,0.635,12.76,0.255,2.09,0.8,25.92,0.469,34.0,Switch,4
Bekzat Almakhan,Bantamweight,1525.3,1525.3,46.0,balanced,0.233,0.561,2.98,0.366,0.88,0.417,28.1,0.24,0.333,0.0,0.652,3.9,0.096,1.63,0.79,37.96,0.138,28.7,Orthodox,3
Cristian Quinonez,Bantamweight,1520.7,1520.7,47.4,balanced,0.709,0.589,3.51,0.526,2.83,0.8,61.3,0.67,0.25,0.5,0.715,4.4,0.207,2.23,0.75,26.41,0.309,30.1,Orthodox,4
Thomas Almeida,Bantamweight,1518.1,1518.1,47.6,striker,0.173,0.877,4.52,0.618,0.62,0.759,18.2,0.14,0.4,0.3,0.605,1.67,0.061,-1.17,0.51,40.64,0.913,34.9,Southpaw,10
Garrett Armfield,Bantamweight,1517.5,1517.5,48.4,balanced,0.571,0.755,4.63,0.562,1.39,0.647,53.3,0.53,0.2,0.4,0.699,6.31,0.178,10.57,0.87,32.28,0.15,29.7,Orthodox,5
Raulian Paiva,Bantamweight,1515.6,1515.6,45.3,striker,0.31,0.727,3.84,0.521,1.01,0.745,39.4,0.3,0.143,0.286,0.596,2.94,0.131,-5.46,0.5,38.82,0.362,30.7,Orthodox,7
Irwin Rivera,Bantamweight,1511.2,1511.2,45.2,striker,0.312,0.696,3.57,0.577,1.43,0.7,36.3,0.28,0.0,0.0,0.633,4.22,0.121,-11.27,0.4,38.68,0.336,37.3,Southpaw,3
Caolan Loughran,Bantamweight,1510.2,1510.2,48.7,wrestler,0.779,0.562,4.23,0.521,2.38,0.875,75.5,0.25,0.0,0.0,0.651,7.06,0.252,-4.36,0.35,38.84,0.169,30.1,Orthodox,4
Gaston Bolanos,Bantamweight,1509.4,1509.4,43.9,balanced,0.486,0.598,3.6,0.507,1.05,0.429,40.4,0.18,0.0,0.4,0.547,8.34,0.139,4.18,0.37,28.29,0.271,33.8,Orthodox,5
ChangHo Lee,Bantamweight,1506.6,1506.6,47.9,wrestler,0.788,0.595,3.71,0.358,2.16,0.5,76.9,0.45,0.333,0.0,0.592,8.88,0.256,-2.95,0.56,27.02,0.193,32.1,Orthodox,3
Jose Quinonez,Bantamweight,1504.3,1504.3,46.8,wrestler,0.814,0.567,3.64,0.64,2.41,0.429,63.1,0.59,0.111,0.333,0.545,6.52,0.21,2.99,0.91,24.38,0.302,35.9,Southpaw,9
Mana Martinez,Bantamweight,1502.3,1502.3,44.9,striker,0.394,0.835,4.08,0.502,1.25,0.273,33.3,0.37,0.0,0.0,0.58,4.19,0.111,-0.86,0.98,36.47,0.669,30.2,Orthodox,4
Guido Cannetti,Bantamweight,1497.6,1497.6,44.4,wrestler,0.78,0.567,3.53,0.514,2.12,0.645,55.2,0.44,0.2,0.5,0.47,4.92,0.184,4.41,0.44,23.1,0.454,46.5,Southpaw,10
Timmy Cuamba,Bantamweight,1497.1,1497.1,43.7,balanced,0.481,0.582,3.26,0.563,1.6,0.667,52.1,0.22,0.2,0.2,0.616,4.07,0.174,-4.65,0.44,32.97,0.407,27.4,Orthodox,5
Cole Smith,Bantamweight,1496.3,1496.3,45.0,grappler,0.885,0.422,2.9,0.497,1.72,0.455,89.0,1.0,0.0,0.0,0.529,3.93,0.296,-0.27,1.12,28.68,0.479,37.2,Orthodox,3
Xiao Long,Bantamweight,1495.4,1495.4,45.3,striker,0.393,0.803,4.36,0.466,1.28,0.88,48.0,0.25,0.25,0.0,0.586,3.44,0.16,6.14,0.48,31.97,0.169,28.2,Orthodox,4
Nathan Fletcher,Bantamweight,1492.1,1492.1,45.5,wrestler,0.786,0.568,3.6,0.575,2.45,0.5,64.1,0.57,0.333,0.333,0.656,4.86,0.213,-0.7,0.62,25.89,0.408,28.5,Orthodox,3
Cody Stamann,Bantamweight,1491.6,1491.6,45.3,wrestler,0.68,0.603,4.19,0.605,2.08,0.763,55.5,0.1,0.067,0.2,0.631,5.82,0.185,-0.88,0.27,31.43,0.071,36.6,Orthodox,15
Benito Lopez,Bantamweight,1490.2,1490.2,39.9,striker,0.232,0.752,3.92,0.543,0.88,0.333,35.3,0.44,0.0,0.5,0.532,3.31,0.118,-4.36,0.73,37.84,0.357,32.2,Switch,4
Brandon Davis,Bantamweight,1488.7,1488.7,42.6,striker,0.368,0.693,3.98,0.582,1.12,0.576,31.7,0.25,0.111,0.222,0.581,3.38,0.105,0.98,0.31,40.39,0.465,36.1,Orthodox,9
Batgerel Danaa,Bantamweight,1488.2,1488.2,44.3,striker,0.354,0.887,4.78,0.474,0.97,0.625,25.4,0.18,0.429,0.286,0.711,6.5,0.084,3.65,0.8,35.3,0.259,37.0,Orthodox,7
Yanis Ghemmouri,Bantamweight,1487.1,1487.1,35.8,balanced,0.306,0.546,3.43,0.356,1.02,0.0,43.7,0.28,0.0,1.0,0.421,4.12,0.149,-3.53,0.5,26.22,0.411,31.4,Orthodox,2
Aoriqileng,Bantamweight,1485.2,1485.2,43.1,striker,0.399,0.878,4.49,0.487,1.3,0.583,36.9,0.12,0.2,0.2,0.644,6.68,0.126,-6.42,0.54,46.53,0.386,33.0,Orthodox,10
Frankie Saenz,Bantamweight,1485.2,1485.2,41.6,balanced,0.512,0.62,3.88,0.522,1.75,0.617,57.5,0.22,0.0,0.3,0.51,5.14,0.191,-3.03,0.43,31.99,0.479,45.9,Orthodox,10
Gustavo Lopez,Bantamweight,1477.7,1477.7,40.9,balanced,0.508,0.508,3.11,0.571,1.75,0.316,37.9,0.59,0.25,0.25,0.626,4.51,0.126,-4.81,0.65,32.97,0.469,37.0,Orthodox,4
Trevin Jones,Bantamweight,1472.6,1472.6,38.0,balanced,0.399,0.516,2.77,0.397,1.07,0.6,51.7,0.32,0.167,0.167,0.578,4.75,0.172,-13.54,0.62,32.41,0.36,35.9,Southpaw,6
Kleydson Rodrigues,Bantamweight,1472.0,1472.0,40.6,balanced,0.433,0.675,3.84,0.52,1.3,0.444,44.2,0.46,0.25,0.25,0.542,3.88,0.147,10.45,0.73,27.34,0.169,30.7,Orthodox,4
Eddie Wineland,Bantamweight,1466.6,1466.6,38.5,striker,0.198,0.787,3.54,0.615,0.59,0.933,18.1,0.1,0.312,0.312,0.711,3.92,0.06,-7.8,0.71,34.26,0.421,42.0,Orthodox,16
Malcolm Wellmaker,Bantamweight,1465.3,1465.3,39.7,striker,0.207,0.877,4.01,0.515,0.88,0.429,34.0,0.25,0.5,0.25,0.511,2.56,0.113,0.03,0.78,32.97,0.169,32.0,Switch,4
Quang Le,Bantamweight,1461.0,1461.0,38.7,wrestler,0.74,0.466,3.28,0.497,2.33,1.0,61.9,0.45,0.25,0.5,0.617,2.73,0.206,-10.28,0.52,33.64,0.669,34.7,Orthodox,4
Cameron Saaiman,Bantamweight,1460.1,1460.1,40.5,striker,0.429,0.883,4.9,0.502,1.11,0.5,55.9,0.5,0.333,0.333,0.593,11.61,0.188,4.97,0.71,35.69,0.374,25.5,Southpaw,6
Brad Katona,Bantamweight,1459.4,1459.4,40.2,balanced,0.584,0.668,4.48,0.503,1.83,0.615,74.7,0.15,0.0,0.111,0.682,7.48,0.249,-5.69,0.22,43.86,0.187,34.5,Orthodox,9
Brian Kelleher,Bantamweight,1456.6,1456.6,38.4,balanced,0.607,0.595,3.39,0.546,1.7,0.6,62.8,0.64,0.294,0.412,0.645,6.14,0.209,-13.44,0.82,36.56,0.292,39.8,Switch,17
Johnny Eduardo,Bantamweight,1454.0,1454.0,35.8,balanced,0.302,0.582,3.21,0.63,0.73,0.588,23.7,0.45,0.25,0.5,0.539,3.08,0.079,5.09,0.74,29.73,0.113,47.9,Orthodox,8
Cody Gibson,Bantamweight,1452.5,1452.5,39.5,wrestler,0.769,0.57,3.66,0.575,2.02,0.696,66.6,0.57,0.2,0.3,0.685,3.02,0.222,2.67,0.79,29.57,0.291,38.8,Orthodox,10
Anderson Dos Santos,Bantamweight,1452.0,1452.0,36.6,balanced,0.432,0.45,3.22,0.497,1.37,0.667,50.1,0.57,0.25,0.25,0.659,3.61,0.167,-16.96,0.65,44.52,0.319,40.9,Orthodox,4
Johnny Munoz,Bantamweight,1448.0,1448.0,38.4,grappler,0.837,0.426,2.96,0.555,2.14,0.455,71.2,1.25,0.167,0.167,0.575,4.09,0.237,2.51,1.24,26.74,0.375,33.3,Orthodox,6
Vince Morales,Bantamweight,1447.8,1447.8,36.8,balanced,0.435,0.559,3.52,0.545,0.94,0.644,29.7,0.45,0.083,0.083,0.66,2.57,0.1,-5.09,0.66,30.47,0.197,35.6,Orthodox,12
Luis Gurule,Bantamweight,1444.7,1444.7,35.8,striker,0.345,0.752,4.44,0.578,1.23,0.75,44.6,0.37,0.0,0.4,0.683,3.11,0.153,-3.34,0.49,40.61,0.306,32.6,Orthodox,5
Vinicius Salvador,Bantamweight,1442.2,1442.2,33.8,striker,0.273,0.734,4.12,0.417,1.2,0.864,33.7,0.28,0.0,0.333,0.594,3.66,0.112,-6.21,0.4,36.82,0.377,29.9,Southpaw,3
Chad Anheliger,Bantamweight,1437.7,1437.7,35.4,balanced,0.475,0.6,3.39,0.541,1.23,0.273,45.6,0.45,0.2,0.2,0.656,5.17,0.152,2.46,0.76,27.97,0.15,39.6,Orthodox,5
Anthony Birchak,Bantamweight,1435.6,1435.6,32.8,striker,0.303,0.762,3.85,0.568,0.99,0.619,37.4,0.49,0.167,0.667,0.568,4.85,0.124,2.11,0.88,31.18,0.735,40.1,Orthodox,6
Khalid Taha,Bantamweight,1434.4,1434.4,32.6,balanced,0.24,0.526,3.08,0.466,0.7,0.619,29.6,0.34,0.167,0.167,0.659,4.62,0.099,-7.3,0.67,37.99,0.135,34.3,Orthodox,6
Toshiomi Kazama,Bantamweight,1432.9,1432.9,31.5,grappler,0.717,0.436,2.53,0.36,1.82,0.0,54.7,1.19,0.25,0.75,0.641,3.16,0.182,-12.31,0.95,47.97,1.369,29.1,Orthodox,4
Dan Argueta,Bantamweight,1427.8,1427.8,35.5,grappler,0.996,0.458,2.98,0.508,3.32,0.556,93.3,1.07,0.0,0.167,0.659,5.77,0.311,-12.25,1.12,34.66,0.135,32.9,Southpaw,6
Kevin Natividad,Bantamweight,1427.7,1427.7,32.1,wrestler,0.754,0.478,3.28,0.477,2.57,0.833,50.7,0.28,0.0,0.667,0.669,5.32,0.169,-4.37,0.59,39.21,0.561,33.2,Orthodox,3
Cameron Smotherman,Bantamweight,1426.3,1426.3,32.0,striker,0.185,0.686,3.82,0.598,0.88,0.625,28.4,0.25,0.0,0.25,0.607,2.93,0.108,4.73,0.4,30.25,0.193,28.8,Orthodox,4
Luan Lacerda,Bantamweight,1424.7,1424.7,35.9,wrestler,0.77,0.535,3.9,0.492,2.29,0.667,61.9,0.56,0.25,0.25,0.553,4.36,0.206,-11.26,0.65,44.22,0.169,33.4,Orthodox,4
Randy Costa,Bantamweight,1424.6,1424.6,34.0,striker,0.199,0.967,5.41,0.58,0.7,0.5,35.7,0.2,0.333,0.667,0.739,3.05,0.119,3.51,0.88,31.78,0.335,32.0,Switch,6
Kevin Croom,Bantamweight,1419.4,1419.4,30.3,balanced,0.419,0.519,3.19,0.419,1.12,0.3,60.4,0.49,0.0,0.25,0.597,2.75,0.201,1.83,0.73,29.41,0.544,38.9,Orthodox,4
Terrence Mitchell,Bantamweight,1416.0,1416.0,27.6,balanced,0.548,0.525,3.4,0.419,2.25,0.0,41.1,0.28,0.0,1.0,0.717,4.62,0.14,2.97,0.5,36.72,0.661,36.5,Orthodox,2
Kris Moutinho,Bantamweight,1409.8,1409.8,25.3,striker,0.195,0.642,3.54,0.305,0.88,0.3,30.8,0.25,0.0,0.75,0.582,2.56,0.103,-36.61,0.35,61.47,0.544,33.9,Southpaw,4
JP Buys,Bantamweight,1404.7,1404.7,25.9,grappler,0.575,0.385,2.68,0.374,1.05,0.286,32.8,1.34,0.0,0.75,0.552,3.3,0.112,-2.49,1.23,31.4,1.621,30.1,Orthodox,4
Aaron Phillips,Bantamweight,1402.5,1402.5,27.9,balanced,0.547,0.528,2.62,0.435,1.31,0.44,48.1,0.53,0.0,0.25,0.536,4.34,0.16,-3.88,0.63,34.2,0.169,36.9,Southpaw,4
Ricky Turcios,Bantamweight,1400.2,1400.2,28.8,striker,0.378,0.742,4.08,0.473,1.23,0.441,48.3,0.41,0.0,0.333,0.668,7.65,0.164,2.23,0.64,34.37,0.322,33.0,Orthodox,6
Jay Perrin,Bantamweight,1392.7,1392.7,29.4,wrestler,0.73,0.558,3.89,0.443,1.98,0.5,60.8,0.28,0.0,0.333,0.614,3.3,0.202,0.59,0.4,36.46,0.193,33.0,Switch,3
Saimon Oliveira,Bantamweight,1341.4,1341.4,18.1,grappler,0.582,0.488,3.2,0.416,0.98,0.333,38.5,1.04,0.0,0.75,0.577,5.15,0.131,-1.15,1.12,34.48,0.496,35.2,Orthodox,4
Alexander Volkanovski,Featherweight,1818.2,1818.2,90.8,balanced,0.506,0.889,5.68,0.587,1.61,0.689,55.0,0.26,0.278,0.111,0.652,12.1,0.183,20.84,0.58,29.27,0.188,37.3,Orthodox,18
Diego Lopes,Featherweight,1808.6,1808.6,89.0,balanced,0.522,0.753,3.9,0.464,1.07,0.742,35.9,0.89,0.5,0.0,0.698,11.15,0.121,-7.14,1.45,44.33,0.054,31.5,Orthodox,10
Movsar Evloev,Featherweight,1790.6,1790.6,89.3,wrestler,0.969,0.571,4.02,0.613,3.85,0.611,89.7,0.29,0.0,0.0,0.736,9.27,0.299,7.98,0.43,27.44,0.05,32.1,Orthodox,10
Aljamain Sterling,Featherweight,1781.8,1781.8,88.4,wrestler,0.853,0.635,4.26,0.592,2.39,0.449,86.8,0.62,0.261,0.087,0.523,10.54,0.289,14.63,0.67,17.64,0.208,36.7,Orthodox,23
Lerone Murphy,Featherweight,1777.8,1777.8,86.2,striker,0.473,0.873,4.33,0.604,1.28,0.441,39.8,0.48,0.273,0.0,0.641,6.04,0.133,15.74,0.8,24.34,0.176,34.7,Orthodox,11
Jean Silva,Featherweight,1753.3,1753.3,83.6,striker,0.423,0.954,4.47,0.533,1.34,0.781,20.3,0.68,0.714,0.143,0.653,4.49,0.068,5.13,1.47,32.62,0.2,29.1,Orthodox,7
Arnold Allen,Featherweight,1726.5,1726.5,78.2,balanced,0.524,0.638,3.69,0.602,1.3,0.731,42.7,0.33,0.267,0.0,0.719,4.43,0.142,4.79,0.63,26.11,0.037,32.3,Southpaw,15
Joanderson Brito,Featherweight,1725.0,1725.0,79.5,grappler,0.997,0.518,2.58,0.437,2.64,0.476,82.9,1.04,0.6,0.0,0.547,5.62,0.273,1.58,1.13,23.68,0.113,31.4,Orthodox,10
Pat Sabatini,Featherweight,1724.6,1724.6,77.3,grappler,1.0,0.46,2.25,0.541,3.53,0.5,150.7,1.1,0.273,0.182,0.689,9.52,0.502,-0.97,1.13,14.74,0.19,35.6,Orthodox,11
Steve Garcia,Featherweight,1715.2,1715.2,78.2,striker,0.459,0.947,4.29,0.631,1.05,0.786,39.1,0.47,0.636,0.182,0.729,13.84,0.131,16.13,1.56,20.24,0.68,34.1,Southpaw,11
Kevin Vallejos,Featherweight,1773.5,1715.1,88.1,striker,0.369,0.95,4.99,0.587,1.29,0.9,37.7,0.27,0.75,0.0,0.667,7.99,0.126,8.02,1.38,28.43,0.087,24.3,Switch,4
Melquizael Costa,Featherweight,1712.9,1712.9,76.4,balanced,0.518,0.704,4.3,0.504,1.53,0.509,45.4,0.75,0.4,0.2,0.522,5.63,0.151,14.84,1.01,29.82,0.229,29.7,Southpaw,10
Nathaniel Wood,Featherweight,1686.6,1686.6,74.3,balanced,0.528,0.769,5.23,0.545,1.38,0.733,44.2,0.51,0.214,0.071,0.567,6.0,0.147,15.14,0.82,36.89,0.257,33.1,Orthodox,14
Yair Rodriguez,Featherweight,1686.4,1686.4,71.8,striker,0.327,0.896,4.58,0.528,0.87,0.594,27.9,0.62,0.312,0.188,0.574,9.45,0.093,13.69,0.94,36.16,0.035,32.5,Orthodox,16
Youssef Zalal,Featherweight,1685.9,1685.9,72.9,balanced,0.661,0.581,3.14,0.649,1.76,0.558,73.0,1.11,0.308,0.0,0.64,4.27,0.243,11.65,1.29,19.23,0.041,29.6,Switch,13
Chan Sung Jung,Featherweight,1680.6,1680.6,70.6,balanced,0.48,0.665,3.77,0.501,0.97,0.714,37.3,0.68,0.5,0.333,0.759,6.68,0.124,-9.91,0.89,33.23,0.467,39.3,Orthodox,12
Brian Ortega,Featherweight,1675.3,1675.3,70.4,balanced,0.398,0.658,3.94,0.493,1.06,0.545,28.7,0.85,0.5,0.143,0.7,3.74,0.096,-21.09,1.18,55.63,0.15,34.5,Switch,14
Cub Swanson,Featherweight,1668.6,1668.6,70.2,striker,0.345,1.0,5.09,0.585,0.79,0.726,24.3,0.17,0.308,0.269,0.606,5.39,0.081,8.83,0.64,38.23,0.202,42.6,Orthodox,26
David Onama,Featherweight,1654.2,1654.2,68.7,striker,0.435,0.93,4.83,0.519,1.19,0.526,53.6,0.48,0.333,0.111,0.755,9.14,0.179,2.33,1.01,40.57,0.252,31.4,Orthodox,9
Chepe Mariscal,Featherweight,1646.4,1646.4,68.0,wrestler,0.768,0.613,4.0,0.524,2.01,0.593,70.6,0.36,0.167,0.0,0.644,10.13,0.235,3.03,0.43,24.07,0.148,33.6,Orthodox,6
Ricardo Lamas,Featherweight,1641.0,1641.0,65.9,balanced,0.58,0.658,3.49,0.567,1.75,0.419,60.9,0.81,0.412,0.176,0.517,7.3,0.203,-1.06,0.92,29.09,0.326,44.1,Orthodox,17
William Gomis,Featherweight,1638.3,1638.3,64.3,striker,0.42,0.714,3.41,0.616,1.02,0.776,46.5,0.41,0.143,0.0,0.493,2.26,0.155,4.49,0.48,21.97,0.134,29.0,Southpaw,7
Mairon Santos,Featherweight,1709.0,1638.2,75.0,striker,0.203,0.792,3.56,0.656,0.76,0.692,33.0,0.31,0.5,0.0,0.559,3.28,0.11,5.01,0.68,24.37,0.184,26.0,Orthodox,4
Shane Burgos,Featherweight,1634.7,1634.7,66.5,striker,0.386,0.985,6.44,0.564,0.72,0.915,34.8,0.48,0.273,0.182,0.634,7.14,0.116,1.11,0.93,54.41,0.453,35.3,Orthodox,11
Dooho Choi,Featherweight,1632.6,1632.6,67.3,balanced,0.564,0.881,4.65,0.57,1.34,0.593,47.7,0.56,0.6,0.2,0.674,7.24,0.159,2.96,1.09,35.01,0.427,35.2,Orthodox,10
Jose Delgado,Featherweight,1631.9,1631.9,66.9,striker,0.279,1.0,5.75,0.507,0.98,0.385,33.7,0.31,0.5,0.0,0.602,8.73,0.112,7.62,0.97,38.02,0.372,28.2,Switch,4
Chas Skelly,Featherweight,1622.8,1622.8,64.1,grappler,0.922,0.459,2.46,0.49,1.68,0.391,85.2,1.86,0.5,0.083,0.803,3.53,0.284,-3.72,1.79,30.98,0.259,41.1,Orthodox,12
Josh Emmett,Featherweight,1622.0,1622.0,61.6,balanced,0.37,0.69,3.79,0.596,1.15,0.438,27.0,0.16,0.235,0.235,0.644,5.7,0.09,-7.91,0.9,41.9,0.249,41.0,Orthodox,17
Dan Ige,Featherweight,1617.4,1617.4,61.0,striker,0.283,0.824,3.61,0.559,0.87,0.568,35.7,0.15,0.286,0.048,0.646,6.72,0.119,-1.13,0.49,36.14,0.194,34.9,Orthodox,21
Calvin Kattar,Featherweight,1614.4,1614.4,61.1,striker,0.225,0.821,4.27,0.548,0.59,0.773,17.1,0.18,0.267,0.067,0.745,3.82,0.057,-25.79,0.47,50.22,0.128,38.2,Orthodox,15
Christian Rodriguez,Featherweight,1609.0,1609.0,62.5,grappler,0.829,0.549,3.62,0.563,1.8,0.658,66.8,1.0,0.2,0.1,0.696,7.37,0.221,3.88,1.06,28.64,0.113,28.5,Orthodox,10
Ryan Hall,Featherweight,1608.0,1608.0,60.3,grappler,0.656,0.53,2.94,0.659,0.74,0.0,54.1,1.58,0.167,0.167,0.503,8.62,0.18,7.36,1.87,18.44,0.148,41.3,Southpaw,6
Sean Woodson,Featherweight,1603.0,1603.0,61.5,striker,0.411,0.91,5.25,0.59,0.87,0.868,30.3,0.44,0.2,0.2,0.685,2.14,0.101,16.48,0.73,31.99,0.27,34.0,Orthodox,10
Giga Chikadze,Featherweight,1602.2,1602.2,59.1,striker,0.272,0.815,3.83,0.611,0.53,0.688,17.0,0.3,0.25,0.083,0.589,4.5,0.057,2.98,0.75,32.16,0.229,37.8,Orthodox,12
Julio Arce,Featherweight,1601.3,1601.3,60.5,striker,0.301,0.771,4.02,0.684,0.78,0.962,27.7,0.44,0.4,0.1,0.691,2.12,0.092,11.73,0.71,23.69,0.423,36.6,Southpaw,10
Daniel Santos,Featherweight,1592.4,1592.4,61.2,wrestler,0.743,0.653,4.6,0.505,2.17,0.733,70.2,0.25,0.333,0.167,0.649,8.43,0.234,-8.76,0.57,44.85,0.388,31.3,Orthodox,6
Morgan Charriere,Featherweight,1590.6,1590.6,60.6,wrestler,0.708,0.686,3.93,0.539,1.84,0.833,49.1,0.43,0.5,0.167,0.609,3.57,0.164,-2.29,0.88,34.07,0.424,30.7,Orthodox,6
Aaron Pico,Featherweight,1589.8,1589.8,58.5,wrestler,0.826,0.707,4.92,0.452,3.18,0.0,58.0,0.36,0.0,0.5,0.693,6.98,0.193,17.91,0.7,29.05,0.367,29.5,Orthodox,2
Muhammad Naimov,Featherweight,1589.4,1589.4,55.6,balanced,0.546,0.536,2.85,0.447,1.69,0.735,61.1,0.35,0.286,0.286,0.605,4.53,0.204,-2.76,0.51,20.98,0.24,31.9,Orthodox,7
Jordan Leavitt,Featherweight,1588.7,1588.7,58.3,wrestler,0.854,0.532,2.62,0.588,2.53,0.3,80.5,0.78,0.4,0.3,0.358,3.15,0.265,5.83,0.86,15.14,0.113,31.0,Southpaw,10
Gabriel Santos,Featherweight,1587.9,1587.9,59.9,grappler,0.953,0.629,4.06,0.454,2.66,0.875,75.6,0.9,0.25,0.25,0.592,7.23,0.252,-1.13,1.09,37.46,0.457,29.6,Orthodox,4
Alex Caceres,Featherweight,1587.2,1587.2,57.9,striker,0.445,0.815,4.16,0.628,0.66,0.649,36.3,0.66,0.2,0.2,0.625,3.57,0.121,11.89,0.82,25.63,0.215,38.0,Southpaw,30
Jamall Emmers,Featherweight,1584.2,1584.2,60.5,wrestler,0.865,0.69,4.54,0.593,2.39,0.8,75.0,0.43,0.222,0.222,0.584,5.73,0.25,7.82,0.8,31.01,0.223,36.9,Orthodox,9
Kaan Ofli,Featherweight,1583.2,1583.2,54.8,balanced,0.408,0.53,3.05,0.54,0.95,0.0,58.7,0.5,0.25,0.25,0.513,3.23,0.196,-7.78,0.58,30.29,0.518,33.0,Orthodox,4
Yadier del Valle,Featherweight,1582.0,1582.0,60.4,grappler,0.88,0.431,2.62,0.643,1.16,0.556,62.7,1.55,0.667,0.0,0.505,5.18,0.209,-0.77,1.5,20.61,0.211,29.9,Southpaw,3
Danny Silva,Featherweight,1575.5,1575.5,58.3,wrestler,0.645,0.631,3.99,0.624,1.8,0.733,46.4,0.46,0.25,0.0,0.63,3.01,0.155,-7.4,0.82,41.0,0.184,29.4,Switch,4
Josh Culibao,Featherweight,1575.0,1575.0,53.5,striker,0.183,0.749,3.53,0.599,0.51,0.656,29.5,0.4,0.125,0.125,0.614,3.64,0.098,8.98,0.82,27.7,0.214,32.1,Orthodox,8
Jack Shore,Featherweight,1571.2,1571.2,57.1,grappler,0.872,0.595,3.66,0.564,2.7,0.741,75.1,0.62,0.333,0.333,0.67,6.97,0.25,6.15,0.82,18.25,0.302,31.4,Orthodox,9
Darren Elkins,Featherweight,1564.4,1564.4,56.2,grappler,0.95,0.54,3.44,0.512,2.71,0.561,95.9,1.02,0.233,0.167,0.744,9.8,0.319,-4.7,1.04,33.58,0.252,42.1,Orthodox,30
Julian Erosa,Featherweight,1557.4,1557.4,55.5,balanced,0.539,0.772,5.65,0.492,1.76,0.615,39.6,0.72,0.333,0.389,0.655,4.64,0.132,-5.35,0.71,51.08,0.768,36.9,Southpaw,18
Mirsad Bektic,Featherweight,1556.1,1556.1,54.3,wrestler,0.979,0.498,2.81,0.578,3.28,0.923,127.4,0.49,0.3,0.3,0.771,12.46,0.425,1.05,0.7,19.75,0.292,35.3,Orthodox,10
John Castaneda,Featherweight,1552.2,1552.2,54.2,balanced,0.492,0.761,4.74,0.529,1.45,0.783,48.3,0.28,0.222,0.111,0.586,3.5,0.161,-2.26,0.68,44.4,0.373,34.5,Switch,9
Jonathan Pearce,Featherweight,1549.1,1549.1,55.3,wrestler,1.0,0.622,4.05,0.549,3.94,0.5,102.3,0.79,0.333,0.333,0.678,13.05,0.341,-2.02,0.8,30.46,0.113,34.1,Switch,9
Hakeem Dawodu,Featherweight,1547.9,1547.9,51.8,striker,0.177,0.861,4.97,0.566,0.43,0.653,34.6,0.18,0.1,0.1,0.507,1.94,0.116,19.95,0.31,32.44,0.182,35.0,Orthodox,10
Bill Algeo,Featherweight,1543.1,1543.1,52.8,balanced,0.551,0.744,4.92,0.491,1.26,0.538,51.9,0.27,0.2,0.2,0.58,6.96,0.173,10.03,0.49,33.4,0.105,37.0,Switch,10
Isaac Dulgarian,Featherweight,1542.4,1542.4,53.5,grappler,1.0,0.567,3.38,0.407,3.05,0.0,124.5,1.23,0.5,0.25,0.771,19.45,0.415,-1.94,1.27,26.1,0.184,30.0,Orthodox,4
Billy Quarantillo,Featherweight,1541.3,1541.3,54.8,grappler,0.755,0.776,6.17,0.43,1.57,0.614,65.6,0.97,0.364,0.273,0.675,12.62,0.219,0.55,1.08,47.75,0.334,37.5,Orthodox,11
Alejandro Perez,Featherweight,1541.0,1541.0,50.0,striker,0.265,0.704,3.53,0.617,0.77,0.71,25.4,0.39,0.308,0.154,0.619,6.49,0.085,-2.58,0.5,24.11,0.469,36.8,Orthodox,13
Makwan Amirkhani,Featherweight,1535.7,1535.7,49.5,grappler,0.981,0.394,1.87,0.461,3.42,0.357,80.6,0.95,0.357,0.286,0.807,5.65,0.269,-7.59,0.96,25.51,0.549,37.6,Southpaw,14
Yizha,Featherweight,1533.8,1533.8,50.9,wrestler,0.666,0.628,3.49,0.464,2.07,0.778,54.5,0.31,0.25,0.0,0.644,4.53,0.182,1.21,0.86,29.21,0.334,29.4,Orthodox,4
Jack Jenkins,Featherweight,1531.0,1531.0,50.1,balanced,0.581,0.74,4.3,0.58,1.55,0.7,52.9,0.37,0.167,0.333,0.558,7.06,0.176,8.75,0.75,27.88,0.148,32.6,Switch,6
Nate Landwehr,Featherweight,1528.6,1528.6,49.5,striker,0.413,0.848,5.08,0.512,0.94,0.719,35.3,0.7,0.273,0.455,0.703,3.75,0.118,-9.04,0.77,48.56,0.74,38.0,Orthodox,11
Michael Trizano,Featherweight,1525.9,1525.9,47.3,striker,0.464,0.811,3.68,0.506,0.78,0.727,41.7,0.57,0.143,0.286,0.562,4.22,0.139,-6.69,0.93,28.73,0.452,34.5,Orthodox,7
Gavin Tucker,Featherweight,1521.8,1521.8,50.7,grappler,0.834,0.556,4.11,0.574,2.54,0.538,49.5,1.15,0.286,0.286,0.616,3.45,0.165,11.69,1.08,33.53,0.471,40.0,Southpaw,7
Fernando Padilla,Featherweight,1518.7,1518.7,48.8,striker,0.225,0.883,4.92,0.521,0.76,1.0,30.7,0.62,0.5,0.25,0.639,7.23,0.102,-4.94,1.16,38.46,0.434,29.5,Orthodox,4
Daniel Pineda,Featherweight,1509.6,1509.6,47.2,grappler,0.765,0.529,3.06,0.458,1.44,0.547,62.2,1.34,0.357,0.143,0.66,10.94,0.207,-7.51,1.35,28.08,0.393,40.9,Orthodox,14
Kron Gracie,Featherweight,1507.7,1507.7,44.5,balanced,0.383,0.541,3.36,0.516,0.93,0.0,31.5,0.66,0.25,0.25,0.693,2.88,0.105,-11.24,0.71,40.46,0.184,37.9,Southpaw,4
Danny Henry,Featherweight,1507.1,1507.1,47.1,grappler,0.765,0.704,4.49,0.458,1.13,0.5,55.8,1.43,0.25,0.5,0.664,12.23,0.186,0.06,1.66,29.71,0.434,37.9,Orthodox,4
Douglas Silva de Andrade,Featherweight,1505.2,1505.2,44.4,striker,0.321,0.76,3.59,0.566,0.75,0.717,24.1,0.28,0.214,0.214,0.544,2.02,0.08,-0.2,0.71,36.11,0.282,41.0,Orthodox,14
Steven Peterson,Featherweight,1502.8,1502.8,47.1,balanced,0.557,0.638,4.37,0.533,1.4,0.64,62.2,0.75,0.125,0.0,0.653,5.56,0.207,-16.47,0.88,52.28,0.21,36.1,Orthodox,8
Luis Saldana,Featherweight,1499.6,1499.6,45.0,striker,0.344,0.817,4.29,0.581,1.13,0.444,44.2,0.44,0.0,0.0,0.555,3.48,0.147,3.81,0.78,36.08,0.309,35.4,Orthodox,4
Melsik Baghdasaryan,Featherweight,1492.6,1492.6,41.2,striker,0.165,0.831,4.14,0.579,0.61,0.714,27.0,0.25,0.167,0.5,0.527,3.19,0.096,8.85,0.51,25.08,0.315,34.4,Southpaw,6
JeongYeong Lee,Featherweight,1492.2,1492.2,41.8,striker,0.454,0.71,3.47,0.513,1.08,0.738,41.5,0.31,0.0,0.25,0.634,5.28,0.138,-5.99,0.41,33.86,0.184,30.6,Orthodox,4
Mike Grundy,Featherweight,1489.8,1489.8,43.4,wrestler,0.698,0.514,2.94,0.563,2.79,0.5,47.9,0.5,0.25,0.25,0.676,3.57,0.16,-16.94,0.74,34.62,0.184,39.5,Orthodox,4
Ricardo Ramos,Featherweight,1487.5,1487.5,43.2,wrestler,0.78,0.5,3.1,0.548,2.3,0.679,40.6,0.91,0.2,0.333,0.621,3.06,0.135,-9.81,1.09,32.29,0.23,30.9,Orthodox,15
Kevin Aguilar,Featherweight,1482.9,1482.9,40.5,striker,0.253,0.719,3.96,0.523,0.72,0.81,32.3,0.25,0.0,0.167,0.6,4.44,0.108,-7.11,0.44,41.07,0.485,37.8,Orthodox,6
Felipe Colares,Featherweight,1482.3,1482.3,39.4,balanced,0.554,0.505,2.81,0.369,1.73,0.432,66.9,0.56,0.0,0.167,0.614,4.59,0.223,-12.76,0.63,43.87,0.348,32.2,Orthodox,6
Hyder Amil,Featherweight,1481.9,1481.9,44.1,striker,0.346,0.953,5.56,0.51,1.03,0.417,39.5,0.67,0.333,0.333,0.636,5.76,0.134,13.6,0.86,36.13,0.331,36.1,Switch,6
Andre Ewell,Featherweight,1480.9,1480.9,40.3,striker,0.358,0.727,4.13,0.514,0.71,0.727,23.0,0.27,0.0,0.333,0.598,1.76,0.077,4.28,0.41,35.77,0.273,38.4,Southpaw,9
Tristan Connelly,Featherweight,1479.7,1479.7,40.7,striker,0.361,0.732,3.58,0.509,1.01,0.6,51.9,0.5,0.0,0.0,0.67,7.55,0.173,0.49,0.61,32.67,0.354,40.5,Orthodox,3
Charles Rosa,Featherweight,1474.8,1474.8,41.7,grappler,0.702,0.442,3.25,0.472,1.64,0.38,43.6,0.91,0.154,0.077,0.571,3.64,0.145,-0.71,0.94,37.63,0.273,39.8,Switch,13
TJ Brown,Featherweight,1474.1,1474.1,42.2,grappler,0.966,0.504,3.51,0.493,2.58,0.32,74.3,1.1,0.125,0.375,0.687,4.55,0.248,1.89,1.09,29.15,0.396,36.1,Switch,8
Chris Fishgold,Featherweight,1472.8,1472.8,39.7,grappler,0.764,0.407,2.9,0.469,2.05,0.444,41.8,0.96,0.25,0.5,0.626,3.11,0.139,1.43,0.97,31.08,0.372,34.0,Orthodox,4
SeungWoo Choi,Featherweight,1472.1,1472.1,38.5,striker,0.466,0.758,3.62,0.47,1.02,0.705,49.6,0.17,0.091,0.455,0.605,5.77,0.165,2.51,0.68,28.12,0.74,33.6,Orthodox,11
Shayilan Nuerdanbieke,Featherweight,1470.9,1470.9,40.3,wrestler,0.864,0.524,2.68,0.504,2.59,0.286,96.1,0.39,0.167,0.333,0.748,6.99,0.32,-8.4,0.81,25.41,0.268,32.1,Orthodox,6
Spike Carlyle,Featherweight,1470.2,1470.2,41.9,wrestler,0.826,0.556,3.25,0.301,2.3,0.571,78.3,0.56,0.333,0.0,0.715,10.1,0.261,-4.73,0.65,34.97,0.211,33.1,Switch,3
Darrick Minner,Featherweight,1464.5,1464.5,38.9,grappler,1.0,0.536,2.96,0.343,2.13,0.667,88.5,1.96,0.167,0.5,0.602,7.59,0.295,4.14,1.83,25.47,0.298,36.1,Orthodox,6
Luke Sanders,Featherweight,1463.5,1463.5,40.6,striker,0.376,0.985,5.67,0.508,0.98,0.727,44.8,0.37,0.25,0.5,0.745,13.2,0.149,5.95,0.9,27.72,0.373,40.5,Southpaw,8
Jarno Errens,Featherweight,1462.8,1462.8,36.9,striker,0.212,0.745,3.54,0.619,0.76,0.333,31.5,0.46,0.0,0.25,0.551,2.73,0.105,0.61,0.86,29.21,0.334,31.6,Orthodox,4
Eduardo Garagorri,Featherweight,1459.5,1459.5,35.9,striker,0.443,0.736,3.63,0.582,1.07,0.618,37.7,0.36,0.0,0.667,0.665,4.78,0.125,5.74,0.47,27.44,0.211,37.1,Orthodox,3
Jordan Griffin,Featherweight,1456.9,1456.9,40.4,grappler,0.828,0.487,3.05,0.506,1.52,0.421,67.5,1.25,0.2,0.0,0.757,6.12,0.225,-0.28,1.32,32.84,0.164,36.3,Southpaw,5
Lucas Almeida,Featherweight,1453.4,1453.4,35.0,striker,0.174,0.802,4.23,0.434,0.61,0.545,29.4,0.25,0.167,0.5,0.569,5.51,0.098,3.66,0.74,36.43,0.701,35.4,Orthodox,6
Kai Kamaka,Featherweight,1452.4,1452.4,39.1,balanced,0.65,0.704,4.37,0.555,1.72,0.529,65.9,0.45,0.0,0.25,0.527,4.37,0.22,2.15,0.68,40.46,0.184,31.5,Orthodox,4
Ramon Taveras,Featherweight,1447.9,1447.9,36.0,striker,0.217,0.733,3.82,0.534,0.87,0.727,34.0,0.36,0.0,0.0,0.718,3.98,0.113,-16.65,0.61,37.38,0.211,32.4,Southpaw,3
Danny Chavez,Featherweight,1447.3,1447.3,35.6,balanced,0.512,0.521,3.32,0.51,1.73,0.875,33.8,0.31,0.0,0.25,0.588,4.53,0.113,-6.74,0.41,28.16,0.334,39.3,Orthodox,4
Austin Lingo,Featherweight,1447.0,1447.0,36.5,striker,0.43,0.725,3.82,0.574,0.92,0.756,38.6,0.28,0.0,0.2,0.658,2.43,0.129,-6.7,0.6,35.11,0.164,31.9,Orthodox,5
Blake Bilder,Featherweight,1446.2,1446.2,36.5,striker,0.342,0.739,3.83,0.535,1.01,0.714,56.9,0.36,0.0,0.0,0.579,3.41,0.19,-0.08,0.47,32.95,0.211,35.9,Switch,3
Justin Jaynes,Featherweight,1445.6,1445.6,36.6,grappler,0.654,0.584,3.54,0.629,1.09,0.2,35.1,0.9,0.2,0.6,0.683,4.26,0.117,-13.23,1.2,38.46,0.331,36.9,Orthodox,5
Dennis Buzukja,Featherweight,1445.4,1445.4,35.3,striker,0.186,0.781,4.28,0.534,0.67,0.571,30.9,0.28,0.2,0.4,0.595,3.79,0.103,-0.85,0.51,35.54,0.618,28.7,Switch,5
Bogdan Grad,Featherweight,1445.0,1445.0,38.4,wrestler,0.857,0.569,3.37,0.488,3.02,0.75,78.1,0.36,0.333,0.333,0.637,10.1,0.26,-4.37,0.47,26.34,0.394,30.7,Orthodox,3
Tucker Lutz,Featherweight,1440.8,1440.8,34.8,balanced,0.55,0.573,3.59,0.424,1.75,0.6,58.4,0.31,0.0,0.25,0.576,3.14,0.195,-0.17,0.41,29.55,0.321,31.9,Orthodox,4
Westin Wilson,Featherweight,1439.6,1439.6,31.8,grappler,0.637,0.388,2.68,0.304,1.55,0.333,30.2,2.81,0.25,0.75,0.578,2.73,0.101,-10.19,2.28,37.83,1.309,37.4,Southpaw,4
Herbert Burns,Featherweight,1438.9,1438.9,34.0,grappler,0.795,0.441,2.63,0.414,2.49,0.5,48.2,1.19,0.333,0.667,0.571,3.99,0.161,-7.88,1.14,35.91,0.802,38.4,Orthodox,6
Michael Aswell Jr.,Featherweight,1437.4,1437.4,37.3,striker,0.433,0.798,4.13,0.511,0.92,0.0,38.5,0.31,0.25,0.0,0.705,4.96,0.134,-7.86,0.83,48.2,0.211,30.0,nan,4
Gabriel Miranda,Featherweight,1436.8,1436.8,34.4,grappler,0.83,0.51,3.5,0.379,3.13,0.0,42.3,1.26,0.25,0.75,0.606,2.73,0.141,-4.69,0.91,34.96,1.684,36.2,Orthodox,4
Marcelo Rojo,Featherweight,1426.7,1426.7,30.4,striker,0.403,0.736,4.27,0.551,1.06,0.667,32.0,0.36,0.0,1.0,0.563,3.93,0.107,-2.28,0.47,41.31,0.693,38.0,Orthodox,3
Erik Silva,Featherweight,1425.2,1425.2,28.7,wrestler,0.719,0.508,2.82,0.378,2.01,0.6,43.4,0.36,0.0,1.0,0.587,3.38,0.144,-0.25,0.47,24.21,0.211,39.3,Orthodox,3
Jeka Saragih,Featherweight,1410.2,1410.2,26.8,balanced,0.465,0.611,2.85,0.276,1.36,0.667,32.0,0.31,0.25,0.75,0.499,4.23,0.107,-1.94,0.71,30.26,0.484,31.5,Orthodox,4
Lucas Alexander,Featherweight,1409.3,1409.3,28.1,striker,0.225,0.836,4.24,0.565,0.76,0.6,38.8,0.31,0.0,0.75,0.571,4.45,0.129,17.34,0.62,28.24,0.399,30.9,Orthodox,4
Fernie Garcia,Featherweight,1406.8,1406.8,28.7,balanced,0.466,0.46,2.84,0.495,0.9,0.444,31.7,0.6,0.0,0.25,0.655,3.14,0.106,-8.08,0.68,31.32,0.321,34.2,Orthodox,4
Shane Young,Featherweight,1396.9,1396.9,29.8,striker,0.27,0.801,4.68,0.525,0.95,0.64,32.2,0.23,0.143,0.286,0.59,1.99,0.107,0.39,0.42,43.59,0.253,32.9,Orthodox,7
Martin Day,Featherweight,1391.2,1391.2,27.5,balanced,0.521,0.645,3.79,0.52,1.08,0.65,37.8,0.63,0.0,0.5,0.616,5.43,0.126,1.51,1.01,35.96,0.484,37.6,Orthodox,4
Connor Matthews,Featherweight,1383.2,1383.2,25.5,wrestler,0.676,0.536,3.98,0.553,2.06,0.0,36.4,0.36,0.0,1.0,0.623,3.64,0.121,-8.48,0.47,34.75,0.725,34.1,Switch,3
Sean Soriano,Featherweight,1382.7,1382.7,25.3,striker,0.475,0.733,3.45,0.563,1.41,0.525,43.0,0.28,0.0,0.6,0.604,5.38,0.143,6.4,0.36,26.55,0.164,36.7,Orthodox,5
Mohammad Yahya,Featherweight,1364.7,1364.7,21.0,striker,0.312,0.687,3.66,0.431,1.08,0.429,31.0,0.57,0.0,0.667,0.649,3.12,0.103,-6.29,0.68,46.45,1.496,32.1,Switch,3
Joshua Van,Flyweight,1782.1,1782.1,88.2,striker,0.406,1.0,7.06,0.583,1.05,0.757,28.9,0.34,0.364,0.091,0.698,5.98,0.097,17.56,0.86,47.27,0.14,24.7,Orthodox,11
Manel Kape,Flyweight,1763.2,1763.2,83.7,striker,0.266,0.973,4.19,0.574,0.71,0.811,20.6,0.36,0.545,0.0,0.657,4.76,0.072,5.97,1.06,27.69,0.077,32.6,Southpaw,11
Demetrious Johnson,Flyweight,1757.9,1757.9,84.9,balanced,0.799,0.64,3.47,0.672,3.02,0.712,82.5,0.57,0.389,0.0,0.485,6.29,0.275,11.08,0.7,14.32,0.084,39.9,Orthodox,18
Tatsuro Taira,Flyweight,1756.3,1756.3,84.2,grappler,1.0,0.593,2.98,0.44,3.03,0.462,115.8,1.11,0.6,0.1,0.736,12.66,0.386,-8.76,1.29,32.32,0.315,26.4,Orthodox,10
Muhammad Mokaev,Flyweight,1738.4,1738.4,81.5,grappler,1.0,0.42,2.22,0.575,3.97,0.25,110.9,0.8,0.571,0.0,0.567,5.39,0.37,2.37,0.93,18.56,0.097,25.9,Orthodox,7
Alexandre Pantoja,Flyweight,1716.9,1716.9,80.1,grappler,0.947,0.646,4.18,0.498,2.59,0.692,80.6,0.93,0.444,0.056,0.633,5.23,0.269,2.18,1.08,40.08,0.1,36.2,Orthodox,18
Allan Nascimento,Flyweight,1684.2,1684.2,71.8,grappler,0.809,0.421,2.27,0.573,1.29,0.4,79.9,0.91,0.333,0.0,0.492,5.19,0.26,1.51,1.09,24.05,0.119,34.8,Orthodox,6
Kyoji Horiguchi,Flyweight,1680.1,1680.1,70.8,balanced,0.538,0.664,3.41,0.639,1.52,0.612,58.5,0.26,0.273,0.182,0.714,7.98,0.195,10.52,0.77,20.78,0.077,35.7,Orthodox,11
Asu Almabayev,Flyweight,1672.8,1672.8,70.9,grappler,1.0,0.481,2.66,0.538,3.44,0.444,100.1,1.2,0.286,0.143,0.569,6.84,0.334,-0.24,1.28,20.19,0.097,32.4,Orthodox,7
Kai Kara-France,Flyweight,1654.7,1654.7,66.6,striker,0.294,0.855,4.18,0.643,0.82,0.839,31.2,0.16,0.231,0.231,0.635,6.94,0.104,8.75,0.75,32.91,0.333,33.2,Orthodox,13
Joseph Benavidez,Flyweight,1648.0,1648.0,66.0,striker,0.422,0.798,3.81,0.571,1.52,0.679,49.0,0.32,0.286,0.143,0.552,3.98,0.163,11.16,0.64,26.5,0.29,41.9,Southpaw,21
Steve Erceg,Flyweight,1641.1,1641.1,64.7,striker,0.381,0.782,4.18,0.555,1.31,0.674,40.0,0.48,0.125,0.125,0.701,2.53,0.134,5.78,0.62,32.74,0.249,30.9,Orthodox,8
Alex Perez,Flyweight,1636.8,1636.8,65.9,balanced,0.65,0.752,3.95,0.596,2.03,0.743,64.0,0.59,0.4,0.333,0.597,6.99,0.213,6.11,1.13,27.68,0.06,34.2,Orthodox,15
Ramazan Temirov,Flyweight,1636.2,1636.2,66.1,striker,0.455,0.778,3.65,0.593,1.39,1.0,38.0,0.46,0.5,0.0,0.672,4.36,0.127,3.56,1.35,27.28,0.179,29.4,Orthodox,2
Tagir Ulanbekov,Flyweight,1632.3,1632.3,65.5,grappler,0.972,0.502,3.1,0.506,2.37,0.633,94.6,1.24,0.25,0.125,0.747,4.76,0.316,-1.65,1.35,27.45,0.375,34.9,Southpaw,8
Brandon Moreno,Flyweight,1628.5,1628.5,64.2,striker,0.476,0.769,3.74,0.599,1.41,0.653,53.0,0.45,0.3,0.05,0.721,4.08,0.177,1.67,0.61,35.01,0.223,32.5,Orthodox,20
Edgar Chairez,Flyweight,1627.6,1627.6,63.4,grappler,0.472,0.531,3.38,0.456,0.6,0.333,23.8,1.24,0.429,0.0,0.59,2.62,0.085,-1.17,1.41,37.07,0.107,30.4,Orthodox,7
Amir Albazi,Flyweight,1624.4,1624.4,63.1,balanced,0.522,0.492,2.77,0.594,1.36,0.625,64.3,0.54,0.429,0.0,0.668,4.7,0.214,-15.06,0.78,35.11,0.097,32.6,Orthodox,7
Joseph Morales,Flyweight,1623.3,1623.3,64.0,grappler,0.759,0.452,2.71,0.578,1.15,0.267,43.0,1.9,0.6,0.2,0.621,6.5,0.143,-2.73,1.95,23.28,0.391,31.8,Switch,5
Brandon Royval,Flyweight,1615.5,1615.5,63.8,grappler,0.676,0.659,4.98,0.43,0.9,0.452,27.2,0.99,0.333,0.25,0.737,5.56,0.091,11.37,1.17,32.77,0.357,33.8,Southpaw,12
John Dodson,Flyweight,1614.0,1614.0,60.8,balanced,0.303,0.697,3.22,0.616,0.89,0.822,21.6,0.13,0.353,0.0,0.571,2.37,0.072,-0.57,0.72,29.07,0.051,41.7,Orthodox,17
Dustin Ortiz,Flyweight,1613.0,1613.0,62.7,wrestler,0.854,0.546,3.02,0.564,2.71,0.526,89.0,0.22,0.286,0.071,0.593,12.3,0.297,-3.24,0.39,19.92,0.186,37.5,Orthodox,14
Askar Askarov,Flyweight,1612.0,1612.0,61.4,wrestler,0.762,0.522,3.15,0.579,2.18,0.667,76.0,0.53,0.0,0.0,0.704,5.85,0.254,0.15,0.62,24.36,0.23,33.7,Orthodox,5
Charles Johnson,Flyweight,1608.0,1608.0,60.4,striker,0.25,0.871,4.44,0.557,0.76,0.692,26.7,0.42,0.214,0.071,0.531,3.66,0.089,2.63,0.7,31.15,0.249,35.4,Switch,14
Lone’er Kavanagh,Flyweight,1603.6,1603.6,58.1,striker,0.464,0.747,3.69,0.562,1.41,0.941,44.1,0.46,0.0,0.25,0.63,6.1,0.18,0.0,0.75,29.7,0.27,27.0,Orthodox,4
Jussier Formiga,Flyweight,1601.6,1601.6,57.1,balanced,0.642,0.406,1.79,0.641,1.79,0.871,77.2,0.6,0.188,0.25,0.713,3.8,0.258,-4.49,0.75,21.1,0.433,41.2,Orthodox,16
Rei Tsuruya,Flyweight,1591.8,1591.8,57.9,wrestler,0.747,0.424,2.51,0.419,2.3,0.5,74.0,0.4,0.333,0.0,0.708,5.78,0.232,-4.94,0.6,27.7,0.179,24.0,Orthodox,3
Nate Maness,Flyweight,1586.1,1586.1,56.8,balanced,0.534,0.63,3.19,0.425,1.03,0.8,40.2,0.68,0.429,0.143,0.696,7.44,0.134,-1.52,0.96,29.76,0.225,35.0,Orthodox,7
Rafael Estevam,Flyweight,1577.2,1577.2,54.5,wrestler,0.908,0.378,2.57,0.45,3.34,0.667,100.4,0.48,0.0,0.25,0.656,4.21,0.335,-16.21,0.57,35.9,0.259,29.9,Orthodox,4
Tim Elliott,Flyweight,1575.4,1575.4,57.6,grappler,0.987,0.503,3.48,0.564,3.31,0.594,80.2,1.0,0.136,0.227,0.585,8.23,0.267,-2.15,1.07,30.5,0.041,39.5,Southpaw,22
Sergio Pettis,Flyweight,1571.7,1571.7,54.2,striker,0.371,0.675,3.75,0.654,1.03,0.676,31.6,0.43,0.0,0.143,0.751,3.75,0.106,11.41,0.52,27.46,0.222,32.8,Orthodox,14
Ali Bagautinov,Flyweight,1566.2,1566.2,55.2,wrestler,0.782,0.498,3.0,0.524,2.2,0.65,72.3,0.42,0.143,0.0,0.585,9.69,0.241,-2.48,0.66,26.53,0.097,41.0,Orthodox,7
Alessandro Costa,Flyweight,1564.9,1564.9,54.0,striker,0.352,0.836,3.59,0.529,1.21,0.84,33.4,0.56,0.571,0.286,0.601,6.01,0.116,0.81,0.96,29.06,0.347,30.4,Orthodox,7
Kai Asakura,Flyweight,1562.8,1562.8,49.1,balanced,0.273,0.468,2.75,0.52,0.95,0.5,33.3,0.4,0.333,0.667,0.653,3.61,0.126,-4.94,0.6,28.28,0.179,32.6,Orthodox,3
Tyson Nam,Flyweight,1562.0,1562.0,53.1,striker,0.113,0.759,3.78,0.654,0.39,0.875,19.3,0.16,0.375,0.125,0.584,3.43,0.064,-11.3,0.55,40.24,0.266,42.7,Orthodox,8
Wilson Reis,Flyweight,1557.3,1557.3,52.9,wrestler,0.969,0.322,2.17,0.559,4.33,0.474,94.2,0.63,0.154,0.231,0.576,5.0,0.314,-8.98,0.64,30.51,0.493,41.5,Southpaw,13
Matheus Nicolau,Flyweight,1556.7,1556.7,53.6,grappler,0.704,0.623,3.3,0.658,1.33,0.905,43.4,0.81,0.182,0.273,0.551,5.52,0.145,2.35,1.46,25.04,0.479,33.5,Orthodox,11
Sumudaerji,Flyweight,1552.8,1552.8,51.4,striker,0.364,0.79,3.94,0.622,0.91,0.72,32.6,0.56,0.091,0.273,0.619,6.37,0.111,20.79,0.79,24.12,0.166,30.4,Southpaw,11
Andre Lima,Flyweight,1551.7,1551.7,54.3,grappler,0.81,0.54,3.34,0.55,1.15,0.708,61.7,0.84,0.2,0.0,0.531,2.58,0.199,5.75,1.01,26.84,0.232,27.4,Orthodox,5
Zach Makovsky,Flyweight,1548.7,1548.7,51.7,wrestler,0.782,0.409,2.43,0.623,2.97,0.565,66.4,0.44,0.0,0.0,0.598,4.97,0.221,0.76,0.51,23.93,0.097,43.2,Southpaw,7
Ben Nguyen,Flyweight,1545.4,1545.4,52.4,grappler,0.617,0.563,3.43,0.594,0.76,0.632,36.9,0.89,0.429,0.286,0.666,4.02,0.123,11.76,1.28,30.97,0.234,37.9,Switch,7
Jose Ochoa,Flyweight,1541.4,1541.4,53.3,grappler,0.581,0.642,4.22,0.586,0.98,0.655,34.7,0.8,0.25,0.0,0.54,3.8,0.116,13.03,1.13,24.02,0.134,25.5,Southpaw,4
HyunSung Park,Flyweight,1538.1,1538.1,51.5,grappler,0.693,0.523,3.22,0.566,1.32,0.438,43.1,1.09,0.6,0.4,0.592,3.77,0.144,-1.66,1.31,24.72,0.574,30.6,Orthodox,5
Felipe Bunes,Flyweight,1537.0,1537.0,49.9,grappler,0.679,0.495,3.23,0.474,1.37,0.4,47.1,1.07,0.25,0.25,0.653,2.71,0.157,-5.0,1.11,36.52,0.301,36.6,Orthodox,4
Cody Durden,Flyweight,1535.1,1535.1,50.6,wrestler,0.995,0.505,3.25,0.508,3.52,0.565,90.5,0.66,0.125,0.375,0.711,4.85,0.302,-5.39,0.7,32.54,0.313,35.2,Southpaw,16
Jesus Aguilar,Flyweight,1515.2,1515.2,47.5,grappler,0.656,0.457,2.87,0.607,1.31,0.462,43.6,0.96,0.286,0.143,0.54,2.61,0.146,2.43,1.09,25.44,0.097,30.3,Orthodox,7
Yuta Sasaki,Flyweight,1514.4,1514.4,46.6,grappler,0.826,0.406,2.5,0.5,2.61,0.412,50.9,1.02,0.444,0.444,0.605,5.69,0.17,0.31,0.92,22.49,0.342,36.7,Southpaw,9
Jose Torres,Flyweight,1501.8,1501.8,44.2,striker,0.412,0.69,3.64,0.502,1.53,0.75,40.3,0.46,0.5,0.5,0.651,5.28,0.135,-14.44,0.6,48.03,0.512,33.9,Orthodox,2
Neil Seery,Flyweight,1501.2,1501.2,45.7,grappler,0.632,0.516,3.46,0.589,1.1,0.538,32.0,1.24,0.143,0.143,0.767,5.98,0.107,0.52,1.47,31.64,0.384,46.8,Orthodox,7
Kevin Borjas,Flyweight,1500.5,1500.5,40.4,balanced,0.241,0.577,3.0,0.487,0.66,0.789,32.1,0.28,0.0,0.333,0.698,2.79,0.113,-18.12,0.78,41.95,0.375,28.5,Orthodox,6
Zhalgas Zhumagulov,Flyweight,1498.7,1498.7,44.9,striker,0.343,0.761,4.53,0.522,1.43,0.75,39.4,0.37,0.143,0.143,0.459,2.19,0.132,-3.72,0.44,42.37,0.322,37.8,Switch,7
David Dvorak,Flyweight,1497.4,1497.4,44.5,balanced,0.407,0.54,3.4,0.597,1.01,0.7,38.8,0.4,0.167,0.0,0.555,3.07,0.13,1.76,0.47,26.42,0.332,34.0,Orthodox,6
Eric Shelton,Flyweight,1497.2,1497.2,45.3,wrestler,0.793,0.443,2.85,0.635,2.36,0.462,59.8,0.38,0.0,0.0,0.725,11.67,0.199,-0.97,0.46,21.42,0.107,35.4,Orthodox,6
Chico Camus,Flyweight,1496.3,1496.3,43.3,balanced,0.568,0.481,2.82,0.646,1.07,0.721,67.5,0.49,0.0,0.125,0.766,6.31,0.225,0.28,0.55,26.68,0.089,41.4,Orthodox,8
Ryan Benoit,Flyweight,1492.5,1492.5,41.8,balanced,0.329,0.595,3.0,0.582,0.71,0.723,27.5,0.51,0.222,0.222,0.719,3.65,0.092,-7.16,1.0,30.74,0.082,36.8,Orthodox,9
Rogerio Bontorin,Flyweight,1491.6,1491.6,44.4,grappler,0.914,0.497,2.75,0.521,2.39,0.481,71.1,0.81,0.167,0.167,0.669,4.22,0.237,-1.55,0.87,28.22,0.236,34.2,Orthodox,6
Francisco Figueiredo,Flyweight,1490.5,1490.5,44.3,wrestler,0.845,0.488,2.66,0.616,2.08,0.762,69.4,0.56,0.25,0.25,0.511,4.77,0.232,0.23,0.63,26.84,0.134,36.7,Southpaw,4
Louis Smolka,Flyweight,1484.5,1484.5,46.2,grappler,0.865,0.673,4.41,0.536,1.68,0.322,69.6,1.58,0.353,0.294,0.657,14.88,0.232,-0.98,1.55,30.47,0.445,34.9,Orthodox,17
Victor Altamirano,Flyweight,1484.2,1484.2,43.8,balanced,0.548,0.652,3.82,0.541,2.27,0.591,54.1,0.28,0.167,0.0,0.529,7.34,0.181,4.12,0.47,31.82,0.332,35.4,Switch,6
Jake Hadley,Flyweight,1483.9,1483.9,44.3,grappler,0.524,0.544,3.65,0.602,0.72,0.579,41.0,0.82,0.286,0.0,0.516,5.36,0.137,-6.29,0.96,29.38,0.203,29.9,Southpaw,7
Carlos Hernandez,Flyweight,1480.2,1480.2,39.0,striker,0.413,0.681,3.46,0.507,1.8,0.64,48.4,0.25,0.0,0.429,0.681,3.64,0.162,0.83,0.33,27.51,0.336,32.7,Orthodox,7
Louis Gaudinot,Flyweight,1475.7,1475.7,40.5,grappler,0.655,0.413,2.76,0.486,1.05,0.312,35.0,0.94,0.2,0.2,0.609,4.07,0.117,-11.41,0.95,44.33,0.258,41.8,Orthodox,5
Jon Delos Reyes,Flyweight,1468.2,1468.2,39.8,grappler,0.958,0.531,3.13,0.517,2.43,0.556,68.9,1.31,0.25,0.75,0.648,6.46,0.23,-6.08,1.7,32.52,0.134,38.8,Orthodox,4
Matt Schnell,Flyweight,1460.5,1460.5,38.8,grappler,0.633,0.52,3.86,0.553,0.79,0.435,24.0,1.09,0.176,0.529,0.702,4.68,0.081,2.03,1.06,35.05,0.534,36.4,Orthodox,17
Azat Maksum,Flyweight,1460.0,1460.0,39.2,wrestler,0.704,0.413,3.02,0.525,2.58,0.857,49.8,0.47,0.0,0.0,0.651,2.83,0.167,-11.33,0.7,31.52,0.134,31.4,Southpaw,4
Jordan Espinosa,Flyweight,1459.4,1459.4,36.9,striker,0.34,0.713,3.59,0.61,1.09,0.583,29.3,0.28,0.0,0.333,0.59,4.87,0.098,5.9,0.36,22.05,0.107,36.6,Orthodox,6
Ode Osbourne,Flyweight,1455.6,1455.6,35.5,balanced,0.343,0.598,2.98,0.493,1.04,0.659,25.9,0.38,0.231,0.385,0.642,4.95,0.086,3.33,0.76,24.78,0.247,34.4,Southpaw,13
Dustin Pague,Flyweight,1454.7,1454.7,36.6,grappler,0.829,0.448,2.3,0.412,1.28,0.556,57.7,1.82,0.167,0.333,0.587,5.63,0.193,-3.45,1.74,28.77,0.384,38.9,Orthodox,6
Felipe dos Santos,Flyweight,1445.4,1445.4,34.5,striker,0.237,0.667,3.52,0.415,0.83,0.2,33.3,0.6,0.0,0.0,0.576,5.33,0.111,2.42,0.7,30.77,0.259,25.8,Orthodox,4
Clayton Carpenter,Flyweight,1445.1,1445.1,38.5,grappler,0.75,0.52,3.35,0.462,1.48,0.5,61.0,1.05,0.4,0.2,0.53,6.74,0.204,-12.63,1.06,34.19,0.286,30.0,Orthodox,5
Jimmy Flick,Flyweight,1440.0,1440.0,35.3,grappler,0.831,0.417,2.26,0.413,2.1,0.0,60.1,1.71,0.333,0.333,0.485,2.47,0.201,-18.42,1.56,42.77,0.257,35.8,Orthodox,6
Jose Johnson,Flyweight,1428.5,1428.5,33.7,grappler,0.763,0.497,2.82,0.518,1.25,0.52,50.0,0.77,0.25,0.5,0.621,8.33,0.167,2.1,0.82,21.59,0.134,31.1,Orthodox,4
Mark De La Rosa,Flyweight,1427.6,1427.6,31.9,balanced,0.345,0.487,3.19,0.489,0.95,0.4,39.8,0.37,0.143,0.286,0.615,3.56,0.133,-8.09,0.43,40.84,0.31,31.8,Orthodox,7
Darrell Montague,Flyweight,1424.5,1424.5,30.2,grappler,0.622,0.362,2.7,0.527,1.26,0.333,35.5,1.02,0.0,0.667,0.603,3.1,0.119,-6.55,1.03,39.29,1.182,38.6,Southpaw,3
CJ Vergara,Flyweight,1422.2,1422.2,32.2,striker,0.229,0.82,4.39,0.534,0.55,0.6,41.7,0.35,0.125,0.375,0.538,11.14,0.139,-5.33,0.41,37.57,0.645,35.0,Orthodox,8
Carls John De Tomas,Flyweight,1419.6,1419.6,29.1,balanced,0.48,0.473,2.77,0.449,1.56,0.667,44.4,0.46,0.0,0.5,0.644,4.01,0.149,-3.64,0.6,32.03,0.179,29.8,Southpaw,2
Malcolm Gordon,Flyweight,1419.1,1419.1,30.5,grappler,0.783,0.466,2.79,0.435,1.7,0.267,63.0,0.91,0.143,0.714,0.781,8.33,0.21,-0.88,0.8,19.52,0.416,36.1,Switch,7
Jared Papazian,Flyweight,1408.1,1408.1,28.3,balanced,0.337,0.523,3.3,0.448,0.95,0.5,49.7,0.4,0.0,0.333,0.654,3.46,0.166,-0.38,0.51,29.11,0.337,38.4,Southpaw,3
Carlos Candelario,Flyweight,1393.9,1393.9,27.1,balanced,0.62,0.545,3.34,0.426,1.77,0.8,56.1,0.69,0.0,0.5,0.574,3.61,0.188,-1.24,0.8,38.03,0.379,35.0,Southpaw,2
Daniel Lacerda,Flyweight,1372.2,1372.2,23.6,grappler,0.772,0.608,3.68,0.35,2.06,0.0,39.8,0.98,0.0,0.833,0.585,5.54,0.133,-0.72,1.48,45.09,0.557,30.0,Switch,6
Mitch Raposo,Flyweight,1619.6,-1000000000.0,59.4,balanced,0.426,0.457,2.39,0.619,1.46,0.65,37.9,0.24,0.0,0.0,0.637,2.64,0.128,-6.84,0.37,27.03,0.265,27.7,Switch,4
Nyamjargal Tumendemberel,Flyweight,1617.1,-1000000000.0,63.5,grappler,0.813,0.462,2.86,0.588,1.84,0.696,52.0,0.86,0.333,0.0,0.644,6.31,0.173,-5.15,1.1,25.52,0.265,28.2,Orthodox,3
Lone'er Kavanagh,Flyweight,1613.4,-1000000000.0,59.7,balanced,0.464,0.602,3.85,0.562,1.16,0.941,37.8,0.35,0.0,0.25,0.592,5.31,0.126,3.12,0.44,29.72,0.347,27.0,Orthodox,4
Jeff Molina,Flyweight,1602.8,-1000000000.0,62.0,striker,0.211,0.981,5.55,0.562,0.67,0.737,37.4,0.27,0.333,0.0,0.712,9.23,0.125,11.5,0.85,34.56,0.265,28.9,Orthodox,3
Ronaldo Rodriguez,Flyweight,1494.1,-1000000000.0,44.3,balanced,0.508,0.556,3.45,0.408,0.99,0.444,65.5,0.43,0.333,0.0,0.607,8.75,0.218,-9.23,0.53,39.06,0.587,27.1,Orthodox,3
Mateus Mendonca,Flyweight,1459.3,-1000000000.0,35.7,wrestler,0.713,0.406,2.67,0.289,1.78,0.556,68.4,0.45,0.0,0.333,0.655,4.66,0.228,-9.0,0.55,37.46,0.265,27.4,Orthodox,3
Daniel Barez,Flyweight,1431.1,-1000000000.0,32.2,striker,0.274,0.813,4.28,0.493,0.91,0.667,27.7,0.24,0.0,0.5,0.611,3.21,0.092,-16.01,0.62,51.07,0.232,37.5,Orthodox,4
Zarrukh Adashev,Flyweight,1430.4,-1000000000.0,31.4,striker,0.171,0.677,3.62,0.65,0.58,1.0,23.3,0.47,0.0,0.5,0.634,2.69,0.078,2.51,0.51,28.84,0.795,33.9,Southpaw,4
Shannon Ross,Flyweight,1406.7,-1000000000.0,26.0,striker,0.156,0.725,4.15,0.557,0.67,1.0,23.3,0.27,0.0,1.0,0.57,2.64,0.078,-1.2,0.37,32.96,1.551,37.1,Switch,3
Denys Bondar,Flyweight,1386.8,-1000000000.0,27.9,wrestler,0.72,0.579,4.02,0.565,2.38,0.625,40.3,0.27,0.0,0.667,0.563,4.14,0.134,0.3,0.37,42.81,0.265,34.0,Orthodox,3
Stewart Nicoll,Flyweight,1375.3,-1000000000.0,23.0,balanced,0.349,0.543,3.61,0.497,1.37,0.286,39.0,0.27,0.0,0.667,0.651,3.93,0.13,-12.56,0.37,43.03,0.48,30.2,Orthodox,3
Jerome Rivera,Flyweight,1354.6,-1000000000.0,18.2,striker,0.155,0.606,3.41,0.484,0.58,0.333,25.2,0.24,0.0,0.75,0.459,2.31,0.084,1.6,0.32,27.09,0.661,31.2,Southpaw,4
Ciryl Gane,Heavyweight,1839.9,1839.9,90.6,striker,0.317,0.996,5.29,0.608,0.89,0.471,30.8,0.55,0.5,0.071,0.496,3.55,0.106,29.83,0.8,17.37,0.099,36.2,Orthodox,14
Tom Aspinall,Heavyweight,1829.2,1829.2,94.7,wrestler,0.768,0.9,6.96,0.57,2.34,1.0,33.5,1.04,0.8,0.1,0.69,12.02,0.114,7.65,1.58,15.0,0.044,33.2,Orthodox,10
Francis Ngannou,Heavyweight,1824.7,1824.7,87.6,balanced,0.45,0.656,2.67,0.419,0.86,0.718,31.0,0.3,0.786,0.0,0.672,4.93,0.103,-1.67,0.98,15.15,0.059,39.8,Orthodox,14
Alexander Volkov,Heavyweight,1824.5,1824.5,89.6,striker,0.377,0.994,5.12,0.544,0.79,0.694,29.7,0.16,0.368,0.105,0.609,5.59,0.101,22.99,0.41,24.74,0.121,37.7,Orthodox,19
Sergei Pavlovich,Heavyweight,1794.5,1794.5,88.2,striker,0.268,0.961,4.64,0.558,0.77,0.75,31.9,0.09,0.583,0.167,0.797,6.01,0.11,5.29,1.11,22.44,0.171,34.1,Southpaw,12
Waldo Cortes Acosta,Heavyweight,1755.5,1755.5,84.0,striker,0.362,1.0,5.21,0.547,0.7,0.739,31.7,0.17,0.385,0.0,0.709,6.76,0.108,13.13,0.7,22.58,0.037,34.7,Orthodox,13
Stipe Miocic,Heavyweight,1742.1,1742.1,81.3,balanced,0.531,0.827,4.53,0.523,1.64,0.65,66.3,0.05,0.474,0.211,0.716,9.3,0.221,0.72,0.44,37.19,0.35,43.8,Orthodox,19
Jailton Almeida,Heavyweight,1731.2,1731.2,80.5,grappler,1.0,0.538,2.77,0.442,4.4,0.667,147.1,1.28,0.636,0.091,0.806,18.01,0.49,0.91,1.19,18.9,0.071,35.0,Orthodox,11
Valter Walker,Heavyweight,1703.9,1703.9,78.9,grappler,1.0,0.557,3.46,0.427,3.92,0.55,83.9,1.58,0.8,0.0,0.601,5.68,0.284,-3.73,1.29,20.88,0.069,28.5,Orthodox,5
Curtis Blaydes,Heavyweight,1692.9,1692.9,76.1,wrestler,0.93,0.724,4.36,0.539,4.56,0.35,99.7,0.06,0.381,0.238,0.722,14.03,0.334,0.92,0.23,27.79,0.287,35.3,Orthodox,21
Fabricio Werdum,Heavyweight,1682.4,1682.4,72.6,balanced,0.459,0.778,4.47,0.549,1.23,0.267,49.0,0.43,0.444,0.167,0.639,6.85,0.163,10.56,0.65,29.15,0.327,48.9,Orthodox,18
Serghei Spivac,Heavyweight,1660.0,1660.0,70.7,wrestler,0.939,0.606,3.93,0.522,3.36,0.636,77.4,0.46,0.4,0.267,0.892,14.42,0.26,-11.77,0.49,34.59,0.196,31.4,Orthodox,15
Josh Hokit,Heavyweight,1782.7,1659.9,89.5,striker,0.404,1.0,7.97,0.44,1.18,0.75,50.4,0.19,0.75,0.0,0.8,7.64,0.172,18.54,0.95,55.58,0.089,28.6,Orthodox,4
Brando Peričić,Heavyweight,1697.0,1659.9,78.3,striker,0.201,0.975,7.74,0.583,0.94,0.714,32.4,0.22,1.0,0.0,0.63,6.1,0.18,0.0,0.75,29.7,0.27,31.9,Orthodox,3
Rizvan Kuniev,Heavyweight,1670.1,1659.9,68.6,balanced,0.352,0.672,4.5,0.463,1.1,0.913,55.2,0.25,0.0,0.0,0.737,5.31,0.19,3.46,0.51,28.04,0.104,34.3,Orthodox,2
Jairzinho Rozenstruik,Heavyweight,1653.2,1653.2,64.8,striker,0.064,0.882,3.56,0.524,0.25,0.723,11.2,0.06,0.533,0.2,0.612,2.96,0.037,7.56,0.6,19.91,0.126,38.3,Orthodox,15
Alexandr Romanov,Heavyweight,1650.1,1650.1,69.9,grappler,1.0,0.575,3.8,0.541,3.55,0.286,104.6,0.7,0.4,0.2,0.71,16.89,0.349,-0.04,0.68,21.79,0.076,35.5,Southpaw,10
Derrick Lewis,Heavyweight,1646.3,1646.3,62.4,balanced,0.303,0.685,2.77,0.399,0.67,0.524,29.5,0.04,0.5,0.344,0.781,12.01,0.099,-4.59,0.52,20.35,0.213,41.4,Orthodox,32
Alistair Overeem,Heavyweight,1635.9,1635.9,64.1,balanced,0.495,0.816,3.87,0.511,0.88,0.632,62.8,0.25,0.45,0.4,0.557,15.52,0.209,-2.53,0.83,28.35,0.556,46.1,Orthodox,20
Mick Parkin,Heavyweight,1622.1,1622.1,64.7,striker,0.404,0.888,4.98,0.597,1.26,0.75,47.2,0.17,0.2,0.0,0.656,5.34,0.161,7.9,0.47,29.56,0.069,30.7,Orthodox,5
Vitor Petrino,Heavyweight,1614.6,1614.6,63.1,wrestler,0.849,0.588,3.32,0.509,2.33,0.808,73.2,0.64,0.444,0.222,0.664,5.65,0.244,1.26,0.91,22.9,0.271,28.8,Orthodox,9
Brando Pericic,Heavyweight,1684.9,1614.5,76.5,striker,0.183,1.0,6.92,0.583,0.68,0.714,32.8,0.17,1.0,0.0,0.673,6.67,0.109,17.07,0.62,30.4,0.152,31.9,Orthodox,3
Mario Pinto,Heavyweight,1667.5,1614.5,72.5,grappler,0.784,0.61,3.3,0.578,1.76,1.0,79.1,0.6,0.667,0.0,0.71,8.27,0.264,-2.3,0.85,24.02,0.336,28.3,Orthodox,3
Tallison Teixeira,Heavyweight,1638.4,1614.5,63.1,wrestler,0.696,0.644,3.77,0.329,1.93,0.0,67.3,0.15,0.25,0.5,0.691,9.56,0.215,-0.03,0.55,25.96,0.41,26.5,Orthodox,4
Martin Buday,Heavyweight,1609.8,1609.8,60.3,striker,0.369,0.791,4.2,0.561,0.5,0.933,58.9,0.2,0.125,0.125,0.642,2.97,0.196,-6.07,0.36,33.75,0.089,34.6,Orthodox,8
Juan Espino,Heavyweight,1603.9,1603.9,63.7,grappler,1.0,0.54,3.22,0.4,4.11,0.5,73.1,1.21,0.667,0.0,0.717,9.82,0.244,-0.03,1.07,24.42,0.152,45.7,Orthodox,3
Tyrell Fortune,Heavyweight,1600.8,1600.8,62.2,wrestler,0.767,0.675,4.63,0.573,1.91,1.0,58.6,0.3,0.0,0.0,0.731,7.57,0.203,2.55,0.61,27.85,0.124,30.0,nan,1
Junior Dos Santos,Heavyweight,1589.4,1589.4,57.8,striker,0.27,0.957,4.4,0.562,0.44,0.818,13.9,0.1,0.435,0.304,0.619,4.03,0.046,15.74,0.74,29.12,0.348,42.4,Orthodox,23
Blagoy Ivanov,Heavyweight,1588.0,1588.0,55.7,striker,0.341,0.674,3.45,0.535,0.86,0.615,33.1,0.18,0.0,0.0,0.734,2.44,0.11,-7.4,0.33,35.26,0.089,39.7,Southpaw,8
Marcin Tybura,Heavyweight,1580.8,1580.8,56.7,balanced,0.55,0.683,3.81,0.552,1.35,0.707,73.8,0.15,0.25,0.25,0.658,10.09,0.247,1.23,0.24,31.28,0.288,40.6,Orthodox,24
Karl Williams,Heavyweight,1554.9,1554.9,54.4,wrestler,0.9,0.541,3.4,0.543,2.85,1.0,89.1,0.27,0.0,0.0,0.694,7.62,0.297,-1.87,0.51,27.69,0.133,36.5,Orthodox,4
Ante Delija,Heavyweight,1548.7,1548.7,51.6,striker,0.196,0.857,4.86,0.526,0.94,0.75,31.1,0.22,0.333,0.333,0.798,5.58,0.109,6.71,0.69,36.03,0.346,35.9,Orthodox,3
Mohammed Usman,Heavyweight,1548.1,1548.1,51.2,striker,0.31,0.726,3.85,0.512,0.81,0.667,51.5,0.12,0.167,0.0,0.622,2.83,0.172,-2.63,0.31,35.51,0.107,37.2,Orthodox,6
Rodrigo Nascimento,Heavyweight,1547.4,1547.4,50.4,balanced,0.502,0.587,3.74,0.445,1.1,0.591,56.5,0.33,0.125,0.25,0.689,3.63,0.188,-1.97,0.37,34.49,0.389,33.6,Orthodox,8
Shamil Abdurakhimov,Heavyweight,1546.8,1546.8,47.4,balanced,0.351,0.556,2.8,0.555,1.06,0.455,35.3,0.18,0.182,0.545,0.606,3.48,0.118,4.54,0.41,30.36,0.346,44.8,Orthodox,11
Aleksei Oleinik,Heavyweight,1544.5,1544.5,53.1,grappler,0.902,0.553,3.39,0.443,1.7,0.375,68.1,1.63,0.471,0.294,0.631,3.39,0.227,1.41,1.52,35.23,0.47,49.0,Orthodox,17
Augusto Sakai,Heavyweight,1539.2,1539.2,48.8,striker,0.366,0.808,4.18,0.456,0.57,0.375,45.8,0.09,0.222,0.444,0.608,3.49,0.153,-2.41,0.25,32.45,0.263,35.1,Orthodox,9
Ben Rothwell,Heavyweight,1535.7,1535.7,50.4,balanced,0.453,0.687,3.96,0.447,0.87,0.593,48.4,0.48,0.412,0.176,0.712,4.57,0.161,-12.18,0.71,39.99,0.112,44.7,Orthodox,17
Jamal Pogues,Heavyweight,1535.4,1535.4,48.5,striker,0.388,0.707,3.62,0.471,1.22,0.667,42.1,0.15,0.0,0.0,0.658,3.24,0.14,-5.62,0.26,29.57,0.133,30.6,Orthodox,4
Carlos Felipe,Heavyweight,1530.2,1530.2,47.9,striker,0.158,0.769,4.42,0.506,0.53,0.727,29.4,0.13,0.0,0.0,0.637,3.21,0.098,-6.67,0.23,45.62,0.119,31.4,Orthodox,5
Hamdy Abdelwahab,Heavyweight,1527.2,1527.2,50.9,wrestler,0.814,0.626,4.06,0.514,2.22,1.0,70.1,0.15,0.0,0.0,0.707,15.24,0.234,-9.25,0.38,31.44,0.133,33.4,Southpaw,4
Tanner Boser,Heavyweight,1526.7,1526.7,48.4,striker,0.135,0.887,4.56,0.575,0.32,0.696,28.1,0.08,0.273,0.182,0.525,3.66,0.094,17.64,0.31,27.59,0.156,34.9,Orthodox,11
Tai Tuivasa,Heavyweight,1523.0,1523.0,45.1,striker,0.151,0.884,3.46,0.429,0.22,0.587,34.2,0.05,0.389,0.333,0.6,2.68,0.114,-10.47,0.66,38.85,0.469,33.3,Southpaw,18
Thomas Petersen,Heavyweight,1521.1,1521.1,47.7,wrestler,0.805,0.563,3.38,0.558,2.06,0.857,83.4,0.24,0.0,0.333,0.643,6.8,0.278,0.48,0.43,27.69,0.444,31.2,Southpaw,6
Shamil Gaziev,Heavyweight,1518.6,1518.6,45.9,balanced,0.565,0.605,3.35,0.452,1.14,0.833,81.4,0.12,0.333,0.5,0.683,4.13,0.271,-20.55,0.35,37.6,0.522,36.4,Orthodox,6
Jhonata Diniz,Heavyweight,1517.9,1517.9,44.6,striker,0.141,0.797,3.75,0.584,0.53,0.692,25.0,0.13,0.2,0.4,0.698,3.27,0.084,9.08,0.37,35.78,0.119,35.0,Orthodox,5
Andrei Arlovski,Heavyweight,1516.2,1516.2,46.0,striker,0.257,0.856,3.87,0.568,0.4,0.778,22.7,0.19,0.262,0.262,0.56,1.69,0.076,10.25,0.48,27.41,0.312,47.4,Orthodox,42
Louie Sutherland,Heavyweight,1515.2,1515.2,43.6,wrestler,0.883,0.52,2.98,0.302,2.8,0.0,91.5,0.17,0.0,0.667,0.639,5.7,0.305,1.0,0.3,24.93,0.152,32.4,Orthodox,3
Greg Hardy,Heavyweight,1505.2,1505.2,45.3,striker,0.258,0.848,4.39,0.551,0.48,0.643,26.0,0.08,0.3,0.3,0.606,9.69,0.087,5.61,0.26,25.04,0.189,37.9,Orthodox,10
Stefan Struve,Heavyweight,1494.1,1494.1,44.4,grappler,0.69,0.597,3.22,0.465,0.65,0.558,29.5,1.48,0.458,0.333,0.546,4.19,0.098,-1.36,1.42,29.84,0.597,38.3,Orthodox,24
Maurice Greene,Heavyweight,1486.4,1486.4,41.2,grappler,0.362,0.563,3.47,0.459,0.4,0.273,20.7,0.39,0.375,0.375,0.541,2.2,0.069,3.71,0.67,30.04,0.464,40.0,Orthodox,8
Justin Tafa,Heavyweight,1484.2,1484.2,41.3,striker,0.128,0.921,3.99,0.471,0.34,0.533,25.7,0.08,0.4,0.2,0.6,2.64,0.085,-4.7,0.68,30.28,0.344,32.5,Southpaw,10
Lukasz Brzeski,Heavyweight,1478.6,1478.6,38.1,striker,0.117,0.78,4.39,0.553,0.43,0.316,21.1,0.11,0.0,0.571,0.52,1.99,0.07,12.45,0.19,36.01,0.684,34.1,Orthodox,7
Jake Collier,Heavyweight,1476.8,1476.8,42.8,striker,0.388,0.883,5.37,0.508,0.81,0.676,42.8,0.54,0.143,0.286,0.66,3.34,0.143,10.07,0.75,45.73,0.13,37.7,Orthodox,14
Parker Porter,Heavyweight,1465.4,1465.4,40.6,balanced,0.45,0.761,5.47,0.494,1.25,0.667,56.3,0.27,0.125,0.5,0.7,3.97,0.188,0.98,0.32,47.08,0.66,41.2,Orthodox,8
Raphael Pessoa,Heavyweight,1458.3,1458.3,32.6,balanced,0.215,0.491,3.13,0.421,0.68,1.0,28.1,0.17,0.0,0.667,0.61,3.13,0.094,-5.86,0.51,25.36,0.152,37.3,Orthodox,3
Chris Barnett,Heavyweight,1452.8,1452.8,34.7,striker,0.132,0.762,3.56,0.364,0.48,0.353,23.8,0.12,0.333,0.333,0.604,7.45,0.08,-10.31,0.35,46.05,0.384,40.0,Orthodox,6
Don'Tale Mayes,Heavyweight,1450.4,1450.4,35.6,balanced,0.429,0.557,3.07,0.476,0.82,0.312,39.7,0.07,0.167,0.25,0.572,2.14,0.132,-1.25,0.27,30.81,0.207,34.4,Orthodox,12
Chase Sherman,Heavyweight,1448.2,1448.2,38.5,striker,0.277,0.929,5.58,0.523,0.32,0.742,18.2,0.06,0.2,0.333,0.568,2.47,0.061,-3.99,0.31,60.96,0.254,36.6,Orthodox,15
Robelis Despaigne,Heavyweight,1447.7,1447.7,35.9,balanced,0.218,0.628,3.11,0.465,0.68,0.5,28.9,0.17,0.333,0.0,0.641,3.5,0.096,3.02,0.48,28.06,0.152,37.8,Orthodox,3
Gian Villante,Heavyweight,1443.1,1443.1,35.9,striker,0.2,0.854,4.45,0.529,0.52,0.854,21.2,0.05,0.222,0.278,0.649,3.77,0.071,-14.82,0.31,49.86,0.422,40.8,Orthodox,18
Jeff Hughes,Heavyweight,1432.1,1432.1,32.2,striker,0.176,0.697,3.46,0.61,0.6,0.4,32.7,0.15,0.0,0.25,0.596,3.3,0.109,-1.56,0.26,34.57,0.508,38.1,Orthodox,4
Yorgan De Castro,Heavyweight,1429.7,1429.7,32.3,balanced,0.245,0.554,3.04,0.537,0.6,1.0,37.5,0.15,0.25,0.25,0.539,2.74,0.125,-10.0,0.45,28.94,0.321,39.5,Orthodox,4
Josh Parisian,Heavyweight,1422.2,1422.2,31.8,striker,0.354,0.773,4.18,0.418,1.11,0.417,40.9,0.11,0.143,0.429,0.609,4.14,0.136,-1.37,0.19,42.56,0.336,37.0,Orthodox,7
Jared Vanderaa,Heavyweight,1422.0,1422.0,30.0,striker,0.141,0.768,4.52,0.452,0.43,0.2,27.1,0.11,0.0,0.571,0.565,2.78,0.09,-1.98,0.19,45.92,0.209,34.1,Orthodox,7
Roque Martinez,Heavyweight,1409.6,1409.6,30.4,striker,0.46,0.745,3.61,0.563,0.84,0.538,50.7,0.33,0.0,0.333,0.636,3.13,0.169,-1.57,0.46,38.43,0.152,40.3,Orthodox,3
Alan Baudot,Heavyweight,1382.7,1382.7,25.3,striker,0.183,0.861,4.61,0.468,0.6,0.625,34.5,0.15,0.0,0.5,0.689,6.49,0.115,1.06,0.45,35.5,0.133,38.4,Orthodox,4
Carlos Ulberg,Light Heavyweight,1896.0,1896.0,90.0,striker,0.339,1.0,4.89,0.507,0.64,0.857,21.7,0.18,0.636,0.091,0.615,6.49,0.072,17.92,1.07,26.96,0.223,35.6,Orthodox,11
Jon Jones,Light Heavyweight,1860.2,1860.2,90.6,balanced,0.601,0.765,3.93,0.641,1.67,0.95,63.8,0.41,0.5,0.0,0.505,11.09,0.213,12.46,0.67,16.81,0.061,38.9,Orthodox,24
Magomed Ankalaev,Light Heavyweight,1779.1,1779.1,84.1,balanced,0.452,0.738,3.26,0.562,0.8,0.875,69.3,0.06,0.375,0.125,0.569,8.66,0.231,3.68,0.54,14.28,0.142,34.0,Orthodox,16
Jiri Prochazka,Light Heavyweight,1772.6,1772.6,85.5,striker,0.398,1.0,5.04,0.454,0.7,0.684,35.2,0.21,0.667,0.333,0.716,8.76,0.119,1.41,0.71,43.61,0.55,33.7,Orthodox,9
Jiří Procházka,Light Heavyweight,1764.1,1764.1,83.0,striker,0.399,0.904,4.22,0.454,0.64,0.684,37.0,0.18,0.667,0.333,0.63,6.1,0.18,0.0,0.75,29.7,0.27,33.7,Orthodox,9
Daniel Cormier,Light Heavyweight,1751.3,1751.3,82.7,balanced,0.648,0.697,3.85,0.505,1.45,0.765,77.0,0.48,0.467,0.067,0.723,9.69,0.257,-1.36,0.68,27.51,0.353,47.3,Orthodox,15
Azamat Murzakanov,Light Heavyweight,1724.2,1724.2,77.0,striker,0.274,0.891,3.39,0.558,0.78,0.889,33.4,0.22,0.714,0.143,0.679,10.78,0.111,1.39,1.09,21.76,0.274,37.2,Southpaw,7
Navajo Stirling,Light Heavyweight,1719.0,1719.0,78.6,striker,0.425,0.889,4.61,0.594,1.06,0.808,48.5,0.14,0.4,0.0,0.543,8.15,0.163,19.38,0.5,26.36,0.28,28.6,Orthodox,5
Jan Błachowicz,Light Heavyweight,1717.4,1717.4,75.2,balanced,0.467,0.674,3.26,0.522,0.94,0.695,39.5,0.32,0.318,0.091,0.63,6.1,0.18,0.0,0.75,29.7,0.27,43.3,Orthodox,22
Bogdan Guskov,Light Heavyweight,1717.1,1717.1,75.2,striker,0.241,0.878,3.64,0.445,0.46,0.571,43.1,0.47,0.667,0.167,0.777,15.58,0.144,-4.86,1.37,31.95,0.53,33.8,Orthodox,6
Volkan Oezdemir,Light Heavyweight,1684.0,1684.0,70.8,striker,0.282,0.91,4.06,0.554,0.58,0.8,33.3,0.12,0.375,0.188,0.626,5.65,0.111,3.41,0.69,36.19,0.222,36.8,Orthodox,16
Dustin Jacoby,Light Heavyweight,1674.9,1674.9,70.3,striker,0.206,0.941,4.43,0.58,0.41,0.574,26.8,0.05,0.412,0.118,0.666,2.61,0.089,12.82,0.58,35.57,0.464,38.2,Orthodox,17
Johnny Walker,Light Heavyweight,1669.1,1669.1,66.8,balanced,0.345,0.715,2.91,0.489,0.4,0.5,24.5,0.31,0.438,0.25,0.498,9.37,0.082,3.6,0.83,19.16,0.685,34.2,Orthodox,16
Aleksandar Rakić,Light Heavyweight,1663.2,1663.2,66.8,balanced,0.485,0.649,3.57,0.512,0.73,0.857,76.8,0.16,0.182,0.273,0.63,6.1,0.18,0.0,0.75,29.7,0.27,34.4,Orthodox,11
Khalil Rountree Jr.,Light Heavyweight,1658.1,1658.1,64.2,balanced,0.124,0.703,3.28,0.495,0.21,0.588,13.2,0.11,0.389,0.278,0.565,2.89,0.044,-4.09,1.03,31.31,0.257,36.3,Southpaw,18
Zak Cummings,Light Heavyweight,1650.3,1650.3,67.4,grappler,0.602,0.559,3.21,0.563,0.77,0.69,42.5,0.57,0.429,0.071,0.603,3.68,0.143,0.82,1.13,27.13,0.124,41.9,Southpaw,14
Alonzo Menifield,Light Heavyweight,1641.5,1641.5,64.1,balanced,0.454,0.711,3.19,0.509,0.57,0.8,57.2,0.19,0.389,0.222,0.777,5.26,0.191,1.06,0.64,27.49,0.438,38.7,Orthodox,18
Billy Elekana,Light Heavyweight,1635.9,1635.9,63.5,grappler,0.59,0.543,2.76,0.462,0.96,0.0,47.1,0.51,0.5,0.25,0.661,6.69,0.157,-3.97,0.92,26.96,0.4,31.1,Southpaw,4
Nikita Krylov,Light Heavyweight,1632.0,1632.0,65.1,grappler,0.844,0.688,3.4,0.477,1.55,0.532,81.1,0.86,0.476,0.333,0.607,9.63,0.27,9.46,1.34,26.22,0.272,34.3,Orthodox,21
Aleksandar Rakic,Light Heavyweight,1629.2,1629.2,62.4,striker,0.434,0.84,4.02,0.512,0.79,0.857,75.2,0.18,0.182,0.273,0.545,11.02,0.252,5.83,0.54,22.48,0.319,34.4,Orthodox,11
Jamahal Hill,Light Heavyweight,1625.4,1625.4,61.2,striker,0.117,0.918,4.51,0.45,0.31,0.708,23.7,0.07,0.364,0.273,0.659,5.94,0.079,15.04,0.52,27.42,0.439,35.1,Southpaw,11
Ryan Spann,Light Heavyweight,1624.1,1624.1,61.7,grappler,0.707,0.55,2.5,0.436,0.97,0.581,53.2,0.98,0.5,0.312,0.728,7.22,0.177,-6.74,1.62,29.35,0.454,34.8,Orthodox,16
Thiago Santos,Light Heavyweight,1617.9,1617.9,60.5,balanced,0.365,0.724,3.12,0.539,0.8,0.655,35.9,0.08,0.458,0.25,0.528,11.2,0.12,4.22,0.78,18.84,0.196,42.5,Orthodox,24
Philipe Lins,Light Heavyweight,1616.6,1616.6,61.0,balanced,0.534,0.639,3.77,0.465,1.47,1.0,68.6,0.12,0.167,0.167,0.592,3.09,0.231,3.08,0.31,24.23,0.353,40.8,Orthodox,6
Marcos Rogerio de Lima,Light Heavyweight,1609.2,1609.2,60.7,wrestler,0.809,0.67,2.69,0.525,1.14,0.667,86.9,0.39,0.444,0.333,0.591,8.72,0.29,4.83,1.06,20.78,0.162,41.0,Orthodox,18
Corey Anderson,Light Heavyweight,1608.6,1608.6,61.9,balanced,0.788,0.649,3.82,0.592,3.73,0.833,98.9,0.06,0.2,0.267,0.746,13.45,0.33,9.64,0.22,21.16,0.419,36.7,Orthodox,15
Ilir Latifi,Light Heavyweight,1591.1,1591.1,57.0,wrestler,0.74,0.486,2.06,0.563,1.71,1.0,73.6,0.27,0.312,0.188,0.661,5.5,0.245,-10.47,0.64,25.72,0.297,43.9,Orthodox,16
Modestas Bukauskas,Light Heavyweight,1588.6,1588.6,55.2,balanced,0.425,0.563,2.9,0.505,0.43,0.821,34.8,0.14,0.308,0.308,0.7,3.15,0.116,-6.99,0.33,22.49,0.496,32.4,Switch,13
Kennedy Nzechukwu,Light Heavyweight,1585.0,1585.0,56.9,striker,0.402,0.863,3.74,0.512,0.61,0.808,46.4,0.21,0.467,0.267,0.777,6.73,0.155,-1.87,0.52,33.21,0.312,34.0,Southpaw,15
Jimmy Crute,Light Heavyweight,1584.2,1584.2,58.2,grappler,1.0,0.602,2.95,0.397,3.13,0.583,86.5,1.37,0.5,0.333,0.685,9.21,0.288,-5.56,1.95,26.34,0.462,30.3,Orthodox,12
Chris Weidman,Light Heavyweight,1578.0,1578.0,56.1,grappler,0.874,0.548,2.7,0.51,2.49,0.724,76.3,0.62,0.35,0.35,0.716,9.08,0.254,-0.44,0.95,28.15,0.279,42.0,Orthodox,20
Luke Rockhold,Light Heavyweight,1568.1,1568.1,55.1,grappler,0.647,0.626,3.34,0.483,0.91,0.538,51.1,0.67,0.545,0.364,0.598,14.57,0.17,0.58,0.99,22.28,0.613,41.7,Southpaw,11
Alexander Gustafsson,Light Heavyweight,1567.7,1567.7,53.6,balanced,0.469,0.69,3.36,0.514,1.27,0.837,43.7,0.33,0.389,0.333,0.683,7.8,0.146,4.33,0.91,27.23,0.245,39.4,Orthodox,18
Johny Hendricks,Light Heavyweight,1565.1,1565.1,55.8,wrestler,0.894,0.606,3.15,0.534,2.93,0.675,80.5,0.31,0.238,0.143,0.654,4.36,0.268,-5.25,0.65,32.33,0.158,42.8,Southpaw,21
Ed Herman,Light Heavyweight,1551.3,1551.3,52.4,grappler,0.828,0.562,2.88,0.424,1.63,0.613,67.8,0.77,0.346,0.231,0.629,9.21,0.226,-8.25,1.01,31.03,0.403,45.7,Orthodox,26
Oumar Sy,Light Heavyweight,1547.6,1547.6,53.9,wrestler,0.76,0.529,3.19,0.668,1.81,0.667,76.7,0.31,0.4,0.2,0.563,5.52,0.256,8.88,0.5,20.08,0.189,30.6,Orthodox,5
Rodolfo Bellato,Light Heavyweight,1544.4,1544.4,53.7,balanced,0.452,0.762,4.64,0.471,1.42,0.923,42.9,0.14,0.4,0.0,0.605,14.15,0.145,-7.87,0.37,49.16,0.582,30.4,Orthodox,5
Julius Walker,Light Heavyweight,1537.2,1537.2,49.2,grappler,0.856,0.579,3.25,0.431,2.27,1.0,93.9,0.16,0.0,0.333,0.563,7.7,0.313,-7.65,0.57,34.14,0.404,26.9,Orthodox,3
Chris Daukaus,Light Heavyweight,1536.5,1536.5,47.1,balanced,0.182,0.697,3.09,0.555,0.39,1.0,25.8,0.09,0.5,0.5,0.784,8.54,0.086,2.45,1.44,26.63,0.942,36.7,Orthodox,8
Tyson Pedro,Light Heavyweight,1533.8,1533.8,50.0,grappler,0.584,0.629,2.6,0.565,0.77,0.5,39.7,0.54,0.545,0.182,0.519,4.07,0.132,6.94,1.23,21.62,0.345,34.8,Orthodox,11
Walt Harris,Light Heavyweight,1533.8,1533.8,46.2,balanced,0.273,0.633,2.5,0.547,0.41,0.7,20.8,0.14,0.375,0.375,0.668,8.42,0.069,-3.91,1.03,24.02,0.263,43.0,Southpaw,16
Da Woon Jung,Light Heavyweight,1530.1,1530.1,48.3,balanced,0.54,0.583,2.97,0.493,1.35,0.759,57.0,0.18,0.333,0.222,0.648,4.73,0.19,-9.04,0.62,33.64,0.329,32.5,Orthodox,9
Zhang Mingyang,Light Heavyweight,1529.8,1529.8,47.5,striker,0.207,0.906,3.99,0.366,0.52,1.0,42.5,0.12,0.6,0.4,0.62,12.8,0.145,9.08,0.96,32.44,0.513,27.8,Orthodox,5
Rogerio Nogueira,Light Heavyweight,1527.7,1527.7,47.2,balanced,0.38,0.594,3.0,0.547,0.37,0.641,21.4,0.26,0.308,0.231,0.729,5.4,0.072,0.89,0.6,28.77,0.296,50.0,Southpaw,13
Darren Stewart,Light Heavyweight,1525.5,1525.5,47.2,balanced,0.494,0.59,3.21,0.485,1.63,0.675,43.5,0.16,0.214,0.214,0.626,5.34,0.146,-0.98,0.34,32.17,0.205,35.5,Orthodox,14
Iwo Baraniewski,Light Heavyweight,1650.7,1525.4,71.0,striker,0.171,1.0,6.21,0.474,0.68,1.0,29.3,0.18,1.0,0.0,0.683,12.23,0.113,-5.3,1.8,34.73,0.873,27.6,Orthodox,3
Ovince Saint Preux,Light Heavyweight,1523.3,1523.3,45.5,balanced,0.349,0.625,2.63,0.472,0.78,0.684,31.6,0.29,0.393,0.286,0.606,3.63,0.105,-3.61,0.6,26.2,0.307,43.2,Southpaw,28
Nicolae Negumereanu,Light Heavyweight,1523.1,1523.1,46.7,balanced,0.44,0.56,3.19,0.394,1.02,0.625,55.7,0.11,0.333,0.167,0.701,3.63,0.186,-12.78,0.29,45.82,0.309,31.8,Orthodox,6
Misha Cirkunov,Light Heavyweight,1522.3,1522.3,48.2,grappler,0.799,0.485,2.64,0.578,2.33,0.769,54.3,0.91,0.462,0.462,0.641,7.69,0.181,2.55,1.01,20.88,0.583,39.3,Orthodox,13
Jimi Manuwa,Light Heavyweight,1521.3,1521.3,45.0,balanced,0.346,0.674,2.75,0.492,0.6,0.71,42.7,0.27,0.417,0.417,0.465,2.26,0.143,-3.79,0.69,27.68,0.72,46.3,Orthodox,12
Francimar Barroso,Light Heavyweight,1519.4,1519.4,46.5,wrestler,0.614,0.491,2.8,0.59,1.83,0.833,54.6,0.08,0.0,0.111,0.514,3.45,0.182,0.04,0.22,25.91,0.131,46.3,Orthodox,9
Soa Palelei,Light Heavyweight,1518.0,1518.0,46.3,balanced,0.598,0.57,2.16,0.484,1.57,0.818,73.2,0.1,0.571,0.286,0.706,9.8,0.244,-3.6,0.26,24.19,0.282,48.9,Orthodox,7
Klidson Abreu,Light Heavyweight,1514.0,1514.0,43.9,balanced,0.323,0.477,2.52,0.556,0.88,0.8,35.0,0.14,0.0,0.0,0.51,3.5,0.117,-4.12,0.36,21.79,0.663,33.5,Orthodox,4
Andrew Sanchez,Light Heavyweight,1509.1,1509.1,45.2,balanced,0.605,0.63,3.74,0.507,2.02,1.0,76.9,0.08,0.1,0.4,0.7,6.98,0.256,-5.41,0.43,42.42,0.198,38.2,Orthodox,10
Ivan Erslan,Light Heavyweight,1502.3,1502.3,43.3,balanced,0.533,0.552,3.13,0.543,1.06,0.704,69.6,0.16,0.0,0.25,0.715,3.32,0.234,-11.25,0.23,33.33,0.43,34.6,Orthodox,4
Bruno Lopes,Light Heavyweight,1498.0,1498.0,41.5,wrestler,0.684,0.493,3.19,0.484,1.92,1.0,70.3,0.18,0.0,0.667,0.592,3.41,0.237,-9.47,0.26,29.13,0.749,33.2,Orthodox,3
Patrick Cummins,Light Heavyweight,1497.7,1497.7,44.5,balanced,0.75,0.622,3.56,0.559,3.25,0.286,92.2,0.15,0.154,0.462,0.775,17.71,0.307,-4.95,0.25,34.21,0.525,45.6,Orthodox,13
Maxim Grishin,Light Heavyweight,1496.5,1496.5,43.7,striker,0.255,0.781,3.47,0.588,0.65,0.667,36.8,0.14,0.2,0.0,0.501,4.3,0.125,6.92,0.44,22.54,0.249,42.1,Orthodox,5
Mauricio Rua,Light Heavyweight,1494.1,1494.1,43.7,balanced,0.545,0.763,3.41,0.522,1.48,0.477,59.3,0.24,0.333,0.333,0.595,6.56,0.198,0.73,0.84,30.74,0.337,44.6,Orthodox,24
Devin Clark,Light Heavyweight,1493.7,1493.7,41.8,wrestler,0.743,0.54,2.86,0.44,1.84,0.588,78.9,0.11,0.059,0.412,0.571,7.12,0.263,2.05,0.37,26.55,0.312,36.2,Orthodox,17
Junior Tafa,Light Heavyweight,1484.6,1484.6,38.9,striker,0.095,0.829,3.59,0.51,0.37,0.721,16.5,0.1,0.333,0.556,0.734,4.47,0.06,6.1,0.44,23.83,0.33,29.7,Orthodox,9
Gokhan Saki,Light Heavyweight,1481.4,1481.4,40.2,striker,0.201,0.84,3.58,0.532,0.77,1.0,35.7,0.18,0.5,0.5,0.69,4.67,0.119,14.2,1.48,30.95,0.784,42.7,Orthodox,2
Aleksa Camur,Light Heavyweight,1472.1,1472.1,40.3,striker,0.296,0.788,4.09,0.54,0.85,0.5,38.9,0.16,0.0,0.0,0.582,2.55,0.132,1.28,0.23,40.93,0.28,30.7,Orthodox,4
William Knight,Light Heavyweight,1465.3,1465.3,36.4,balanced,0.466,0.534,2.3,0.373,1.33,0.45,43.5,0.4,0.143,0.143,0.56,5.46,0.145,-13.12,0.76,21.02,0.255,38.2,Orthodox,7
Askar Mozharov,Light Heavyweight,1462.8,1462.8,29.5,balanced,0.285,0.401,2.58,0.136,0.93,0.333,41.2,0.22,0.0,1.0,0.6,5.61,0.137,-0.96,0.57,32.94,0.34,31.6,Orthodox,1
Danilo Marques,Light Heavyweight,1459.8,1459.8,38.2,wrestler,0.855,0.485,2.59,0.522,2.56,0.0,98.2,0.55,0.25,0.5,0.665,7.09,0.33,-4.35,0.56,28.01,0.28,40.5,Orthodox,4
Ihor Potieria,Light Heavyweight,1459.6,1459.6,35.1,striker,0.289,0.8,3.48,0.515,0.82,0.667,41.4,0.09,0.125,0.625,0.656,6.34,0.138,6.28,0.67,38.37,0.428,30.1,Southpaw,8
Diyar Nurgozhay,Light Heavyweight,1449.1,1449.1,35.8,balanced,0.497,0.672,4.22,0.589,1.48,0.778,37.1,0.18,0.0,0.667,0.486,4.48,0.127,10.46,0.26,26.56,0.749,29.2,Southpaw,3
Garreth McLellan,Light Heavyweight,1447.8,1447.8,36.0,grappler,0.659,0.55,3.1,0.452,1.07,0.348,62.5,0.54,0.2,0.4,0.638,16.17,0.208,-2.56,0.73,26.19,0.606,43.8,Southpaw,5
Marcin Prachnio,Light Heavyweight,1447.8,1447.8,34.8,striker,0.185,0.844,4.46,0.546,0.4,0.531,21.0,0.07,0.091,0.545,0.384,2.14,0.07,20.78,0.28,27.27,0.48,37.9,Orthodox,11
Brendson Ribeiro,Light Heavyweight,1447.0,1447.0,32.7,balanced,0.4,0.498,2.5,0.513,0.9,0.214,25.8,0.42,0.143,0.571,0.563,2.71,0.086,-1.28,0.74,25.97,0.473,29.8,Orthodox,7
Mike Rodriguez,Light Heavyweight,1446.9,1446.9,34.8,striker,0.172,0.902,4.17,0.414,0.4,0.355,35.8,0.1,0.25,0.375,0.497,4.67,0.121,3.86,0.74,33.76,0.304,37.6,Southpaw,8
Stanislav Nedkov,Light Heavyweight,1445.3,1445.3,35.3,wrestler,0.711,0.547,2.85,0.436,1.65,0.0,64.6,0.14,0.25,0.5,0.696,8.22,0.215,-3.22,0.79,28.62,0.641,44.5,Orthodox,4
Caio Machado,Light Heavyweight,1441.9,1441.9,36.1,striker,0.162,0.777,4.31,0.624,0.68,0.7,27.1,0.18,0.0,0.0,0.528,3.05,0.093,10.03,0.26,31.63,0.463,31.9,Southpaw,3
Justin Ledet,Light Heavyweight,1437.4,1437.4,33.2,balanced,0.384,0.498,2.99,0.49,0.55,0.429,25.1,0.23,0.143,0.286,0.82,2.68,0.084,0.09,0.39,35.52,0.664,37.7,Orthodox,7
Joachim Christensen,Light Heavyweight,1437.0,1437.0,30.9,balanced,0.336,0.591,2.89,0.46,0.58,0.0,61.5,0.14,0.25,0.75,0.678,7.36,0.205,-0.44,0.79,21.12,0.427,47.6,Orthodox,4
Dalcha Lungiambula,Light Heavyweight,1436.6,1436.6,32.7,balanced,0.554,0.541,2.75,0.53,1.55,0.778,61.8,0.1,0.143,0.571,0.644,8.39,0.206,-8.36,0.37,28.48,0.379,38.9,Orthodox,7
Igor Pokrajac,Light Heavyweight,1435.8,1435.8,31.7,balanced,0.415,0.545,2.22,0.404,0.85,0.514,48.1,0.23,0.231,0.308,0.788,4.76,0.161,-3.87,0.66,32.24,0.346,47.5,Orthodox,13
Austen Lane,Light Heavyweight,1431.2,1431.2,29.7,balanced,0.519,0.57,2.93,0.362,1.54,0.5,66.3,0.11,0.0,0.714,0.541,3.84,0.223,2.54,0.34,22.49,0.898,38.6,Orthodox,7
Jeremy Kimball,Light Heavyweight,1430.5,1430.5,29.3,balanced,0.333,0.568,2.31,0.494,0.96,0.5,36.5,0.14,0.25,0.75,0.662,6.88,0.122,1.28,0.73,24.34,0.213,35.5,Switch,4
Oluwale Bamgbose,Light Heavyweight,1430.5,1430.5,30.3,balanced,0.357,0.571,2.35,0.554,0.89,0.375,31.7,0.12,0.2,0.6,0.541,5.52,0.106,4.25,0.69,23.41,0.374,38.9,Switch,5
Tuco Tokkos,Light Heavyweight,1430.3,1430.3,34.9,wrestler,0.737,0.461,3.03,0.467,1.99,0.333,64.8,0.5,0.25,0.25,0.631,3.59,0.218,-2.68,0.56,30.01,0.28,36.0,Orthodox,4
Gadzhimurad Antigulov,Light Heavyweight,1424.1,1424.1,32.8,grappler,0.927,0.493,2.74,0.404,3.52,0.0,70.4,0.99,0.333,0.667,0.631,5.79,0.236,-3.48,0.7,27.57,0.995,39.4,Orthodox,6
Darko Stosic,Light Heavyweight,1423.7,1423.7,35.5,wrestler,0.738,0.49,2.82,0.582,2.23,0.833,55.3,0.14,0.25,0.0,0.598,6.35,0.184,-14.32,0.36,30.94,0.213,34.4,Orthodox,4
Rafael Cerquiera,Light Heavyweight,1418.8,1418.8,26.3,balanced,0.217,0.51,2.82,0.367,0.68,0.4,28.4,0.18,0.0,0.667,0.625,2.77,0.097,-8.31,0.26,33.54,0.834,30.0,nan,3
Ibo Aslan,Light Heavyweight,1417.2,1417.2,32.8,striker,0.125,0.893,4.73,0.561,0.53,0.875,20.8,0.14,0.4,0.4,0.699,2.34,0.071,9.58,0.57,28.67,0.619,30.2,Orthodox,5
Andreas Michailidis,Light Heavyweight,1415.2,1415.2,28.2,balanced,0.413,0.554,2.86,0.444,1.08,0.5,48.3,0.14,0.0,0.5,0.586,4.5,0.161,0.44,0.36,21.67,0.379,37.9,Orthodox,4
Cody Donovan,Light Heavyweight,1414.9,1414.9,29.9,balanced,0.489,0.71,3.58,0.459,1.18,0.0,49.8,0.74,0.25,0.75,0.629,5.3,0.166,1.28,1.56,36.04,0.813,45.3,Orthodox,4
Tafon Nchukwi,Light Heavyweight,1413.1,1413.1,31.5,striker,0.417,0.818,4.2,0.544,0.91,0.647,39.5,0.11,0.0,0.333,0.549,4.27,0.132,4.55,0.4,29.18,0.395,31.7,Orthodox,6
Anton Turkalj,Light Heavyweight,1401.9,1401.9,27.4,wrestler,0.554,0.481,3.33,0.537,1.73,0.167,41.4,0.16,0.0,0.75,0.6,3.55,0.141,-5.47,0.23,36.36,0.655,30.0,Orthodox,4
Harry Hunsucker,Light Heavyweight,1399.3,1399.3,24.3,grappler,0.51,0.5,3.16,0.359,0.68,0.0,26.1,1.88,0.0,1.0,0.487,2.77,0.09,-3.26,0.69,25.49,1.606,37.5,Orthodox,3
Zac Pauga,Light Heavyweight,1398.9,1398.9,27.7,balanced,0.39,0.623,3.51,0.587,0.75,1.0,65.8,0.14,0.0,0.5,0.561,3.84,0.219,5.94,0.36,26.84,0.546,38.3,Orthodox,4
Daniel Jolly,Light Heavyweight,1387.0,1387.0,18.5,balanced,0.27,0.445,2.28,0.156,0.77,0.25,40.5,0.18,0.0,1.0,0.472,4.67,0.135,-0.8,0.48,28.95,0.784,41.8,Orthodox,2
Fabio Cherant,Light Heavyweight,1382.7,1382.7,20.6,balanced,0.226,0.472,2.26,0.403,0.66,0.0,31.3,0.16,0.0,0.667,0.51,4.0,0.104,-13.63,0.41,24.3,0.5,31.6,Southpaw,3
Ike Villanueva,Light Heavyweight,1381.0,1381.0,23.0,striker,0.33,0.726,3.69,0.364,0.83,1.0,22.6,0.12,0.167,0.833,0.71,2.54,0.077,-14.48,0.38,28.54,1.024,42.2,Orthodox,6
Vinicius Moreira,Light Heavyweight,1355.1,1355.1,15.8,balanced,0.264,0.526,2.32,0.456,0.58,0.0,43.0,0.14,0.0,1.0,0.365,3.5,0.143,-6.22,0.36,36.94,1.413,37.3,Orthodox,4
Charles Oliveira,Lightweight,1863.6,1863.6,90.1,grappler,0.948,0.65,3.37,0.49,2.26,0.549,78.2,2.41,0.568,0.243,0.597,8.6,0.259,-1.31,2.22,26.32,0.242,36.7,Orthodox,37
Ilia Topuria,Lightweight,1855.4,1855.4,91.7,balanced,0.649,0.805,4.11,0.641,1.7,0.938,56.2,0.83,0.7,0.1,0.69,9.99,0.183,2.99,1.71,27.56,0.191,29.4,Orthodox,10
Justin Gaethje,Lightweight,1854.8,1854.8,88.9,striker,0.293,1.0,5.6,0.513,0.64,0.741,24.9,0.15,0.438,0.312,0.645,3.95,0.082,-8.41,0.77,47.28,0.233,37.6,Orthodox,16
Khabib Nurmagomedov,Lightweight,1818.0,1818.0,93.6,grappler,1.0,0.623,4.1,0.654,4.43,0.846,126.3,0.7,0.538,0.0,0.803,24.33,0.421,2.24,0.82,18.26,0.075,37.7,Orthodox,13
Arman Tsarukyan,Lightweight,1796.1,1796.1,91.0,wrestler,0.881,0.686,4.05,0.549,2.94,0.75,101.5,0.26,0.417,0.0,0.658,14.25,0.335,12.71,0.58,18.97,0.071,29.7,Orthodox,12
Max Holloway,Lightweight,1791.8,1791.8,89.4,striker,0.33,1.0,6.66,0.586,0.42,0.814,20.1,0.33,0.406,0.062,0.646,5.35,0.066,24.36,0.66,40.73,0.08,34.5,Orthodox,32
Quillan Salkilld,Lightweight,1782.7,1782.7,91.3,wrestler,0.836,0.786,4.72,0.476,4.31,0.75,65.6,0.67,0.8,0.0,0.64,7.38,0.213,13.92,1.48,22.87,0.127,26.5,Orthodox,5
Benoît Saint Denis,Lightweight,1774.6,1774.6,90.9,grappler,1.0,0.819,5.38,0.422,3.64,0.722,97.5,1.5,0.75,0.167,0.63,6.1,0.18,0.0,0.75,29.7,0.27,30.5,Southpaw,12
Benoit Saint Denis,Lightweight,1771.8,1771.8,90.3,grappler,1.0,0.861,5.25,0.422,3.53,0.722,96.3,1.41,0.75,0.167,0.628,17.03,0.321,-1.18,1.7,33.13,0.182,30.5,Southpaw,12
Mateusz Gamrot,Lightweight,1771.7,1771.7,86.7,wrestler,0.887,0.61,3.55,0.601,4.46,0.833,80.8,0.32,0.385,0.077,0.738,7.91,0.266,1.37,0.48,21.85,0.404,35.5,Southpaw,13
Renato Moicano,Lightweight,1760.3,1760.3,84.9,grappler,0.747,0.636,4.19,0.597,1.73,0.643,57.2,0.59,0.476,0.238,0.716,7.65,0.188,5.76,0.72,29.27,0.28,37.1,Orthodox,21
Paddy Pimblett,Lightweight,1754.8,1754.8,86.2,grappler,0.683,0.767,5.21,0.427,1.12,0.444,55.9,1.05,0.625,0.0,0.626,10.92,0.182,12.75,1.34,32.88,0.305,31.5,Orthodox,8
Manuel Torres,Lightweight,1738.4,1738.4,84.4,balanced,0.574,0.917,5.88,0.511,1.98,0.9,31.6,0.89,0.833,0.167,0.651,8.7,0.1,10.17,1.97,25.29,0.714,31.2,Switch,6
Mauricio Ruffy,Lightweight,1717.5,1717.5,76.4,striker,0.188,0.924,4.0,0.59,0.8,0.824,29.1,0.3,0.667,0.167,0.738,7.22,0.098,1.86,1.27,23.29,0.127,30.0,Orthodox,6
Grant Dawson,Lightweight,1698.9,1698.9,76.0,grappler,1.0,0.559,3.32,0.448,3.19,0.7,148.4,1.06,0.467,0.133,0.674,14.4,0.494,-0.49,1.07,22.71,0.254,32.3,Switch,15
Conor McGregor,Lightweight,1698.2,1698.2,75.5,striker,0.402,1.0,5.05,0.542,0.86,0.667,34.4,0.19,0.571,0.286,0.684,7.73,0.115,10.78,1.31,38.06,0.154,37.9,Southpaw,14
Tom Nolan,Lightweight,1692.3,1692.3,73.9,grappler,0.611,0.622,4.35,0.484,1.13,0.714,34.2,1.13,0.333,0.167,0.571,4.26,0.114,9.08,1.45,28.29,0.497,26.3,Southpaw,6
Gregor Gillespie,Lightweight,1684.9,1684.9,77.0,grappler,1.0,0.689,3.87,0.579,5.09,1.0,138.1,0.64,0.75,0.125,0.77,21.12,0.46,-1.22,0.93,29.3,0.249,39.6,Orthodox,8
Rafa Garcia,Lightweight,1679.3,1679.3,73.4,wrestler,0.797,0.59,4.23,0.614,2.77,0.771,59.7,0.4,0.182,0.091,0.747,3.99,0.199,-1.13,0.53,38.22,0.085,31.9,Orthodox,11
Drakkar Klose,Lightweight,1666.6,1666.6,68.6,balanced,0.481,0.714,4.22,0.493,1.5,0.692,61.3,0.1,0.154,0.154,0.553,5.01,0.204,-2.35,0.29,25.49,0.214,38.3,Orthodox,13
Paul Felder,Lightweight,1659.7,1659.7,67.1,striker,0.312,0.798,3.79,0.488,0.55,0.649,38.8,0.26,0.333,0.067,0.597,6.53,0.129,-2.2,0.47,26.82,0.122,42.2,Orthodox,15
Chris Duncan,Lightweight,1655.7,1655.7,69.9,grappler,0.774,0.632,4.44,0.523,2.38,0.556,55.0,0.57,0.375,0.25,0.612,6.35,0.183,0.92,0.85,38.71,0.106,33.1,Orthodox,8
Kaue Fernandes,Lightweight,1647.8,1647.8,68.7,striker,0.448,0.907,4.2,0.625,1.36,0.769,38.6,0.2,0.5,0.0,0.553,6.71,0.129,17.51,1.08,23.94,0.16,31.3,Orthodox,4
Fares Ziam,Lightweight,1647.1,1647.1,65.9,balanced,0.597,0.607,2.98,0.65,1.55,0.712,69.6,0.41,0.182,0.091,0.647,7.09,0.23,9.06,0.67,16.36,0.091,29.2,Orthodox,11
Jim Miller,Lightweight,1646.3,1646.3,67.7,grappler,0.829,0.569,3.01,0.567,1.49,0.476,54.0,1.62,0.426,0.106,0.59,5.33,0.18,-6.4,1.59,30.77,0.105,42.8,Southpaw,47
Ludovit Klein,Lightweight,1645.5,1645.5,66.3,balanced,0.595,0.714,3.85,0.53,1.41,0.761,68.3,0.1,0.167,0.083,0.6,5.42,0.228,5.64,0.52,29.36,0.08,31.3,Southpaw,12
Dan Hooker,Lightweight,1642.0,1642.0,66.0,striker,0.414,0.978,4.79,0.491,0.86,0.771,47.8,0.58,0.36,0.28,0.626,4.95,0.158,3.1,1.01,44.56,0.134,36.3,Switch,25
Alexander Hernandez,Lightweight,1639.6,1639.6,64.9,striker,0.355,0.861,4.21,0.597,1.14,0.688,38.1,0.14,0.278,0.222,0.568,4.55,0.127,-2.56,0.54,35.95,0.178,33.7,Orthodox,18
Zubaira Tukhugov,Lightweight,1639.6,1639.6,66.5,wrestler,0.654,0.559,3.46,0.638,1.95,1.0,48.4,0.12,0.222,0.0,0.798,4.62,0.161,-2.6,0.47,26.5,0.098,35.4,Orthodox,9
Nurullo Aliev,Lightweight,1639.3,1639.3,66.3,wrestler,0.885,0.495,3.35,0.587,1.74,0.8,94.2,0.37,0.0,0.0,0.706,7.24,0.314,-0.42,0.52,24.86,0.182,25.5,Orthodox,3
Esteban Ribovics,Lightweight,1638.2,1638.2,66.3,striker,0.366,0.897,6.11,0.541,0.79,0.661,24.5,0.26,0.143,0.143,0.704,4.81,0.082,11.79,0.56,50.93,0.222,30.1,Orthodox,7
Rafael Fiziev,Lightweight,1638.2,1638.2,64.9,striker,0.392,0.901,4.69,0.499,1.12,0.904,28.2,0.19,0.25,0.25,0.482,2.86,0.091,1.81,0.44,38.87,0.282,33.3,Switch,12
Ignacio Bahamondes,Lightweight,1635.4,1635.4,66.9,striker,0.195,0.962,5.32,0.552,0.44,0.656,28.3,0.6,0.5,0.0,0.572,4.73,0.094,16.09,1.08,35.91,0.091,28.8,Orthodox,10
Chris Padilla,Lightweight,1624.4,1624.4,67.1,balanced,0.474,0.784,5.27,0.494,1.31,0.8,54.5,0.34,0.6,0.0,0.559,5.21,0.181,6.11,0.45,39.69,0.142,30.8,Orthodox,5
Beneil Dariush,Lightweight,1622.2,1622.2,64.7,wrestler,0.894,0.661,3.86,0.572,2.18,0.827,98.4,0.8,0.308,0.308,0.609,8.35,0.326,7.09,1.11,22.83,0.488,37.1,Southpaw,26
Michael Chandler,Lightweight,1611.0,1611.0,58.8,balanced,0.509,0.688,3.91,0.402,1.6,0.562,49.7,0.26,0.25,0.5,0.653,9.89,0.166,-5.11,0.54,39.47,0.417,40.2,Orthodox,8
Diego Ferreira,Lightweight,1611.0,1611.0,61.8,striker,0.35,0.862,4.59,0.559,0.96,0.579,34.4,0.52,0.412,0.235,0.691,9.05,0.115,11.4,0.7,33.02,0.316,41.4,Orthodox,17
Luis Pena,Lightweight,1608.5,1608.5,62.6,grappler,0.842,0.575,3.81,0.511,1.29,0.485,86.3,0.91,0.25,0.125,0.764,10.61,0.288,-3.08,1.04,24.95,0.106,33.0,Southpaw,8
Claudio Puelles,Lightweight,1604.5,1604.5,59.9,grappler,0.932,0.419,2.33,0.481,2.75,0.6,100.1,0.82,0.333,0.222,0.623,7.33,0.334,-7.75,0.84,24.33,0.459,30.2,Southpaw,9
Terrance McKinney,Lightweight,1603.7,1603.7,64.9,grappler,0.885,0.872,6.91,0.421,2.7,0.727,52.8,2.04,0.615,0.385,0.812,16.08,0.176,5.14,1.38,21.03,0.687,31.8,Switch,13
Damir Ismagulov,Lightweight,1603.5,1603.5,59.0,striker,0.397,0.706,3.64,0.612,1.2,0.703,54.4,0.15,0.0,0.0,0.575,5.88,0.181,7.91,0.33,25.19,0.207,35.4,Orthodox,7
Nazim Sadykhov,Lightweight,1600.9,1600.9,62.1,balanced,0.488,0.76,4.57,0.47,1.42,0.688,41.0,0.32,0.667,0.167,0.645,5.69,0.137,-14.08,0.68,41.04,0.543,32.1,Southpaw,6
Mike Davis,Lightweight,1600.0,1600.0,63.6,wrestler,0.86,0.736,4.46,0.561,2.36,0.591,70.1,0.71,0.429,0.143,0.636,10.0,0.234,-5.81,1.2,39.26,0.116,33.7,Orthodox,7
Francis Marshall,Lightweight,1595.6,1595.6,59.4,wrestler,0.801,0.453,2.99,0.536,1.86,0.889,74.4,0.54,0.286,0.143,0.75,3.35,0.248,-4.5,0.84,29.23,0.116,27.3,Orthodox,7
Nasrat Haqparast,Lightweight,1595.6,1595.6,59.8,striker,0.19,0.955,5.89,0.634,0.59,0.86,19.3,0.09,0.133,0.133,0.721,4.61,0.064,0.89,0.58,51.82,0.192,30.8,Southpaw,15
Mason Jones,Lightweight,1590.0,1590.0,62.6,wrestler,0.856,0.681,5.3,0.509,2.78,0.739,70.0,0.25,0.143,0.0,0.668,9.39,0.233,4.34,0.44,39.77,0.317,31.2,Orthodox,7
Sodiq Yusuff,Lightweight,1588.1,1588.1,58.9,striker,0.363,0.88,4.73,0.541,0.74,0.55,48.6,0.41,0.3,0.1,0.588,5.98,0.162,4.84,0.72,31.45,0.448,33.1,Orthodox,10
Edson Barboza,Lightweight,1586.3,1586.3,56.8,striker,0.307,0.911,4.14,0.557,0.55,0.731,21.1,0.11,0.281,0.219,0.459,2.54,0.07,0.04,0.64,44.71,0.318,40.4,Orthodox,32
Jai Herbert,Lightweight,1578.1,1578.1,53.7,striker,0.311,0.785,3.45,0.53,0.74,0.667,46.1,0.12,0.2,0.3,0.561,3.92,0.154,0.29,0.72,27.52,0.359,38.1,Orthodox,10
MarQuel Mederos,Lightweight,1577.3,1577.3,55.9,striker,0.265,0.868,4.78,0.523,0.9,0.778,42.0,0.2,0.0,0.0,0.61,4.71,0.14,2.13,0.46,39.38,0.16,29.6,Orthodox,4
Al Iaquinta,Lightweight,1570.8,1570.8,54.5,striker,0.233,0.841,4.08,0.612,0.82,0.741,23.6,0.27,0.267,0.2,0.664,2.83,0.078,-1.46,0.7,43.35,0.293,39.1,Orthodox,15
Joaquim Silva,Lightweight,1570.1,1570.1,53.7,striker,0.383,0.784,3.6,0.539,0.64,0.706,24.1,0.7,0.25,0.25,0.596,4.03,0.08,-3.81,0.99,36.59,0.305,37.4,Southpaw,12
Mateusz Rebecki,Lightweight,1568.7,1568.7,57.9,wrestler,0.808,0.708,4.66,0.546,2.41,0.533,66.9,0.33,0.25,0.25,0.667,8.83,0.223,1.06,0.89,43.68,0.106,33.6,Southpaw,8
Leonardo Santos,Lightweight,1568.7,1568.7,53.7,balanced,0.386,0.612,3.16,0.541,1.06,0.87,39.1,0.29,0.364,0.182,0.619,6.49,0.13,-4.89,0.6,26.7,0.17,46.4,Orthodox,11
Joe Solecki,Lightweight,1565.4,1565.4,55.1,grappler,0.947,0.471,2.59,0.505,1.85,0.143,102.4,1.01,0.222,0.111,0.773,8.05,0.341,0.68,1.05,23.72,0.193,32.8,Orthodox,9
Michael Johnson,Lightweight,1564.4,1564.4,53.3,striker,0.284,0.885,4.26,0.588,0.68,0.811,24.6,0.08,0.188,0.281,0.54,2.7,0.082,12.48,0.53,34.25,0.167,40.0,Southpaw,32
Jared Gordon,Lightweight,1561.9,1561.9,56.2,balanced,0.622,0.808,5.31,0.555,1.84,0.605,85.5,0.07,0.167,0.333,0.72,12.21,0.285,7.08,0.24,38.23,0.238,37.8,Orthodox,18
Mark Madsen,Lightweight,1549.0,1549.0,52.7,wrestler,0.792,0.571,3.78,0.525,2.33,0.625,62.5,0.16,0.167,0.333,0.699,7.0,0.208,-7.42,0.26,30.75,0.385,41.7,Orthodox,6
Trey Ogden,Lightweight,1548.0,1548.0,51.9,balanced,0.601,0.586,3.53,0.556,1.76,1.0,69.8,0.61,0.0,0.0,0.547,3.06,0.233,-0.18,0.7,25.73,0.116,36.6,Orthodox,7
Rongzhu,Lightweight,1546.7,1546.7,53.1,balanced,0.551,0.762,5.01,0.542,1.74,0.833,47.8,0.16,0.167,0.333,0.709,7.13,0.16,-4.65,0.48,43.45,0.128,26.3,Orthodox,6
Kyle Nelson,Lightweight,1543.7,1543.7,49.6,balanced,0.458,0.624,3.73,0.538,1.27,0.667,51.9,0.49,0.167,0.417,0.577,2.56,0.173,-3.06,0.58,33.69,0.163,35.2,Switch,12
Damon Jackson,Lightweight,1543.3,1543.3,51.9,grappler,0.913,0.486,3.22,0.491,2.13,0.379,96.6,1.03,0.214,0.286,0.613,5.23,0.322,-1.18,0.97,28.2,0.297,37.9,Switch,14
Evan Elder,Lightweight,1541.4,1541.4,51.7,striker,0.296,0.881,4.97,0.574,0.95,0.4,36.2,0.45,0.2,0.2,0.534,4.18,0.121,8.82,0.77,38.55,0.261,29.2,Switch,5
Elves Brener,Lightweight,1540.5,1540.5,51.0,striker,0.279,0.856,4.5,0.508,1.21,0.76,34.1,0.16,0.333,0.167,0.595,4.28,0.114,-1.67,0.49,50.36,0.353,28.7,Orthodox,6
Scott Holtzman,Lightweight,1540.4,1540.4,52.9,balanced,0.681,0.706,4.27,0.55,1.8,0.674,78.5,0.23,0.231,0.154,0.706,11.03,0.262,0.47,0.55,33.22,0.206,42.7,Orthodox,13
Gauge Young,Lightweight,1537.9,1537.9,52.2,striker,0.422,0.907,5.35,0.51,1.31,0.92,43.3,0.23,0.0,0.0,0.575,4.38,0.144,11.44,0.52,37.44,0.182,25.9,Orthodox,3
Chase Hooper,Lightweight,1537.4,1537.4,54.0,grappler,0.956,0.63,4.32,0.407,2.46,0.5,82.9,1.6,0.462,0.231,0.689,13.31,0.276,4.8,1.57,30.68,0.604,26.8,Southpaw,13
Vinc Pichel,Lightweight,1536.5,1536.5,51.6,wrestler,0.796,0.568,3.87,0.548,2.26,0.316,65.9,0.25,0.083,0.167,0.5,7.65,0.22,-0.28,0.38,31.48,0.08,43.6,Orthodox,12
Marc Diakiese,Lightweight,1533.6,1533.6,49.9,wrestler,0.854,0.483,2.87,0.528,2.93,0.667,81.9,0.09,0.133,0.2,0.494,3.19,0.273,-1.08,0.26,20.8,0.128,33.3,Orthodox,15
Nikolas Motta,Lightweight,1533.3,1533.3,47.4,striker,0.142,0.859,4.37,0.483,0.56,0.824,24.4,0.15,0.286,0.429,0.713,6.71,0.081,-6.11,0.97,38.63,0.557,33.4,Orthodox,7
Daniel Zellhuber,Lightweight,1529.1,1529.1,48.6,striker,0.158,0.784,4.74,0.546,0.56,0.818,23.4,0.35,0.143,0.143,0.63,4.46,0.078,-11.04,0.64,39.37,0.317,27.0,Switch,7
Brad Riddell,Lightweight,1528.4,1528.4,47.8,balanced,0.446,0.7,4.5,0.536,1.69,0.634,39.6,0.15,0.0,0.429,0.64,7.43,0.132,6.32,0.35,31.62,0.116,34.7,Orthodox,7
Alexander Munoz,Lightweight,1526.4,1526.4,49.8,wrestler,0.652,0.544,3.89,0.554,2.02,1.0,49.5,0.23,0.0,0.0,0.649,5.53,0.165,-12.99,0.52,47.86,0.182,36.3,Switch,3
Rafael Alves,Lightweight,1524.8,1524.8,47.9,grappler,0.599,0.52,2.97,0.582,0.94,0.375,37.1,0.9,0.25,0.25,0.624,3.71,0.124,-4.62,1.08,30.43,0.31,35.6,Orthodox,4
Jamie Mullarkey,Lightweight,1524.3,1524.3,48.9,wrestler,0.679,0.621,4.11,0.544,2.25,0.706,56.4,0.19,0.154,0.385,0.544,3.44,0.188,0.03,0.4,36.61,0.567,31.8,Orthodox,13
Matt Frevola,Lightweight,1523.0,1523.0,48.7,wrestler,0.68,0.622,3.57,0.567,2.07,0.379,41.0,0.55,0.25,0.333,0.653,7.48,0.137,-7.65,1.1,34.57,0.83,36.0,Orthodox,12
Yancy Medeiros,Lightweight,1522.0,1522.0,48.0,striker,0.392,0.844,4.42,0.472,0.61,0.632,27.8,0.66,0.333,0.333,0.644,4.27,0.093,-11.32,1.36,44.48,0.639,38.8,Orthodox,15
Charlie Campbell,Lightweight,1517.1,1517.1,49.8,wrestler,0.704,0.692,4.46,0.556,2.01,0.5,60.0,0.23,0.333,0.333,0.566,4.16,0.2,5.01,0.64,33.49,0.182,31.0,Orthodox,3
John Makdessi,Lightweight,1516.8,1516.8,48.0,striker,0.069,0.947,5.29,0.68,0.26,0.863,12.2,0.07,0.15,0.15,0.526,2.31,0.041,15.01,0.4,33.83,0.249,41.1,Orthodox,20
Joe Duffy,Lightweight,1513.6,1513.6,47.5,grappler,0.675,0.493,3.16,0.546,1.15,0.64,32.9,0.61,0.375,0.25,0.646,3.57,0.109,-4.08,0.89,29.85,0.373,38.3,Orthodox,8
Gabriel Benitez,Lightweight,1509.2,1509.2,48.0,striker,0.361,0.89,5.02,0.639,0.5,0.558,19.0,0.77,0.333,0.333,0.582,5.24,0.063,9.28,1.03,38.55,0.363,38.0,Southpaw,15
Devonte Smith,Lightweight,1508.1,1508.1,45.8,striker,0.305,0.878,4.07,0.488,0.84,0.833,32.7,0.38,0.5,0.333,0.597,5.25,0.109,1.35,0.8,25.25,0.488,32.9,Orthodox,6
Yanal Ashmouz,Lightweight,1505.7,1505.7,47.5,wrestler,0.718,0.56,3.5,0.502,2.39,0.643,56.9,0.2,0.25,0.0,0.637,6.41,0.19,-16.02,0.33,38.08,0.16,31.2,Orthodox,4
Ismael Bonfim,Lightweight,1500.4,1500.4,44.0,striker,0.325,0.897,4.86,0.565,1.29,0.727,28.9,0.18,0.2,0.6,0.637,3.19,0.096,12.3,0.48,30.45,0.142,30.5,Orthodox,5
Roosevelt Roberts,Lightweight,1499.8,1499.8,43.0,balanced,0.449,0.506,3.09,0.536,1.01,0.476,55.1,0.57,0.2,0.3,0.698,5.16,0.184,-1.29,0.6,23.71,0.295,32.4,Orthodox,10
Guram Kutateladze,Lightweight,1499.7,1499.7,42.7,striker,0.281,0.737,3.79,0.548,1.03,0.75,38.6,0.18,0.0,0.2,0.534,4.08,0.129,-6.88,0.41,38.78,0.586,34.4,Orthodox,5
Jeremy Stephens,Lightweight,1497.8,1497.8,44.0,balanced,0.483,0.695,3.23,0.579,1.15,0.619,48.0,0.4,0.222,0.194,0.591,6.98,0.16,-2.81,0.94,27.84,0.182,40.1,Orthodox,36
Loik Radzhabov,Lightweight,1497.7,1497.7,45.5,wrestler,0.81,0.554,3.5,0.463,3.1,0.429,54.7,0.2,0.25,0.25,0.743,8.28,0.182,-10.07,0.47,31.7,0.569,35.8,Orthodox,4
Christos Giagos,Lightweight,1495.9,1495.9,44.1,wrestler,0.796,0.501,3.28,0.508,2.55,0.522,71.5,0.39,0.214,0.429,0.651,5.72,0.238,0.9,0.49,27.17,0.244,36.4,Orthodox,14
Chris Gruetzemacher,Lightweight,1493.6,1493.6,43.9,striker,0.354,0.91,5.43,0.529,0.69,0.659,30.2,0.15,0.143,0.571,0.557,5.41,0.101,3.73,0.24,42.85,0.228,40.0,Orthodox,7
Clay Guida,Lightweight,1491.8,1491.8,44.6,wrestler,0.878,0.453,2.87,0.609,2.64,0.694,96.0,0.55,0.189,0.27,0.601,7.71,0.32,-7.74,0.7,33.4,0.206,44.5,Orthodox,37
Matt Wiman,Lightweight,1490.2,1490.2,45.5,grappler,0.931,0.554,3.34,0.511,2.03,0.561,83.4,1.33,0.278,0.222,0.681,11.57,0.278,-1.02,1.29,34.36,0.242,42.8,Orthodox,18
Natan Levy,Lightweight,1487.3,1487.3,44.8,wrestler,0.822,0.6,4.13,0.59,3.53,0.375,51.8,0.2,0.0,0.25,0.578,4.46,0.173,4.52,0.33,32.93,0.296,34.7,Southpaw,4
Luigi Vendramini,Lightweight,1485.1,1485.1,41.0,balanced,0.434,0.598,3.47,0.578,1.33,1.0,52.4,0.48,0.25,0.5,0.61,4.68,0.175,-6.97,0.76,30.67,0.588,30.4,Orthodox,4
Alex Da Silva,Lightweight,1483.7,1483.7,42.7,wrestler,0.844,0.515,3.13,0.566,1.76,0.769,101.0,0.34,0.0,0.25,0.63,5.42,0.337,-2.71,0.6,31.56,0.16,30.4,Orthodox,4
Austin Hubbard,Lightweight,1482.3,1482.3,42.3,balanced,0.463,0.599,4.01,0.552,1.61,0.682,51.1,0.17,0.083,0.167,0.55,3.87,0.17,-0.9,0.24,35.13,0.08,34.5,Orthodox,12
Alan Patrick,Lightweight,1481.7,1481.7,40.7,wrestler,0.837,0.434,2.48,0.435,2.59,0.438,86.8,0.3,0.1,0.3,0.614,5.55,0.289,-3.41,0.45,28.28,0.348,42.9,Southpaw,10
Mike Breeden,Lightweight,1473.5,1473.5,41.4,striker,0.416,0.919,5.36,0.412,1.5,0.64,32.9,0.2,0.25,0.5,0.666,3.52,0.11,-4.43,0.52,49.07,0.347,37.2,Orthodox,4
Damir Hadzovic,Lightweight,1471.9,1471.9,39.9,striker,0.395,0.768,3.56,0.595,1.09,0.348,28.9,0.22,0.2,0.3,0.72,5.05,0.096,0.59,0.47,35.18,0.184,39.9,Orthodox,10
Darrius Flowers,Lightweight,1470.2,1470.2,38.6,balanced,0.478,0.621,3.66,0.424,1.62,0.647,34.1,0.42,0.25,0.5,0.549,4.13,0.114,-9.78,0.5,32.71,0.16,31.8,Orthodox,4
Kazula Vargas,Lightweight,1466.0,1466.0,38.8,striker,0.392,0.769,3.88,0.579,0.97,0.3,52.8,0.4,0.0,0.25,0.593,5.59,0.176,12.07,0.52,28.26,0.16,40.8,Southpaw,4
Ottman Azaitar,Lightweight,1459.1,1459.1,37.0,striker,0.151,0.837,4.29,0.525,0.69,1.0,24.1,0.18,0.4,0.6,0.641,4.85,0.08,3.78,0.57,31.28,0.975,36.3,Switch,5
Trevor Peek,Lightweight,1458.5,1458.5,40.2,balanced,0.526,0.703,4.1,0.463,1.46,0.532,49.7,0.18,0.2,0.0,0.606,4.43,0.166,7.46,0.55,32.12,0.142,31.4,Switch,5
Khama Worthy,Lightweight,1452.0,1452.0,35.7,striker,0.197,0.819,4.15,0.465,0.69,0.571,26.4,0.56,0.4,0.6,0.5,4.06,0.088,2.99,0.77,31.16,0.618,39.7,Orthodox,5
Kurt Holobaugh,Lightweight,1449.5,1449.5,37.2,striker,0.424,0.784,4.49,0.485,1.01,0.361,46.4,0.66,0.111,0.333,0.623,4.09,0.154,6.06,0.77,41.76,0.193,39.8,Orthodox,9
Kamuela Kirk,Lightweight,1446.1,1446.1,36.2,grappler,0.675,0.531,3.5,0.492,1.37,0.357,54.4,0.88,0.0,0.333,0.593,3.55,0.181,-6.24,1.02,40.76,0.182,32.2,Switch,3
Matt Sayles,Lightweight,1439.2,1439.2,35.5,striker,0.369,0.728,4.16,0.61,0.96,0.81,42.5,0.58,0.25,0.5,0.578,7.29,0.142,5.22,0.66,27.05,0.16,32.3,Orthodox,4
Kyle Prepolec,Lightweight,1435.2,1435.2,31.2,striker,0.173,0.663,3.69,0.489,0.77,0.455,27.9,0.2,0.0,0.5,0.619,2.96,0.093,-10.62,0.33,35.65,0.16,36.8,Southpaw,4
Jesse Ronson,Lightweight,1429.2,1429.2,32.5,striker,0.302,0.748,3.77,0.572,0.89,0.571,26.6,0.44,0.0,0.333,0.56,4.3,0.089,4.28,0.65,31.78,0.256,40.5,Southpaw,6
Frank Camacho,Lightweight,1427.0,1427.0,34.7,striker,0.327,0.875,5.75,0.518,1.26,0.731,33.0,0.14,0.125,0.5,0.727,2.22,0.11,-6.58,0.22,54.96,0.606,37.1,Orthodox,8
Viacheslav Borshchev,Lightweight,1424.2,1424.2,33.9,striker,0.139,0.903,4.74,0.574,0.44,0.443,23.9,0.21,0.2,0.2,0.544,3.48,0.08,15.65,0.64,39.13,0.27,34.4,Orthodox,10
Lando Vannata,Lightweight,1422.7,1422.7,34.3,balanced,0.393,0.707,4.43,0.548,1.31,0.667,27.3,0.31,0.143,0.214,0.535,3.92,0.091,1.05,0.7,38.81,0.208,34.3,Orthodox,14
Jessin Ayari,Lightweight,1419.4,1419.4,31.0,striker,0.192,0.69,3.82,0.586,0.77,0.5,28.6,0.37,0.0,0.25,0.679,3.56,0.095,-1.02,0.48,31.18,0.61,34.1,Orthodox,4
Maheshate,Lightweight,1419.2,1419.2,31.8,striker,0.133,0.739,4.11,0.512,0.62,0.471,21.0,0.16,0.167,0.167,0.646,2.49,0.07,-15.21,0.5,47.75,0.728,26.6,Orthodox,6
Anshul Jubli,Lightweight,1418.0,1418.0,33.6,balanced,0.492,0.763,5.09,0.464,1.47,1.0,59.9,0.52,0.333,0.667,0.66,10.24,0.2,-0.35,0.59,36.79,0.611,31.4,Switch,3
Bolaji Oki,Lightweight,1417.2,1417.2,33.2,striker,0.452,0.86,5.26,0.611,1.28,0.75,41.3,0.18,0.0,0.6,0.658,4.16,0.138,9.9,0.43,45.87,0.558,30.6,Orthodox,5
Rolando Bedoya,Lightweight,1411.5,1411.5,32.9,striker,0.195,0.847,5.18,0.528,0.77,0.75,30.3,0.33,0.0,0.0,0.581,2.96,0.101,3.38,0.46,42.51,0.41,29.4,Orthodox,4
Erick Gonzalez,Lightweight,1408.0,1408.0,28.0,wrestler,0.815,0.473,3.38,0.409,3.45,0.5,50.1,0.23,0.0,1.0,0.659,3.71,0.167,-13.31,0.38,44.94,1.147,34.4,Orthodox,3
Charlie Ontiveros,Lightweight,1401.5,1401.5,23.1,balanced,0.24,0.622,3.37,0.322,0.88,0.333,29.9,0.23,0.0,1.0,0.718,3.71,0.1,1.47,1.02,41.08,0.182,35.0,Switch,3
Alex Reyes,Lightweight,1401.1,1401.1,28.3,balanced,0.469,0.641,4.26,0.481,1.53,0.0,52.6,0.23,0.0,0.667,0.547,3.64,0.175,-7.85,0.38,39.66,0.697,39.7,Orthodox,3
Niklas Stolze,Lightweight,1376.3,1376.3,23.4,balanced,0.487,0.567,3.26,0.49,1.17,0.556,30.5,0.52,0.0,0.667,0.538,4.03,0.102,0.72,0.59,27.79,0.397,33.5,Switch,3
Genaro Valdez,Lightweight,1362.6,1362.6,22.2,striker,0.189,0.692,3.94,0.483,0.88,0.364,29.7,0.23,0.0,0.333,0.659,3.94,0.099,-11.71,0.56,45.4,1.101,34.4,Orthodox,3
Khamzat Chimaev,Middleweight,1892.0,1892.0,91.9,grappler,1.0,0.607,3.41,0.52,3.61,0.875,117.9,0.95,0.6,0.0,0.725,16.81,0.393,-3.71,1.24,31.68,0.084,32.0,Orthodox,10
Kamaru Usman,Middleweight,1841.5,1841.5,90.3,wrestler,0.862,0.687,3.86,0.552,2.41,0.898,111.0,0.14,0.263,0.053,0.636,13.75,0.37,2.55,0.55,22.77,0.086,38.1,Switch,19
Dricus Du Plessis,Middleweight,1835.6,1835.6,91.7,wrestler,0.694,0.709,4.39,0.53,1.82,0.348,37.5,0.58,0.6,0.0,0.606,6.67,0.125,3.71,0.95,41.2,0.084,31.6,Switch,10
Sean Strickland,Middleweight,1825.0,1825.0,90.3,balanced,0.416,0.816,5.45,0.606,0.72,0.688,27.6,0.18,0.24,0.08,0.785,4.31,0.092,15.57,0.44,27.95,0.133,35.2,Orthodox,25
Alex Pereira,Middleweight,1810.3,1810.3,88.3,striker,0.286,0.97,4.16,0.539,0.36,0.791,15.4,0.24,0.615,0.154,0.513,5.79,0.054,10.85,0.84,25.46,0.146,38.9,Orthodox,13
Nassourdine Imavov,Middleweight,1806.6,1806.6,89.6,grappler,0.639,0.666,3.85,0.587,0.82,0.814,45.3,0.79,0.333,0.0,0.671,6.81,0.151,2.91,0.99,27.42,0.073,29.5,Orthodox,12
Joe Pyfer,Middleweight,1803.1,1803.1,89.5,grappler,0.569,0.616,3.09,0.527,1.11,0.667,34.7,0.6,0.75,0.0,0.677,5.77,0.116,-0.36,1.31,24.92,0.098,29.5,Orthodox,8
Brendan Allen,Middleweight,1783.2,1783.2,87.3,grappler,0.861,0.585,3.31,0.48,1.37,0.548,80.9,0.89,0.474,0.105,0.652,8.08,0.269,-3.2,1.12,38.25,0.162,30.4,Orthodox,19
Michael Page,Middleweight,1778.4,1778.4,80.9,balanced,0.222,0.545,2.67,0.617,0.54,0.684,32.0,0.17,0.0,0.0,0.636,3.01,0.107,7.9,0.33,18.78,0.131,39.0,Switch,5
Caio Borralho,Middleweight,1763.8,1763.8,83.8,grappler,0.755,0.584,3.22,0.598,1.09,0.737,68.5,0.4,0.222,0.0,0.646,6.43,0.228,3.68,0.73,23.93,0.09,33.1,Southpaw,9
Robert Whittaker,Middleweight,1761.2,1761.2,81.6,balanced,0.341,0.755,3.99,0.596,0.76,0.82,26.5,0.05,0.25,0.167,0.698,4.57,0.089,11.79,0.55,27.35,0.336,34.6,Orthodox,24
Gregory Rodrigues,Middleweight,1758.3,1758.3,84.4,grappler,0.653,0.785,4.29,0.509,1.52,0.75,47.2,0.34,0.538,0.154,0.714,4.45,0.157,5.65,1.08,33.59,0.315,34.1,Orthodox,13
Paulo Costa,Middleweight,1753.7,1753.7,82.3,striker,0.285,1.0,4.95,0.494,0.5,0.778,23.4,0.1,0.417,0.083,0.499,5.41,0.078,-0.4,0.58,46.66,0.206,35.0,Orthodox,12
Ikram Aliskerov,Middleweight,1750.3,1750.3,83.4,wrestler,0.725,0.762,4.43,0.412,1.73,1.0,53.6,0.17,0.6,0.2,0.639,9.1,0.179,6.17,1.05,33.3,0.369,32.9,Southpaw,5
Jan Blachowicz,Middleweight,1735.4,1735.4,77.8,balanced,0.468,0.688,3.3,0.522,0.95,0.695,39.1,0.34,0.318,0.091,0.619,5.68,0.13,8.18,0.68,26.57,0.126,42.8,Orthodox,22
Anthony Hernandez,Middleweight,1725.2,1725.2,80.6,grappler,1.0,0.597,3.65,0.509,3.99,0.682,110.1,1.12,0.583,0.25,0.762,17.94,0.367,-2.13,1.21,28.95,0.21,32.3,Orthodox,12
Bo Nickal,Middleweight,1724.1,1724.1,79.6,grappler,0.813,0.608,2.85,0.597,1.56,1.0,61.8,0.93,0.714,0.143,0.623,4.21,0.204,7.76,1.35,18.4,0.267,30.4,Southpaw,7
Christian Leroy Duncan,Middleweight,1723.3,1723.3,77.9,balanced,0.369,0.765,3.8,0.528,0.58,0.633,54.9,0.12,0.556,0.0,0.533,5.07,0.183,12.36,0.54,22.52,0.09,30.7,Switch,9
Yoel Romero,Middleweight,1706.8,1706.8,75.1,balanced,0.407,0.732,3.15,0.607,1.41,0.806,37.7,0.09,0.538,0.0,0.612,6.75,0.126,-2.43,0.71,22.55,0.122,42.9,Southpaw,13
Ateba Gautier,Middleweight,1705.6,1705.6,76.6,striker,0.376,0.828,3.8,0.538,1.02,1.0,25.6,0.18,0.8,0.0,0.697,3.51,0.085,0.01,1.49,24.96,0.181,24.2,Switch,5
Dominick Reyes,Middleweight,1704.7,1704.7,73.1,striker,0.248,0.952,4.02,0.496,0.43,0.829,24.3,0.25,0.467,0.267,0.579,8.71,0.081,6.05,0.92,24.46,0.4,36.3,Southpaw,15
Joaquin Buckley,Middleweight,1703.2,1703.2,73.7,balanced,0.427,0.673,3.23,0.589,1.26,0.702,33.0,0.13,0.471,0.176,0.624,8.54,0.11,5.81,0.68,28.84,0.272,32.0,Southpaw,17
Glover Teixeira,Middleweight,1692.1,1692.1,74.3,grappler,0.796,0.616,3.15,0.51,1.69,0.603,73.1,0.73,0.565,0.13,0.819,16.52,0.244,-14.85,0.99,42.38,0.253,43.2,Orthodox,23
Roman Dolidze,Middleweight,1689.4,1689.4,73.0,grappler,0.776,0.581,3.11,0.485,1.13,0.32,68.9,0.64,0.357,0.071,0.634,5.94,0.23,-5.18,0.96,30.35,0.127,37.7,Orthodox,14
Israel Adesanya,Middleweight,1686.9,1686.9,69.2,striker,0.127,0.881,3.77,0.558,0.25,0.764,16.0,0.18,0.263,0.211,0.517,2.39,0.053,11.04,0.71,27.59,0.124,36.7,Switch,19
Reinier de Ridder,Middleweight,1678.2,1678.2,70.7,wrestler,0.753,0.515,2.68,0.468,1.89,0.4,75.6,0.45,0.5,0.167,0.613,4.21,0.252,2.51,0.8,27.6,0.217,35.5,Southpaw,6
Kevin Holland,Middleweight,1671.1,1671.1,69.0,balanced,0.435,0.711,3.64,0.5,0.79,0.578,36.6,0.54,0.379,0.172,0.558,6.49,0.122,8.45,0.84,25.38,0.111,33.4,Orthodox,29
Jared Cannonier,Middleweight,1668.1,1668.1,68.6,striker,0.315,0.884,3.92,0.564,0.61,0.647,32.9,0.06,0.35,0.15,0.63,4.73,0.11,-3.64,0.41,39.31,0.377,41.4,Switch,20
Stephen Thompson,Middleweight,1662.1,1662.1,66.8,striker,0.244,0.876,3.83,0.549,0.38,0.633,22.4,0.06,0.273,0.136,0.659,2.73,0.075,19.08,0.5,24.46,0.276,42.4,Orthodox,22
Abus Magomedov,Middleweight,1658.1,1658.1,67.5,wrestler,0.786,0.521,2.92,0.559,1.9,1.0,61.8,0.36,0.286,0.286,0.594,4.88,0.206,-3.67,0.61,30.7,0.444,35.1,Orthodox,7
Santiago Ponzinibbio,Middleweight,1654.7,1654.7,66.7,striker,0.22,0.91,4.16,0.616,0.65,0.711,19.8,0.06,0.35,0.2,0.695,2.7,0.066,2.42,0.67,35.72,0.399,38.6,Orthodox,20
Derek Brunson,Middleweight,1647.8,1647.8,66.9,wrestler,0.841,0.631,3.06,0.509,2.31,0.842,89.3,0.47,0.429,0.286,0.695,9.58,0.298,-0.89,0.88,24.94,0.399,39.2,Southpaw,21
Brunno Ferreira,Middleweight,1646.3,1646.3,64.4,balanced,0.366,0.674,3.1,0.519,1.12,0.588,28.2,0.56,0.556,0.333,0.685,3.19,0.094,-2.5,1.12,32.09,0.239,33.3,Orthodox,9
Michal Oleksiejczuk,Middleweight,1645.6,1645.6,66.6,balanced,0.368,0.849,4.36,0.6,0.88,0.529,27.7,0.07,0.444,0.278,0.664,9.6,0.092,9.84,0.87,33.21,0.053,31.0,Southpaw,18
Chris Curtis,Middleweight,1643.5,1643.5,64.8,striker,0.091,0.887,4.69,0.538,0.31,0.646,16.5,0.1,0.25,0.083,0.671,2.39,0.055,-4.18,0.39,46.61,0.142,38.7,Orthodox,12
Edmen Shahbazyan,Middleweight,1643.4,1643.4,65.3,grappler,0.649,0.67,3.06,0.493,1.31,0.66,47.2,0.34,0.467,0.267,0.669,8.08,0.157,4.03,1.03,29.96,0.065,28.5,Orthodox,15
Li Jingliang,Middleweight,1639.0,1639.0,65.4,balanced,0.379,0.768,3.98,0.566,1.12,0.605,27.3,0.07,0.444,0.167,0.577,5.28,0.091,8.51,0.73,38.14,0.532,36.4,Orthodox,18
Gilbert Burns,Middleweight,1638.3,1638.3,64.9,grappler,0.735,0.549,3.0,0.525,1.81,0.537,61.9,0.41,0.32,0.2,0.594,6.24,0.206,-8.48,0.61,34.29,0.511,39.7,Orthodox,25
Uriah Hall,Middleweight,1637.2,1637.2,62.9,balanced,0.328,0.693,2.91,0.544,0.6,0.644,21.8,0.18,0.421,0.158,0.579,6.0,0.073,-3.4,0.68,29.46,0.216,37.9,Orthodox,19
JunYong Park,Middleweight,1632.4,1632.4,66.4,grappler,0.838,0.606,4.22,0.514,1.54,0.545,77.9,0.72,0.231,0.154,0.768,6.28,0.26,5.39,0.87,34.27,0.069,34.7,Orthodox,13
Roman Kopylov,Middleweight,1628.4,1628.4,63.8,balanced,0.424,0.786,3.96,0.533,1.08,0.889,31.0,0.1,0.417,0.167,0.655,3.47,0.103,-3.61,0.82,38.83,0.144,35.0,Southpaw,12
Omari Akhmedov,Middleweight,1623.3,1623.3,62.8,wrestler,0.765,0.471,3.09,0.558,2.38,0.659,60.3,0.28,0.2,0.2,0.697,6.22,0.201,-0.89,0.43,28.47,0.273,38.7,Orthodox,15
Jacob Malkoun,Middleweight,1620.0,1620.0,64.5,wrestler,0.965,0.603,3.69,0.554,3.77,0.556,104.7,0.59,0.111,0.111,0.833,12.8,0.349,9.57,0.8,26.44,0.185,30.7,Orthodox,9
Punahele Soriano,Middleweight,1618.7,1618.7,63.8,grappler,0.784,0.734,3.88,0.475,1.52,0.488,72.8,0.19,0.364,0.182,0.751,22.5,0.243,-8.16,0.84,25.68,0.17,33.2,Southpaw,11
Jack Hermansson,Middleweight,1617.1,1617.1,63.1,grappler,0.616,0.622,4.34,0.57,1.29,0.808,46.3,0.34,0.316,0.316,0.577,9.61,0.154,8.64,0.4,34.7,0.32,37.5,Orthodox,19
Michel Pereira,Middleweight,1614.0,1614.0,61.4,balanced,0.463,0.672,3.76,0.514,1.09,0.759,25.2,0.53,0.333,0.133,0.499,2.87,0.084,6.43,0.8,35.65,0.126,32.4,Orthodox,15
Jacare Souza,Middleweight,1613.2,1613.2,62.2,grappler,0.748,0.572,2.7,0.595,1.34,0.625,73.7,0.63,0.5,0.188,0.66,8.33,0.246,-9.39,0.9,32.53,0.264,41.4,Orthodox,16
Marvin Vettori,Middleweight,1610.0,1610.0,63.3,grappler,0.707,0.592,4.47,0.561,1.37,0.685,54.1,0.39,0.111,0.0,0.756,5.13,0.18,0.11,0.49,40.51,0.053,32.2,Southpaw,18
Darren Till,Middleweight,1607.4,1607.4,56.4,balanced,0.368,0.564,2.44,0.563,0.69,0.698,26.1,0.1,0.167,0.333,0.676,4.85,0.087,0.64,0.51,28.9,0.266,30.0,Southpaw,12
Ion Cutelaba,Middleweight,1603.9,1603.9,59.9,wrestler,0.778,0.585,3.52,0.475,2.85,0.756,55.6,0.19,0.286,0.381,0.687,10.02,0.185,-0.62,0.39,30.89,0.246,32.5,Southpaw,21
Kelvin Gastelum,Middleweight,1603.0,1603.0,58.6,balanced,0.405,0.643,3.46,0.573,1.02,0.604,40.2,0.12,0.192,0.154,0.648,3.58,0.134,1.21,0.53,31.49,0.36,34.5,Southpaw,26
Krzysztof Jotko,Middleweight,1596.7,1596.7,56.6,balanced,0.52,0.53,2.94,0.573,1.26,0.821,62.0,0.13,0.059,0.235,0.652,7.24,0.207,0.63,0.3,18.37,0.164,33.1,Southpaw,17
Eryk Anders,Middleweight,1595.3,1595.3,59.1,grappler,0.734,0.638,3.28,0.505,1.65,0.804,81.2,0.11,0.25,0.15,0.687,9.05,0.271,-13.38,0.52,31.32,0.499,38.9,Southpaw,20
Tom Breese,Middleweight,1594.1,1594.1,57.3,balanced,0.318,0.696,3.04,0.605,0.41,0.706,43.8,0.74,0.5,0.25,0.66,5.7,0.146,6.65,1.48,26.49,0.098,29.3,Southpaw,8
Kyle Daukaus,Middleweight,1593.8,1593.8,57.7,grappler,0.847,0.526,2.69,0.429,1.55,0.769,89.3,1.05,0.3,0.3,0.701,6.52,0.294,5.77,1.4,25.89,0.61,33.3,Southpaw,10
Cesar Almeida,Middleweight,1592.0,1592.0,56.6,striker,0.204,0.773,3.31,0.461,0.72,0.469,33.5,0.33,0.4,0.0,0.518,5.11,0.112,2.3,0.52,26.21,0.459,38.2,Orthodox,5
Elizeu Zaleski dos Santos,Middleweight,1590.8,1590.8,57.5,balanced,0.375,0.644,3.76,0.556,0.82,0.671,41.7,0.4,0.278,0.167,0.587,4.69,0.139,3.4,0.57,31.87,0.435,38.6,Orthodox,18
Luke Barnatt,Middleweight,1589.5,1589.5,58.7,balanced,0.39,0.613,3.87,0.591,0.85,0.636,24.7,0.39,0.333,0.0,0.672,3.97,0.082,4.13,0.78,35.8,0.237,27.1,Orthodox,6
Anderson Silva,Middleweight,1581.6,1581.6,56.0,balanced,0.367,0.724,2.74,0.595,0.29,0.763,18.1,0.3,0.56,0.16,0.553,6.66,0.06,4.7,1.09,21.64,0.287,45.5,Southpaw,25
Mansur Abdul-Malik,Middleweight,1572.6,1572.6,56.2,wrestler,0.661,0.521,3.12,0.436,1.86,0.9,41.8,0.41,0.6,0.2,0.74,9.31,0.139,-17.62,0.58,28.87,0.515,28.7,Orthodox,5
Antonio Carlos Junior,Middleweight,1568.9,1568.9,56.2,grappler,0.955,0.392,2.33,0.528,3.0,0.533,114.1,0.71,0.385,0.077,0.664,6.61,0.38,1.73,0.7,24.63,0.168,36.3,Orthodox,13
Cody Brundage,Middleweight,1567.7,1567.7,53.0,grappler,0.667,0.541,2.23,0.518,1.36,0.667,45.2,0.4,0.312,0.25,0.745,6.72,0.151,3.01,0.79,28.44,0.059,32.0,Orthodox,16
Makhmud Muradov,Middleweight,1565.6,1565.6,56.1,wrestler,0.708,0.599,3.56,0.61,2.14,0.778,41.5,0.25,0.286,0.143,0.651,3.46,0.138,12.68,0.7,25.49,0.107,34.0,Orthodox,7
Andre Muniz,Middleweight,1561.5,1561.5,53.4,grappler,1.0,0.407,2.23,0.512,3.17,0.333,83.9,0.9,0.3,0.4,0.586,3.52,0.28,1.87,1.0,26.11,0.309,35.6,Southpaw,10
Anthony Smith,Middleweight,1561.3,1561.3,50.9,balanced,0.284,0.655,2.87,0.444,0.51,0.5,20.9,0.4,0.44,0.28,0.629,2.42,0.07,-4.0,0.75,39.19,0.256,36.8,Orthodox,25
Chidi Njokuani,Middleweight,1553.9,1553.9,51.9,striker,0.206,0.908,4.36,0.572,0.35,0.75,42.2,0.22,0.3,0.3,0.449,5.68,0.141,6.61,0.64,30.71,0.191,37.1,Orthodox,10
Court McGee,Middleweight,1551.5,1551.5,54.4,grappler,0.702,0.539,4.19,0.61,1.64,0.708,65.6,0.42,0.125,0.125,0.536,5.88,0.219,7.37,0.6,36.14,0.328,40.5,Orthodox,24
Tresean Gore,Middleweight,1549.5,1549.5,52.8,grappler,0.769,0.523,3.46,0.407,1.8,0.839,43.7,0.76,0.429,0.286,0.593,3.42,0.146,-28.98,0.71,41.21,0.657,32.0,Switch,7
Abdul Razak Alhassan,Middleweight,1541.2,1541.2,49.3,balanced,0.372,0.704,2.78,0.549,0.76,0.509,35.9,0.18,0.429,0.214,0.752,5.91,0.12,-4.73,1.14,26.92,0.26,39.4,Orthodox,14
Marco Tulio,Middleweight,1540.9,1540.9,53.0,balanced,0.42,0.82,4.73,0.563,0.99,0.0,38.4,0.19,0.5,0.25,0.595,6.01,0.128,24.89,0.93,28.44,0.897,31.9,Orthodox,4
Nick Diaz,Middleweight,1540.0,1540.0,52.5,balanced,0.491,0.677,4.11,0.541,1.15,0.628,43.0,0.84,0.4,0.067,0.68,4.28,0.143,3.34,0.96,33.97,0.086,42.9,Southpaw,15
Rodolfo Vieira,Middleweight,1539.0,1539.0,51.8,wrestler,0.758,0.531,3.11,0.492,2.19,0.6,72.6,0.69,0.455,0.182,0.639,3.63,0.242,-7.09,0.88,37.54,0.248,36.6,Orthodox,11
Ian Heinisch,Middleweight,1538.1,1538.1,49.9,grappler,0.561,0.56,3.16,0.591,1.08,0.608,41.4,0.56,0.143,0.143,0.597,7.7,0.138,-1.64,0.91,29.52,0.107,33.0,Orthodox,7
Dustin Stoltzfus,Middleweight,1534.4,1534.4,49.7,grappler,0.815,0.534,3.36,0.477,1.91,0.5,69.7,0.84,0.2,0.4,0.547,4.38,0.232,-2.31,0.99,32.34,0.396,34.6,Orthodox,10
Cam Rowston,Middleweight,1702.4,1534.3,79.1,wrestler,0.813,0.67,4.4,0.539,1.64,1.0,87.4,0.24,0.667,0.0,0.7,17.75,0.291,1.57,0.53,25.55,0.233,31.4,Orthodox,3
Baisangur Susurkaev,Middleweight,1664.3,1534.3,75.4,grappler,0.723,0.685,4.59,0.591,1.9,1.0,60.7,0.63,1.0,0.0,0.574,6.23,0.202,3.17,0.79,38.09,0.233,25.4,Orthodox,3
Eric McConico,Middleweight,1557.4,1534.3,49.4,balanced,0.512,0.546,3.24,0.457,1.12,0.69,45.6,0.21,0.0,0.5,0.636,2.78,0.152,-2.98,0.27,27.66,0.749,36.1,Southpaw,4
Robert Bryczek,Middleweight,1553.5,1534.3,53.1,balanced,0.498,0.548,3.23,0.552,1.07,0.714,38.0,0.39,0.333,0.0,0.618,5.46,0.127,-9.22,0.6,38.76,0.376,36.0,Orthodox,3
Ozzy Diaz,Middleweight,1542.5,1534.3,48.3,striker,0.22,0.822,4.76,0.629,0.92,0.667,36.9,0.24,0.0,0.667,0.724,3.18,0.123,-7.22,0.31,49.55,0.662,35.6,Orthodox,3
Zach Reese,Middleweight,1534.1,1534.1,51.6,grappler,0.825,0.636,4.14,0.44,2.44,0.55,46.9,0.83,0.25,0.25,0.545,6.39,0.156,7.35,0.85,27.93,0.136,30.0,nan,8
Shawn Jordan,Middleweight,1533.7,1533.7,50.6,grappler,0.696,0.622,2.72,0.496,1.36,0.889,67.3,0.11,0.6,0.2,0.757,9.61,0.224,-4.67,0.55,26.9,0.309,30.9,Southpaw,10
Marc-Andre Barriault,Middleweight,1533.2,1533.2,49.5,striker,0.27,0.886,4.76,0.492,0.48,0.681,32.0,0.14,0.235,0.235,0.706,5.44,0.107,-7.59,0.45,46.69,0.243,36.0,Orthodox,17
Andrey Pulyaev,Middleweight,1531.8,1531.8,48.2,balanced,0.244,0.588,2.97,0.573,0.7,0.556,34.0,0.22,0.333,0.0,0.609,3.76,0.113,1.07,0.59,28.0,0.489,28.4,Southpaw,3
Brad Tavares,Middleweight,1531.5,1531.5,46.9,balanced,0.341,0.583,3.24,0.549,0.73,0.803,37.9,0.05,0.071,0.214,0.599,2.25,0.126,3.84,0.26,30.09,0.309,38.2,Orthodox,28
David Branch,Middleweight,1525.3,1525.3,45.3,wrestler,0.771,0.395,1.97,0.567,1.83,0.438,86.3,0.12,0.111,0.556,0.525,4.03,0.288,-0.31,0.33,20.44,0.194,37.5,Orthodox,9
Robert Valentin,Middleweight,1525.2,1525.2,45.3,grappler,0.745,0.466,2.43,0.33,1.1,0.55,43.8,1.09,0.25,0.5,0.631,4.07,0.146,-4.07,0.92,30.15,0.418,31.2,Orthodox,4
Bruno Silva,Middleweight,1524.9,1524.9,47.2,balanced,0.398,0.732,3.33,0.474,1.23,0.736,44.2,0.16,0.391,0.261,0.659,5.9,0.147,-7.71,0.66,38.96,0.493,36.2,Orthodox,23
Nordine Taleb,Middleweight,1524.9,1524.9,49.3,grappler,0.76,0.582,3.35,0.668,1.64,0.739,60.8,0.1,0.167,0.333,0.524,6.92,0.203,7.51,0.35,24.08,0.323,38.2,Orthodox,12
Paul Craig,Middleweight,1521.0,1521.0,45.7,grappler,0.607,0.469,2.35,0.434,1.23,0.353,37.3,1.03,0.429,0.381,0.523,6.2,0.124,0.29,1.15,27.77,0.305,37.8,Orthodox,21
Rafael Natal,Middleweight,1511.1,1511.1,46.5,wrestler,0.764,0.541,3.05,0.576,2.22,0.771,68.6,0.46,0.118,0.235,0.589,9.15,0.229,3.67,0.8,23.29,0.387,34.6,Orthodox,17
Djorden Santos,Middleweight,1505.4,1505.4,44.7,striker,0.313,0.792,5.02,0.481,1.07,0.8,40.2,0.24,0.0,0.333,0.717,3.75,0.134,-6.51,0.31,52.76,0.233,28.9,Orthodox,3
Gerald Meerschaert,Middleweight,1503.6,1503.6,45.4,grappler,0.726,0.461,2.54,0.536,1.37,0.4,54.1,1.11,0.462,0.308,0.719,3.59,0.18,0.23,1.3,29.7,0.376,38.4,Southpaw,26
Armen Petrosyan,Middleweight,1499.3,1499.3,43.4,striker,0.28,0.846,4.93,0.531,0.56,0.417,29.1,0.14,0.0,0.429,0.44,4.1,0.097,20.81,0.27,28.34,0.219,34.3,Orthodox,7
Andre Petroski,Middleweight,1498.3,1498.3,45.8,grappler,1.0,0.502,2.94,0.515,2.77,0.864,91.1,1.04,0.231,0.308,0.637,7.45,0.304,-4.24,1.02,28.93,0.392,35.0,Switch,13
Alex Garcia,Middleweight,1496.2,1496.2,45.0,wrestler,0.845,0.413,2.16,0.592,2.83,0.667,69.8,0.2,0.3,0.1,0.776,3.6,0.233,-8.79,0.56,27.37,0.255,31.3,Orthodox,10
Clint Hester,Middleweight,1494.7,1494.7,42.4,balanced,0.442,0.603,3.18,0.569,1.04,0.6,48.5,0.14,0.286,0.429,0.692,6.24,0.162,4.91,0.63,34.42,0.465,29.4,Orthodox,7
Deron Winn,Middleweight,1492.5,1492.5,44.3,wrestler,0.862,0.554,4.11,0.46,3.09,0.4,70.6,0.18,0.0,0.4,0.684,3.78,0.235,-11.33,0.24,55.61,0.419,37.0,Orthodox,5
Trevin Giles,Middleweight,1492.3,1492.3,41.7,balanced,0.504,0.632,2.9,0.58,1.01,0.721,47.9,0.28,0.214,0.429,0.722,7.07,0.16,3.76,0.57,17.09,0.332,32.2,Orthodox,14
John Allan,Middleweight,1491.9,1491.9,44.5,grappler,0.72,0.497,3.43,0.536,1.41,0.4,39.7,0.65,0.0,0.0,0.621,5.58,0.132,-18.13,0.85,42.0,0.168,28.7,Orthodox,3
Azamat Bekoev,Middleweight,1491.0,1491.0,44.3,wrestler,0.76,0.704,4.06,0.313,2.55,0.625,60.4,0.21,0.5,0.5,0.632,8.22,0.201,-16.07,0.83,44.11,0.204,30.5,Orthodox,4
Jackson McVey,Middleweight,1489.5,1489.5,42.4,grappler,0.588,0.718,4.82,0.236,0.92,0.0,61.8,0.75,0.333,0.667,0.606,7.68,0.206,-5.18,0.95,27.8,0.233,27.2,Southpaw,3
Igor Araujo,Middleweight,1488.2,1488.2,40.5,grappler,0.652,0.417,2.39,0.498,1.02,0.222,69.3,0.46,0.0,0.25,0.551,5.87,0.231,0.92,0.65,30.91,0.283,34.6,Orthodox,4
Karl Roberson,Middleweight,1481.2,1481.2,38.4,balanced,0.467,0.526,2.51,0.577,0.8,0.407,46.6,0.45,0.2,0.6,0.619,7.7,0.155,2.77,0.66,25.44,0.309,31.8,Southpaw,10
Sam Alvey,Middleweight,1479.1,1479.1,38.8,balanced,0.203,0.645,2.97,0.528,0.22,0.821,19.9,0.1,0.25,0.25,0.669,2.34,0.067,-6.13,0.5,27.37,0.388,36.3,Southpaw,24
Nick Maximov,Middleweight,1478.1,1478.1,40.9,wrestler,0.915,0.421,2.65,0.459,3.24,0.357,82.9,0.37,0.0,0.25,0.696,3.83,0.276,-8.42,0.42,36.49,0.204,28.5,Southpaw,4
Jack Marshman,Middleweight,1476.9,1476.9,37.8,balanced,0.297,0.485,2.77,0.565,0.41,0.2,16.9,0.13,0.125,0.375,0.642,3.12,0.056,-7.32,0.58,37.44,0.32,30.9,Orthodox,8
Bartosz Fabinski,Middleweight,1476.0,1476.0,40.3,wrestler,0.967,0.49,2.76,0.513,4.9,0.8,143.2,0.17,0.0,0.5,0.612,7.17,0.477,-1.75,0.22,22.54,0.313,40.2,Orthodox,6
Josh Fremd,Middleweight,1475.6,1475.6,39.6,grappler,0.661,0.449,2.71,0.471,0.85,0.304,58.1,0.75,0.167,0.333,0.547,3.61,0.194,4.01,0.9,22.72,0.237,30.5,Orthodox,6
Phil Hawes,Middleweight,1472.7,1472.7,42.6,grappler,0.777,0.706,4.3,0.559,1.64,0.909,72.5,0.28,0.25,0.5,0.646,7.08,0.242,13.57,0.71,32.49,0.713,35.0,Orthodox,8
Brad Scott,Middleweight,1471.8,1471.8,40.5,balanced,0.394,0.573,3.4,0.572,0.62,0.636,50.7,0.55,0.25,0.125,0.621,3.37,0.169,-3.45,0.88,37.49,0.414,28.9,Orthodox,8
Cyril Asker,Middleweight,1470.7,1470.7,38.7,wrestler,0.816,0.428,2.53,0.357,1.93,1.0,67.2,0.45,0.4,0.6,0.781,11.84,0.224,-10.65,0.61,33.22,0.686,32.1,Orthodox,5
Rhys McKee,Middleweight,1465.8,1465.8,37.5,striker,0.201,0.778,3.96,0.473,0.49,0.476,40.6,0.15,0.167,0.333,0.666,3.05,0.135,-3.83,0.68,56.76,0.246,30.0,Orthodox,6
Robert McDaniel,Middleweight,1465.8,1465.8,40.2,grappler,0.811,0.444,2.55,0.568,1.07,0.5,69.9,0.77,0.333,0.333,0.64,5.82,0.233,-0.88,0.98,23.22,0.168,30.9,Southpaw,3
Bevon Lewis,Middleweight,1462.2,1462.2,35.5,striker,0.331,0.652,3.3,0.526,0.81,0.5,68.0,0.21,0.0,0.5,0.534,2.78,0.227,-1.69,0.27,25.42,0.579,35.1,Orthodox,4
Nick Roehrick,Middleweight,1461.2,1461.2,32.8,balanced,0.438,0.426,3.03,0.44,0.98,0.0,40.2,0.31,0.0,1.0,0.668,4.81,0.134,-5.58,0.6,39.8,0.235,30.0,Orthodox,1
Claudio Ribeiro,Middleweight,1458.3,1458.3,33.6,balanced,0.46,0.592,2.81,0.296,0.8,0.667,42.1,0.19,0.25,0.75,0.64,7.88,0.14,-3.61,0.56,29.75,0.522,31.6,Orthodox,4
Ryan Loder,Middleweight,1451.7,1451.7,38.3,grappler,0.691,0.632,4.22,0.5,1.51,1.0,64.4,0.82,0.333,0.667,0.725,16.36,0.215,-7.11,0.63,27.48,1.197,35.0,Southpaw,3
Dusko Todorovic,Middleweight,1448.6,1448.6,38.7,grappler,0.726,0.609,3.61,0.515,1.69,0.429,67.3,0.38,0.4,0.4,0.707,11.36,0.224,-3.99,0.48,30.69,0.62,31.3,Orthodox,10
AJ Dobson,Middleweight,1441.2,1441.2,35.3,balanced,0.553,0.574,3.71,0.461,1.56,0.65,49.6,0.21,0.0,0.25,0.587,3.83,0.165,-7.52,0.27,36.94,0.354,34.4,Orthodox,4
Danny Barlow,Middleweight,1438.0,1438.0,35.6,striker,0.194,0.849,4.59,0.523,0.81,1.0,32.8,0.21,0.25,0.25,0.649,3.83,0.109,4.48,0.42,37.24,0.354,30.9,Southpaw,4
Markus Perez,Middleweight,1431.7,1431.7,35.0,grappler,0.623,0.461,2.74,0.529,0.92,0.773,47.9,0.74,0.286,0.143,0.544,3.26,0.16,-2.37,0.87,32.87,0.226,32.6,Orthodox,7
Dylan Budka,Middleweight,1430.6,1430.6,29.6,balanced,0.579,0.381,2.37,0.404,1.73,0.4,57.6,0.24,0.0,0.667,0.696,3.18,0.192,-6.15,0.31,28.76,0.447,26.4,Switch,3
Abu Azaitar,Middleweight,1430.4,1430.4,33.3,striker,0.428,0.718,3.91,0.514,1.35,0.429,49.2,0.24,0.0,0.333,0.573,6.04,0.164,-0.51,0.31,40.76,0.376,40.3,Orthodox,3
Colton Smith,Middleweight,1426.6,1426.6,30.7,grappler,0.841,0.432,2.26,0.516,2.11,0.25,77.2,0.69,0.0,0.75,0.514,4.17,0.257,-3.49,1.04,26.83,0.48,26.9,Orthodox,4
Laureano Staropoli,Middleweight,1425.6,1425.6,32.8,balanced,0.347,0.5,3.32,0.54,0.99,0.48,33.4,0.15,0.0,0.0,0.654,2.51,0.111,2.91,0.3,32.4,0.217,28.7,Orthodox,6
Julian Marquez,Middleweight,1423.8,1423.8,33.6,grappler,0.494,0.566,3.9,0.496,0.41,0.458,26.0,1.59,0.375,0.5,0.727,6.54,0.087,-4.06,1.85,47.13,0.765,34.8,Orthodox,8
Denis Tiuliulin,Middleweight,1423.3,1423.3,29.4,balanced,0.398,0.593,3.19,0.38,0.98,0.72,31.0,0.15,0.167,0.667,0.665,3.39,0.103,-7.61,0.63,40.38,0.281,36.2,Orthodox,6
John Phillips,Middleweight,1421.4,1421.4,28.5,balanced,0.331,0.473,2.2,0.493,0.49,0.077,23.6,0.15,0.167,0.5,0.524,2.82,0.079,-6.51,0.57,34.0,0.117,35.4,Southpaw,6
Val Woodburn,Middleweight,1418.0,1418.0,28.4,balanced,0.515,0.51,2.63,0.364,1.31,0.5,42.4,0.26,0.0,0.5,0.706,4.76,0.141,-4.82,0.75,37.42,0.446,30.5,Orthodox,2
Gadzhi Omargadzhiev,Middleweight,1414.7,1414.7,29.6,balanced,0.368,0.483,2.77,0.388,1.15,0.6,37.7,0.26,0.0,0.0,0.613,4.51,0.126,-1.65,0.5,29.33,0.196,29.7,Switch,2
Rob Wilkinson,Middleweight,1414.7,1414.7,27.4,wrestler,0.686,0.512,2.98,0.391,2.06,0.55,64.7,0.26,0.0,1.0,0.549,4.01,0.216,-3.57,0.5,38.42,1.196,26.0,Orthodox,2
Antonio Trocoli,Middleweight,1412.1,1412.1,24.8,balanced,0.404,0.47,2.41,0.27,1.06,0.333,65.8,0.21,0.0,0.75,0.576,2.78,0.219,-17.76,0.27,34.36,0.579,35.5,Orthodox,4
Jordan Williams,Middleweight,1406.4,1406.4,25.9,balanced,0.373,0.492,3.01,0.386,0.96,0.8,44.7,0.22,0.0,0.667,0.682,3.44,0.149,-3.27,0.43,35.71,0.425,31.1,Southpaw,3
Hu Yaozong,Middleweight,1404.6,1404.6,25.7,striker,0.292,0.705,3.47,0.354,0.92,0.333,51.1,0.41,0.0,0.667,0.55,3.5,0.17,-5.35,0.47,45.32,0.394,31.2,Orthodox,3
Mike Rhodes,Middleweight,1404.6,1404.6,29.2,balanced,0.426,0.519,3.13,0.644,1.07,0.75,39.6,0.4,0.0,0.333,0.588,3.44,0.132,-4.0,0.61,31.67,0.168,25.0,Orthodox,3
Joseph Holmes,Middleweight,1404.5,1404.5,29.8,balanced,0.52,0.625,3.38,0.531,1.27,0.444,53.7,0.44,0.25,0.5,0.568,4.09,0.179,0.62,0.65,30.42,0.391,31.0,Orthodox,4
Khadis Ibragimov,Middleweight,1403.0,1403.0,27.8,balanced,0.483,0.577,3.3,0.473,1.06,0.81,58.9,0.34,0.0,0.5,0.768,3.76,0.196,-0.24,0.52,35.6,0.297,25.4,Orthodox,4
Jamie Pickett,Middleweight,1400.7,1400.7,26.3,balanced,0.402,0.512,2.69,0.482,1.1,0.75,37.0,0.12,0.0,0.444,0.587,1.85,0.123,-2.38,0.33,32.07,0.506,35.5,Orthodox,9
Sedriques Dumas,Middleweight,1395.5,1395.5,25.7,balanced,0.527,0.463,2.46,0.533,1.25,0.333,74.9,0.13,0.0,0.556,0.511,4.64,0.25,-3.05,0.17,24.94,0.492,30.9,Orthodox,9
Maki Pitolo,Middleweight,1393.2,1393.2,30.1,wrestler,0.8,0.521,3.64,0.553,2.02,0.5,59.0,0.63,0.167,0.5,0.668,3.75,0.197,1.13,0.63,40.97,0.163,35.6,Orthodox,6
Dequan Townsend,Middleweight,1383.5,1383.5,21.6,balanced,0.231,0.422,2.39,0.387,0.81,0.467,29.5,0.21,0.0,0.5,0.513,3.19,0.098,-8.16,0.27,34.07,0.34,40.1,Orthodox,4
Alen Amedovski,Middleweight,1371.6,1371.6,19.3,balanced,0.349,0.381,2.0,0.462,0.61,0.0,25.6,0.19,0.0,0.75,0.644,3.76,0.085,-3.49,0.37,31.5,0.897,34.4,Orthodox,4
Jose Daniel Medina,Middleweight,1366.0,1366.0,20.6,balanced,0.45,0.509,3.01,0.427,1.12,0.364,34.4,0.21,0.0,0.75,0.58,3.03,0.115,-15.07,0.27,39.79,0.704,35.1,Orthodox,4
Islam Makhachev,Welterweight,1937.1,1937.1,91.1,grappler,1.0,0.568,2.69,0.62,2.8,0.913,119.9,0.88,0.611,0.056,0.696,7.44,0.399,3.96,1.07,13.09,0.165,34.1,Southpaw,18
Carlos Prates,Welterweight,1875.4,1875.4,90.2,striker,0.349,0.967,4.17,0.477,0.6,0.795,25.7,0.15,0.875,0.0,0.612,5.26,0.086,-2.05,1.67,31.1,0.102,32.7,Switch,8
Shavkat Rakhmonov,Welterweight,1860.4,1860.4,92.1,grappler,0.837,0.59,3.43,0.513,1.41,0.857,107.3,0.92,0.857,0.0,0.675,7.74,0.357,0.79,1.11,21.67,0.111,30.1,Orthodox,7
Michael Morales,Welterweight,1857.5,1857.5,91.4,striker,0.255,1.0,5.34,0.574,0.68,0.885,28.0,0.16,0.714,0.0,0.743,10.83,0.094,15.2,1.31,26.14,0.111,26.4,Orthodox,7
Ian Machado Garry,Welterweight,1814.4,1814.4,88.4,striker,0.362,0.906,4.51,0.529,1.06,0.8,38.5,0.39,0.273,0.0,0.584,3.68,0.128,20.12,0.74,24.15,0.148,28.0,Orthodox,11
Gabriel Bonfim,Welterweight,1805.0,1805.0,92.1,grappler,0.881,0.624,4.25,0.62,2.88,0.765,51.5,1.0,0.5,0.125,0.577,2.56,0.172,8.39,1.1,26.8,0.248,28.8,Orthodox,8
Jack Della Maddalena,Welterweight,1788.6,1788.6,87.5,striker,0.235,0.971,4.7,0.607,0.68,0.633,21.5,0.22,0.5,0.1,0.639,4.47,0.072,5.99,0.8,36.49,0.335,29.6,Switch,10
Myktybek Orolbai,Welterweight,1785.4,1785.4,88.9,wrestler,0.997,0.575,3.17,0.51,5.37,0.4,111.5,0.47,0.5,0.0,0.704,9.28,0.372,-1.03,0.86,25.61,0.261,28.1,Orthodox,6
Yaroslav Amosov,Welterweight,1786.4,1785.3,92.3,grappler,1.0,0.561,3.39,0.606,3.61,0.0,72.2,1.35,1.0,0.0,0.612,4.7,0.241,1.46,1.18,22.38,0.204,32.7,nan,2
Sean Brady,Welterweight,1778.0,1778.0,88.4,grappler,1.0,0.597,3.99,0.599,3.0,0.867,109.2,0.72,0.364,0.182,0.699,11.45,0.364,5.69,0.82,25.7,0.15,33.5,Orthodox,11
Dustin Poirier,Welterweight,1761.4,1761.4,86.1,grappler,0.723,0.839,5.16,0.523,1.23,0.63,51.7,1.01,0.469,0.219,0.783,6.08,0.172,4.3,1.4,37.73,0.166,36.5,Southpaw,32
Mike Malott,Welterweight,1743.4,1743.4,82.0,balanced,0.56,0.755,3.88,0.571,1.52,0.727,43.4,0.54,0.625,0.125,0.613,6.51,0.145,9.84,1.14,25.14,0.102,34.4,Orthodox,8
Rinat Fakhretdinov,Welterweight,1731.9,1731.9,82.4,wrestler,0.875,0.711,4.68,0.544,2.94,0.917,112.8,0.31,0.286,0.0,0.681,9.08,0.376,5.59,0.71,32.05,0.09,34.7,Orthodox,7
Belal Muhammad,Welterweight,1719.5,1719.5,78.4,wrestler,0.722,0.594,4.33,0.556,2.03,0.904,65.5,0.19,0.136,0.045,0.757,5.36,0.218,4.06,0.24,30.87,0.275,37.9,Orthodox,22
Leon Edwards,Welterweight,1718.2,1718.2,74.4,balanced,0.521,0.616,2.79,0.528,1.28,0.637,58.0,0.37,0.2,0.1,0.574,4.16,0.193,2.43,0.59,22.56,0.122,34.2,Southpaw,20
Michael Chiesa,Welterweight,1701.4,1701.4,74.5,grappler,1.0,0.391,2.29,0.58,2.85,0.659,93.5,0.94,0.409,0.273,0.717,5.88,0.312,-0.66,0.91,14.04,0.047,38.3,Southpaw,22
Colby Covington,Welterweight,1698.8,1698.8,75.8,wrestler,0.91,0.555,3.8,0.548,3.22,0.69,109.2,0.21,0.294,0.176,0.684,5.67,0.364,5.45,0.31,28.55,0.218,36.8,Orthodox,17
Daniel Rodriguez,Welterweight,1691.7,1691.7,73.8,striker,0.232,0.995,6.43,0.574,0.46,0.64,21.9,0.17,0.286,0.143,0.64,3.7,0.073,21.31,0.7,40.46,0.268,38.5,Southpaw,14
Jorge Masvidal,Welterweight,1689.1,1689.1,72.8,striker,0.453,0.899,3.95,0.575,0.95,0.697,43.2,0.37,0.318,0.045,0.601,7.4,0.144,4.53,0.77,26.79,0.293,38.4,Orthodox,22
Uros Medic,Welterweight,1688.3,1688.3,73.6,striker,0.307,1.0,4.72,0.557,0.66,0.556,19.1,0.13,0.7,0.3,0.665,8.78,0.064,3.88,1.44,21.78,0.547,32.8,Southpaw,10
Joel Alvarez,Welterweight,1688.3,1688.3,74.7,grappler,0.587,0.702,4.32,0.539,0.51,0.464,32.6,0.89,0.636,0.182,0.676,7.14,0.109,7.7,0.94,21.27,0.082,33.2,Orthodox,11
Nate Diaz,Welterweight,1687.8,1687.8,74.7,grappler,0.632,0.634,4.47,0.529,0.88,0.439,40.8,1.06,0.444,0.074,0.729,3.26,0.136,9.39,1.19,31.77,0.366,37.4,Southpaw,27
Vicente Luque,Welterweight,1687.2,1687.2,74.3,striker,0.451,0.989,4.66,0.516,0.96,0.597,39.7,0.66,0.6,0.12,0.61,4.12,0.132,0.27,1.16,48.65,0.234,34.4,Orthodox,25
Jalin Turner,Welterweight,1678.5,1678.5,73.9,grappler,0.69,0.815,5.04,0.408,0.81,0.75,37.5,0.96,0.571,0.214,0.665,9.59,0.125,5.68,1.73,29.31,0.263,30.6,Southpaw,14
Nursulton Ruziboev,Welterweight,1676.2,1676.2,70.7,balanced,0.476,0.666,3.11,0.489,1.05,0.333,37.7,0.19,0.6,0.0,0.668,6.13,0.126,5.25,0.84,25.75,0.303,31.5,Orthodox,5
James Krause,Welterweight,1673.9,1673.9,72.5,striker,0.425,0.904,4.89,0.618,0.9,0.649,59.0,0.88,0.385,0.077,0.716,2.95,0.197,13.97,1.1,36.2,0.202,40.0,Orthodox,13
Anthony Pettis,Welterweight,1672.0,1672.0,68.7,balanced,0.438,0.641,3.44,0.529,0.64,0.559,35.4,0.68,0.35,0.2,0.643,3.71,0.118,-1.23,0.85,31.38,0.139,39.4,Orthodox,20
Jeremiah Wells,Welterweight,1664.6,1664.6,70.5,grappler,0.98,0.541,2.97,0.482,2.4,0.5,106.4,1.02,0.429,0.143,0.754,10.25,0.355,2.33,1.21,18.69,0.329,39.6,Switch,7
Bryan Battle,Welterweight,1664.6,1664.6,70.9,striker,0.4,0.912,4.8,0.442,0.92,0.536,62.0,0.43,0.556,0.0,0.538,1.84,0.207,10.85,0.66,30.53,0.186,31.7,Orthodox,9
Jake Matthews,Welterweight,1663.3,1663.3,68.7,balanced,0.604,0.608,3.4,0.605,1.44,0.641,64.4,0.7,0.333,0.208,0.701,9.25,0.214,5.63,0.92,23.23,0.225,31.8,Orthodox,24
Gunnar Nelson,Welterweight,1662.7,1662.7,69.4,grappler,0.949,0.451,2.17,0.488,1.88,0.684,88.0,0.89,0.5,0.062,0.736,8.64,0.293,-8.56,0.95,23.48,0.328,36.6,Switch,16
Sam Patterson,Welterweight,1661.0,1661.0,69.5,grappler,0.712,0.518,3.06,0.494,1.23,0.0,40.2,0.83,0.667,0.167,0.703,2.89,0.134,-1.27,0.98,24.0,0.123,29.9,Orthodox,6
Khaos Williams,Welterweight,1658.3,1658.3,67.4,striker,0.173,0.922,4.65,0.411,0.38,0.517,36.0,0.12,0.455,0.091,0.522,3.13,0.12,2.16,0.75,40.39,0.082,32.1,Orthodox,11
Shara Magomedov,Welterweight,1657.7,1657.7,67.8,striker,0.144,0.938,5.06,0.437,0.57,0.714,24.2,0.18,0.333,0.0,0.513,5.29,0.081,14.27,0.52,29.95,0.123,31.2,Orthodox,6
King Green,Welterweight,1654.0,1654.0,69.5,striker,0.433,0.986,6.23,0.622,1.29,0.703,41.8,0.3,0.233,0.2,0.594,8.98,0.139,26.65,0.56,29.74,0.27,39.7,Orthodox,30
Randy Brown,Welterweight,1653.9,1653.9,67.0,striker,0.39,0.87,4.29,0.535,0.82,0.746,42.9,0.51,0.318,0.227,0.624,4.59,0.143,9.03,0.79,18.7,0.335,35.8,Orthodox,22
Tyron Woodley,Welterweight,1653.3,1653.3,65.1,balanced,0.377,0.661,2.67,0.571,0.61,0.875,35.7,0.25,0.375,0.125,0.575,7.11,0.119,-5.51,0.8,20.46,0.061,39.0,Orthodox,16
Nicolas Dalby,Welterweight,1646.2,1646.2,64.9,striker,0.416,0.742,3.85,0.522,1.01,0.591,63.3,0.15,0.067,0.067,0.603,4.58,0.211,-4.58,0.34,32.12,0.353,41.0,Orthodox,15
Demian Maia,Welterweight,1645.3,1645.3,66.7,grappler,0.889,0.391,2.01,0.636,2.37,0.615,98.8,0.93,0.364,0.061,0.783,8.99,0.329,-8.52,0.92,20.19,0.183,43.6,Southpaw,33
Neil Magny,Welterweight,1641.4,1641.4,65.4,wrestler,0.722,0.61,3.43,0.518,2.1,0.554,58.9,0.29,0.27,0.27,0.702,10.6,0.196,3.01,0.36,20.68,0.343,38.4,Orthodox,37
Geoff Neal,Welterweight,1631.0,1631.0,65.2,striker,0.382,0.98,4.72,0.57,0.74,0.897,40.2,0.18,0.429,0.214,0.804,4.8,0.134,-8.56,0.83,41.24,0.287,35.5,Southpaw,14
Muslim Salikhov,Welterweight,1622.1,1622.1,61.3,balanced,0.337,0.723,3.46,0.624,1.15,0.724,24.4,0.1,0.357,0.286,0.553,4.53,0.081,5.43,0.57,22.63,0.309,41.4,Orthodox,14
Rafael Dos Anjos,Welterweight,1621.2,1621.2,64.1,grappler,0.79,0.602,3.51,0.602,1.9,0.548,71.0,0.56,0.25,0.139,0.589,7.23,0.237,-2.63,0.73,29.47,0.103,40.0,Southpaw,36
Francisco Trinaldo,Welterweight,1618.3,1618.3,62.1,balanced,0.533,0.643,3.26,0.607,1.01,0.603,56.8,0.51,0.269,0.077,0.613,5.93,0.19,1.07,0.71,21.65,0.224,47.8,Southpaw,26
Drew Dober,Welterweight,1612.3,1612.3,60.9,striker,0.248,0.913,4.39,0.531,0.71,0.582,34.4,0.12,0.444,0.259,0.633,5.13,0.115,0.93,0.62,36.1,0.182,37.4,Southpaw,27
Robbie Lawler,Welterweight,1605.1,1605.1,60.2,striker,0.375,0.907,4.17,0.583,0.86,0.648,30.5,0.07,0.32,0.24,0.741,4.95,0.102,-13.92,0.46,42.6,0.106,44.3,Southpaw,25
Alan Jouban,Welterweight,1604.0,1604.0,61.5,striker,0.332,1.0,5.22,0.6,0.73,0.588,25.5,0.3,0.308,0.231,0.609,4.62,0.085,15.0,1.12,34.62,0.327,39.0,Southpaw,13
Matt Brown,Welterweight,1603.3,1603.3,62.4,grappler,0.812,0.738,3.79,0.551,1.63,0.639,53.2,1.21,0.5,0.267,0.61,7.57,0.177,1.01,1.47,26.48,0.345,45.4,Orthodox,30
Jacobe Smith,Welterweight,1692.1,1603.2,80.8,grappler,0.925,0.791,5.26,0.461,2.65,1.0,70.9,0.78,1.0,0.0,0.665,13.41,0.236,5.81,1.05,28.73,0.142,30.4,Southpaw,3
Jonathan Micallef,Welterweight,1669.4,1603.2,70.5,striker,0.436,0.765,4.09,0.571,1.05,0.714,47.4,0.46,0.333,0.0,0.639,3.12,0.158,2.28,0.73,34.51,0.142,27.3,Southpaw,3
Carlos Leal,Welterweight,1611.7,1603.2,61.6,striker,0.257,0.881,6.41,0.488,0.84,0.909,36.7,0.26,0.25,0.25,0.636,2.45,0.122,5.46,0.36,47.82,0.312,32.1,Orthodox,4
Charles Radtke,Welterweight,1596.5,1596.5,60.1,grappler,0.881,0.589,2.96,0.547,1.78,1.0,102.9,0.48,0.429,0.286,0.771,7.2,0.343,-0.2,0.82,20.12,0.384,35.8,Orthodox,7
Albert Tumenov,Welterweight,1593.0,1593.0,57.0,striker,0.212,0.828,3.76,0.585,0.61,0.75,23.2,0.15,0.375,0.25,0.745,3.73,0.077,4.89,0.84,24.16,0.102,24.8,Orthodox,8
Adriano Martins,Welterweight,1592.9,1592.9,57.4,balanced,0.504,0.557,2.5,0.684,1.18,0.857,35.4,0.49,0.429,0.286,0.572,2.97,0.118,-1.02,0.82,15.34,0.384,34.7,Southpaw,7
Ismail Naurdiev,Welterweight,1588.4,1588.4,58.3,striker,0.466,0.779,3.69,0.649,1.46,0.732,53.5,0.26,0.143,0.0,0.58,5.33,0.178,14.04,0.48,22.83,0.111,29.3,Orthodox,7
Kevin Lee,Welterweight,1587.3,1587.3,60.3,grappler,0.962,0.578,3.86,0.503,2.87,0.75,101.2,0.7,0.368,0.263,0.751,14.9,0.337,-7.71,0.75,31.59,0.208,30.8,Orthodox,19
Ramiz Brahimaj,Welterweight,1586.1,1586.1,58.6,grappler,0.766,0.502,2.83,0.471,1.76,0.448,49.7,1.26,0.556,0.111,0.688,2.32,0.166,-4.72,1.26,28.04,0.192,33.6,Orthodox,9
Michel Prazeres,Welterweight,1585.3,1585.3,58.5,wrestler,0.902,0.47,2.75,0.576,3.34,0.478,82.5,0.59,0.214,0.071,0.661,5.31,0.275,0.76,0.73,22.61,0.055,44.9,Orthodox,14
Davi Ramos,Welterweight,1585.3,1585.3,58.8,wrestler,0.68,0.443,3.04,0.563,1.76,0.833,46.6,0.53,0.429,0.0,0.693,4.71,0.155,-7.79,0.62,28.65,0.224,33.7,Orthodox,7
Sergey Khandozhko,Welterweight,1584.0,1584.0,57.6,striker,0.337,0.794,3.79,0.609,1.04,0.611,37.0,0.3,0.333,0.0,0.605,3.12,0.123,8.38,0.89,31.78,0.303,34.1,Orthodox,3
Lyman Good,Welterweight,1580.1,1580.1,58.8,striker,0.353,0.931,4.71,0.63,0.73,0.75,24.0,0.18,0.5,0.167,0.693,4.16,0.08,5.75,0.72,30.18,0.123,35.1,Orthodox,6
Nik Lentz,Welterweight,1578.5,1578.5,58.2,grappler,0.95,0.573,3.48,0.501,3.04,0.439,83.2,1.13,0.2,0.12,0.607,8.91,0.277,-1.75,1.19,33.42,0.235,36.4,Orthodox,25
Kajan Johnson,Welterweight,1577.0,1577.0,54.2,balanced,0.475,0.558,2.94,0.644,1.5,0.625,45.4,0.27,0.143,0.286,0.559,6.54,0.151,5.7,0.58,20.72,0.312,34.4,Orthodox,7
Themba Gorimbo,Welterweight,1575.3,1575.3,56.6,wrestler,0.987,0.574,3.15,0.515,3.43,0.731,110.3,0.41,0.125,0.25,0.557,6.37,0.368,4.28,0.66,22.72,0.083,35.4,Orthodox,8
Chris Wade,Welterweight,1573.5,1573.5,57.0,grappler,0.97,0.487,2.45,0.519,2.17,0.552,98.0,0.87,0.286,0.0,0.538,4.94,0.327,0.97,1.07,18.99,0.111,29.8,Orthodox,7
Phil Rowe,Welterweight,1571.1,1571.1,55.3,striker,0.365,0.793,3.4,0.509,0.73,0.537,40.6,0.33,0.444,0.0,0.708,1.76,0.135,-1.38,0.64,34.4,0.326,35.9,Orthodox,9
Carlston Harris,Welterweight,1569.2,1569.2,54.6,grappler,0.631,0.552,3.31,0.541,1.17,0.556,55.1,0.48,0.375,0.375,0.638,5.75,0.184,1.75,0.85,30.0,0.531,38.9,Orthodox,8
Sergio Moraes,Welterweight,1562.9,1562.9,52.6,balanced,0.496,0.507,2.72,0.6,1.25,0.75,48.9,0.43,0.286,0.214,0.737,2.87,0.163,-14.08,0.55,32.51,0.699,37.3,Orthodox,14
Ramazan Emeev,Welterweight,1562.5,1562.5,54.0,wrestler,0.758,0.482,2.94,0.655,2.05,0.667,69.8,0.61,0.0,0.125,0.703,4.3,0.233,0.97,0.8,19.69,0.193,35.1,Southpaw,8
Claudio Silva,Welterweight,1560.5,1560.5,55.3,grappler,0.856,0.45,2.9,0.46,2.37,0.444,80.8,0.89,0.375,0.0,0.579,7.45,0.269,-4.04,0.96,30.19,0.102,39.9,Southpaw,8
Curtis Millender,Welterweight,1559.8,1559.8,53.0,striker,0.36,0.803,3.83,0.615,0.78,0.529,24.8,0.19,0.2,0.2,0.614,3.16,0.083,10.5,0.62,27.37,0.136,31.4,Orthodox,5
Max Griffin,Welterweight,1559.8,1559.8,53.3,striker,0.433,0.822,3.71,0.58,1.44,0.695,44.5,0.27,0.158,0.105,0.662,3.4,0.149,0.64,0.69,33.53,0.1,40.4,Orthodox,19
Carlos Condit,Welterweight,1559.6,1559.6,53.2,striker,0.378,0.82,4.01,0.545,0.66,0.345,33.0,0.63,0.263,0.211,0.569,6.64,0.11,11.59,0.9,26.81,0.273,42.1,Orthodox,19
Mike Perry,Welterweight,1559.3,1559.3,53.9,striker,0.401,0.906,4.2,0.529,0.94,0.786,45.2,0.23,0.267,0.133,0.634,5.9,0.151,-15.62,0.82,41.78,0.328,29.6,Orthodox,15
Thiago Moises,Welterweight,1558.9,1558.9,52.6,grappler,0.728,0.45,2.65,0.526,1.41,0.525,57.7,0.95,0.25,0.25,0.634,6.03,0.192,-16.7,0.99,26.45,0.361,31.1,Orthodox,16
Tony Ferguson,Welterweight,1557.8,1557.8,56.0,grappler,0.517,0.711,4.79,0.554,0.51,0.661,14.6,0.83,0.458,0.208,0.604,4.67,0.049,8.1,0.93,39.52,0.297,42.4,Orthodox,24
Donald Cerrone,Welterweight,1553.0,1553.0,53.7,striker,0.33,0.987,4.79,0.516,1.05,0.886,30.7,0.46,0.421,0.237,0.523,4.52,0.102,-2.66,1.11,38.59,0.331,39.3,Orthodox,38
Abubakar Nurmagomedov,Welterweight,1546.3,1546.3,51.7,wrestler,0.72,0.543,3.42,0.652,1.25,0.889,87.9,0.26,0.0,0.25,0.652,2.6,0.293,5.08,0.36,28.02,0.124,36.6,Orthodox,4
Diego Sanchez,Welterweight,1544.5,1544.5,50.3,balanced,0.541,0.587,2.82,0.565,1.35,0.471,69.1,0.66,0.188,0.125,0.683,11.15,0.23,-7.81,0.84,34.25,0.377,44.5,Southpaw,32
Gabe Green,Welterweight,1543.1,1543.1,52.8,striker,0.449,0.868,4.86,0.472,1.0,0.5,42.2,0.46,0.333,0.167,0.527,5.3,0.141,-6.48,0.82,46.99,0.508,32.0,Switch,6
Chance Rencountre,Welterweight,1539.5,1539.5,48.1,balanced,0.522,0.373,2.43,0.494,1.39,0.167,66.0,0.39,0.25,0.25,0.523,3.07,0.22,-14.3,0.53,31.04,0.303,32.8,Southpaw,4
David Zawada,Welterweight,1538.9,1538.9,51.8,grappler,0.676,0.55,3.94,0.555,1.09,0.571,39.9,1.17,0.2,0.2,0.596,2.95,0.133,-3.2,1.34,42.89,0.239,35.9,Orthodox,5
Trey Waters,Welterweight,1533.9,1533.9,49.6,striker,0.348,0.838,5.15,0.551,0.91,0.9,32.4,0.49,0.0,0.333,0.732,2.98,0.108,7.1,0.59,40.76,0.142,31.3,Orthodox,3
Bassil Hafez,Welterweight,1530.1,1530.1,47.5,wrestler,0.615,0.515,3.73,0.418,1.76,0.5,51.9,0.25,0.0,0.333,0.728,3.6,0.173,-8.32,0.44,37.61,0.318,32.8,Orthodox,3
Song Kenan,Welterweight,1527.4,1527.4,47.8,striker,0.237,0.888,4.29,0.511,0.68,0.735,19.7,0.12,0.273,0.273,0.641,3.49,0.066,-15.53,0.66,37.54,0.357,34.7,Orthodox,11
Warlley Alves,Welterweight,1527.4,1527.4,49.7,grappler,0.767,0.574,3.18,0.507,1.26,0.63,55.7,0.77,0.375,0.25,0.57,3.38,0.185,-5.6,0.93,33.25,0.191,33.4,Orthodox,16
Alex Morono,Welterweight,1525.0,1525.0,48.6,striker,0.229,0.826,4.74,0.554,0.47,0.478,20.9,0.33,0.167,0.125,0.775,3.19,0.07,1.87,0.58,33.77,0.258,35.5,Orthodox,24
Bryan Barberena,Welterweight,1524.3,1524.3,48.3,striker,0.236,0.944,5.07,0.442,0.36,0.5,27.0,0.3,0.263,0.263,0.689,5.82,0.09,4.94,0.66,39.65,0.317,34.9,Southpaw,19
Nikolay Veretennikov,Welterweight,1523.4,1523.4,44.9,balanced,0.352,0.586,3.16,0.44,0.8,0.667,32.0,0.51,0.167,0.333,0.555,3.07,0.107,0.05,0.56,35.03,0.238,36.5,Orthodox,6
Matthew Semelsberger,Welterweight,1517.8,1517.8,47.3,striker,0.486,0.817,3.77,0.541,1.12,0.457,46.9,0.39,0.182,0.182,0.644,5.88,0.156,-4.76,1.26,36.52,0.163,32.0,Switch,11
Jordan Mein,Welterweight,1515.7,1515.7,48.7,wrestler,0.797,0.584,3.26,0.653,2.01,0.727,63.3,0.36,0.222,0.222,0.654,6.75,0.211,5.4,0.73,21.7,0.193,28.8,Orthodox,9
Oban Elliott,Welterweight,1514.4,1514.4,47.5,balanced,0.516,0.638,3.79,0.608,1.07,0.524,64.1,0.23,0.2,0.2,0.652,7.18,0.214,9.33,0.44,26.32,0.23,28.5,Orthodox,5
Gleison Tibau,Welterweight,1513.5,1513.5,47.8,grappler,1.0,0.36,2.18,0.635,3.75,0.921,87.6,0.78,0.179,0.179,0.76,5.36,0.292,-6.36,0.84,20.91,0.195,34.7,Southpaw,28
Alex Oliveira,Welterweight,1512.8,1512.8,47.3,wrestler,0.833,0.615,3.16,0.467,2.18,0.638,80.2,0.56,0.318,0.318,0.575,6.61,0.267,3.86,0.84,22.48,0.245,38.3,Orthodox,22
Peter Sobotta,Welterweight,1508.6,1508.6,45.1,balanced,0.602,0.537,2.6,0.589,1.5,0.778,76.9,0.49,0.2,0.2,0.606,4.58,0.256,-3.54,0.91,22.11,0.345,33.5,Southpaw,10
Tim Means,Welterweight,1508.3,1508.3,47.6,striker,0.383,0.984,4.89,0.602,1.17,0.648,38.9,0.19,0.267,0.267,0.611,6.23,0.13,8.73,0.65,32.82,0.237,40.6,Orthodox,30
Danny Roberts,Welterweight,1504.0,1504.0,42.7,balanced,0.305,0.605,3.31,0.51,0.5,0.575,42.1,0.28,0.286,0.429,0.589,6.14,0.14,-4.22,0.57,33.5,0.712,36.0,Southpaw,14
Alexander Yakovlev,Welterweight,1503.1,1503.1,43.1,balanced,0.469,0.528,2.36,0.585,1.59,0.722,45.1,0.24,0.222,0.222,0.536,4.38,0.15,-1.52,0.53,23.88,0.193,36.3,Southpaw,9
Jared Gooden,Welterweight,1501.5,1501.5,46.0,striker,0.386,0.801,4.28,0.453,1.03,0.65,30.6,0.42,0.286,0.0,0.592,3.48,0.102,-10.5,0.58,52.63,0.09,32.5,Orthodox,7
AJ Fletcher,Welterweight,1499.7,1499.7,44.5,balanced,0.542,0.595,3.69,0.457,1.27,0.333,57.5,0.75,0.25,0.25,0.663,3.95,0.192,-2.27,0.81,37.47,0.124,29.3,Switch,4
Emil Meek,Welterweight,1497.8,1497.8,43.5,grappler,0.643,0.467,3.14,0.387,0.84,0.475,46.9,0.72,0.0,0.0,0.65,8.4,0.156,0.1,0.88,28.41,0.278,31.5,Switch,4
Impa Kasanganay,Welterweight,1495.3,1495.3,43.1,striker,0.364,0.728,4.07,0.593,1.21,0.667,37.0,0.47,0.25,0.5,0.701,2.77,0.123,1.78,0.57,32.35,0.528,27.7,Orthodox,4
Wellington Turman,Welterweight,1495.0,1495.0,42.6,balanced,0.559,0.581,3.49,0.452,1.46,0.429,72.0,0.7,0.111,0.333,0.599,3.88,0.24,-2.01,0.71,37.67,0.175,29.9,Orthodox,9
Niko Price,Welterweight,1493.2,1493.2,44.5,balanced,0.435,0.776,4.94,0.483,1.09,0.5,39.6,0.6,0.286,0.429,0.615,6.81,0.132,-4.12,0.85,45.59,0.347,36.7,Orthodox,21
Albert Duraev,Welterweight,1493.0,1493.0,42.5,wrestler,0.669,0.498,3.46,0.595,1.62,0.667,63.0,0.37,0.0,0.5,0.625,8.92,0.21,-4.25,0.53,30.14,0.753,34.5,Orthodox,4
Mounir Lazzez,Welterweight,1490.4,1490.4,44.5,balanced,0.558,0.782,5.62,0.535,1.61,0.714,49.9,0.22,0.0,0.5,0.619,3.9,0.166,11.35,0.38,32.91,0.341,35.2,Orthodox,4
Francisco Prado,Welterweight,1489.1,1489.1,43.8,balanced,0.431,0.614,3.83,0.542,0.95,0.4,49.2,0.66,0.167,0.0,0.552,6.46,0.164,-5.27,0.85,38.56,0.1,24.0,Orthodox,6
Preston Parsons,Welterweight,1488.5,1488.5,44.3,grappler,0.95,0.557,3.63,0.549,2.65,0.714,76.0,1.56,0.0,0.333,0.631,8.26,0.253,-2.62,1.59,32.33,0.251,29.5,Orthodox,6
Kevin Jousset,Welterweight,1487.3,1487.3,44.8,striker,0.38,0.872,5.34,0.51,0.97,1.0,34.9,0.43,0.25,0.25,0.59,2.45,0.116,1.25,0.52,50.16,0.291,33.1,Orthodox,4
Dwight Grant,Welterweight,1485.1,1485.1,41.4,balanced,0.4,0.571,3.34,0.61,0.91,0.655,21.5,0.15,0.125,0.25,0.642,5.01,0.072,5.12,0.57,22.64,0.628,37.8,Switch,8
Andre Fialho,Welterweight,1483.3,1483.3,39.7,balanced,0.396,0.621,3.46,0.458,0.67,0.667,23.6,0.16,0.286,0.571,0.673,2.65,0.079,-17.11,0.53,39.08,0.621,29.5,Orthodox,7
Miguel Baeza,Welterweight,1481.2,1481.2,43.8,grappler,0.614,0.659,4.08,0.493,0.73,0.444,26.4,1.45,0.429,0.286,0.496,3.93,0.088,3.41,1.69,49.47,0.329,33.8,Orthodox,7
Ange Loosa,Welterweight,1475.0,1475.0,43.9,wrestler,0.741,0.665,4.91,0.525,2.26,0.778,63.5,0.18,0.0,0.167,0.609,8.25,0.212,-13.26,0.41,51.12,0.228,32.2,Orthodox,6
Omar Morales,Welterweight,1472.5,1472.5,39.2,balanced,0.455,0.539,3.38,0.589,0.83,0.625,36.3,0.16,0.0,0.286,0.644,3.42,0.121,-0.23,0.38,22.03,0.413,37.4,Orthodox,7
Pawel Pawlak,Welterweight,1471.6,1471.6,39.0,balanced,0.433,0.474,2.86,0.539,1.24,0.7,38.7,0.25,0.0,0.0,0.57,4.02,0.129,-2.03,0.44,24.04,0.318,26.4,Orthodox,3
Ricky Glenn,Welterweight,1470.6,1470.6,39.7,balanced,0.393,0.629,3.86,0.512,0.86,0.694,52.8,0.4,0.091,0.182,0.62,11.41,0.176,-8.49,0.68,41.04,0.311,37.2,Southpaw,11
Takashi Sato,Welterweight,1468.4,1468.4,36.8,balanced,0.365,0.565,2.77,0.441,1.0,0.609,27.2,0.16,0.286,0.429,0.723,6.85,0.091,-7.18,0.53,26.61,0.366,32.9,Southpaw,7
Seth Baczynski,Welterweight,1467.6,1467.6,39.1,balanced,0.446,0.526,3.26,0.514,1.04,0.484,54.0,0.66,0.273,0.273,0.657,4.92,0.18,0.05,0.87,22.1,0.369,33.5,Orthodox,11
Alessio Di Chirico,Welterweight,1464.9,1464.9,39.0,balanced,0.417,0.604,3.44,0.615,1.45,0.833,33.4,0.12,0.182,0.273,0.667,2.83,0.111,-1.73,0.46,24.34,0.336,32.7,Orthodox,11
Leo Kuntz,Welterweight,1464.8,1464.8,37.2,grappler,0.685,0.442,3.06,0.459,1.61,0.333,59.2,0.51,0.0,0.5,0.662,4.1,0.197,-4.67,0.71,34.78,0.404,32.2,Orthodox,2
Dhiego Lima,Welterweight,1462.9,1462.9,37.3,balanced,0.466,0.562,3.29,0.582,1.3,0.735,40.3,0.58,0.091,0.455,0.637,6.93,0.134,-4.06,0.78,33.0,0.656,32.4,Orthodox,11
Darian Weeks,Welterweight,1460.4,1460.4,40.5,wrestler,0.63,0.602,4.07,0.52,1.67,1.0,51.6,0.25,0.0,0.0,0.562,3.6,0.172,-1.75,0.44,32.61,0.175,28.8,Orthodox,3
Mickey Gall,Welterweight,1460.4,1460.4,40.7,grappler,0.711,0.562,3.56,0.496,1.21,0.375,44.7,1.31,0.385,0.231,0.752,5.34,0.149,-5.0,1.37,39.97,0.531,32.8,Switch,13
Augusto Montano,Welterweight,1458.7,1458.7,37.6,balanced,0.254,0.609,3.63,0.567,0.81,0.667,34.1,0.25,0.333,0.333,0.51,3.9,0.114,2.13,0.44,28.18,0.175,31.9,Orthodox,3
Christian Aguilera,Welterweight,1455.7,1455.7,34.5,balanced,0.247,0.538,3.23,0.488,0.81,0.6,32.2,0.25,0.333,0.667,0.618,3.17,0.107,-3.1,0.44,22.72,0.175,29.5,Switch,3
Josh Quinlan,Welterweight,1452.4,1452.4,36.5,striker,0.227,0.731,3.7,0.537,0.8,0.667,29.7,0.26,0.25,0.25,0.572,2.75,0.099,-18.92,0.51,47.67,0.274,33.4,Orthodox,4
Billy Ray Goff,Welterweight,1446.4,1446.4,39.3,striker,0.336,0.915,5.37,0.591,1.0,0.5,57.3,0.3,0.333,0.333,0.569,3.32,0.191,9.15,0.67,46.85,0.142,28.0,Switch,3
Pete Rodriguez,Welterweight,1439.9,1439.9,35.3,striker,0.192,0.946,6.12,0.43,0.81,1.0,30.9,0.25,0.333,0.667,0.583,4.45,0.103,-5.89,0.87,40.61,1.032,27.2,Switch,3
Gilbert Urbina,Welterweight,1435.1,1435.1,36.1,grappler,0.774,0.748,4.66,0.446,2.14,0.0,54.6,0.58,0.25,0.75,0.622,10.77,0.182,-2.65,1.13,27.79,0.903,29.3,Orthodox,4
Adam Fugitt,Welterweight,1431.0,1431.0,33.3,balanced,0.391,0.667,4.43,0.514,1.55,0.5,39.2,0.18,0.167,0.667,0.507,3.2,0.131,-2.54,0.31,42.07,0.941,37.0,Southpaw,6
Sasha Palatnikov,Welterweight,1422.9,1422.9,34.7,striker,0.478,0.887,5.19,0.523,1.02,0.706,48.7,0.3,0.333,0.667,0.688,6.66,0.162,5.17,0.41,39.23,0.356,37.3,Switch,3
Orion Cosce,Welterweight,1421.6,1421.6,31.0,wrestler,0.807,0.493,3.16,0.414,1.71,0.333,89.8,0.3,0.0,0.667,0.631,5.01,0.299,-9.62,0.41,37.08,0.509,31.9,Switch,3
Dominic Waters,Welterweight,1420.8,1420.8,31.3,wrestler,0.869,0.334,2.35,0.396,2.56,0.286,78.6,0.25,0.0,0.333,0.713,3.53,0.262,-2.83,0.44,25.98,0.175,27.1,Orthodox,3
Zelim Imadaev,Welterweight,1416.6,1416.6,29.3,balanced,0.507,0.534,3.57,0.438,0.88,0.6,50.3,0.3,0.0,0.667,0.623,2.8,0.168,-6.72,0.41,31.94,0.303,31.4,Orthodox,3
Antonio Arroyo,Welterweight,1416.6,1416.6,30.7,balanced,0.508,0.59,3.1,0.544,0.96,0.448,45.6,0.25,0.0,0.333,0.604,4.6,0.152,1.97,0.44,21.47,0.318,32.2,Orthodox,3
Mike Jackson,Welterweight,1416.1,1416.1,32.0,striker,0.455,0.801,4.28,0.62,0.98,0.889,64.8,0.26,0.0,0.5,0.724,6.95,0.216,3.58,0.36,30.07,0.874,41.2,Orthodox,4
Blood Diamond,Welterweight,1409.5,1409.5,28.5,striker,0.212,0.753,3.66,0.49,0.71,0.737,36.4,0.3,0.0,0.333,0.545,2.8,0.121,3.97,0.41,31.21,0.142,37.9,Switch,3
Yohan Lainesse,Welterweight,1407.1,1407.1,27.0,balanced,0.418,0.549,2.97,0.589,1.21,0.727,33.7,0.47,0.0,0.75,0.523,3.41,0.112,-6.76,0.81,24.82,0.153,31.4,Orthodox,4
Aalon Cruz,Welterweight,1406.1,1406.1,22.7,balanced,0.274,0.375,2.72,0.293,0.95,0.0,36.2,0.29,0.0,1.0,0.759,3.7,0.121,-3.37,0.51,50.38,0.704,31.5,Switch,2
Hayder Hassan,Welterweight,1396.6,1396.6,23.2,balanced,0.264,0.564,3.21,0.481,0.95,0.25,33.6,0.29,0.0,1.0,0.647,3.7,0.112,0.13,0.51,24.72,0.204,33.2,nan,2
Jordan Wright,Welterweight,1391.6,1391.6,28.6,wrestler,0.69,0.691,3.99,0.32,1.87,1.0,44.7,0.43,0.286,0.571,0.592,6.18,0.149,-3.92,0.8,36.08,0.632,31.4,Orthodox,7
Kiefer Crosbie,Welterweight,1389.2,1389.2,23.4,striker,0.203,0.801,4.24,0.467,0.71,0.4,34.0,0.3,0.0,1.0,0.573,2.8,0.113,5.38,0.41,42.23,0.142,36.2,Switch,3
Amanda Nunes,Women's Bantamweight,1742.9,1742.9,83.0,balanced,0.771,0.777,3.88,0.593,2.22,0.812,86.1,0.59,0.556,0.111,0.664,14.46,0.286,12.87,1.02,23.23,0.018,38.1,Orthodox,18
Norma Dumont,Women's Bantamweight,1671.2,1671.2,69.8,balanced,0.617,0.614,3.75,0.643,1.39,0.719,71.5,0.1,0.0,0.083,0.601,3.88,0.236,13.82,0.24,21.17,0.15,35.7,Orthodox,12
Ketlen Vieira,Women's Bantamweight,1669.8,1669.8,68.1,balanced,0.678,0.472,2.88,0.505,1.31,0.9,89.8,0.5,0.067,0.067,0.729,3.27,0.297,-6.53,0.51,25.56,0.072,34.8,Orthodox,15
Luana Santos,Women's Bantamweight,1661.5,1661.5,71.5,wrestler,0.913,0.518,3.11,0.64,1.8,0.857,114.8,0.88,0.429,0.0,0.592,2.68,0.371,3.98,0.87,28.74,0.04,26.2,Orthodox,7
Raquel Pennington,Women's Bantamweight,1661.3,1661.3,68.5,striker,0.475,0.738,3.96,0.611,0.9,0.625,68.2,0.57,0.158,0.053,0.582,5.29,0.226,3.08,0.62,28.65,0.017,37.8,Orthodox,19
Germaine de Randamie,Women's Bantamweight,1656.6,1656.6,65.8,balanced,0.231,0.587,2.9,0.647,0.26,0.661,33.3,0.37,0.4,0.1,0.514,2.46,0.111,1.52,0.52,21.44,0.048,42.2,Orthodox,10
Ailin Perez,Women's Bantamweight,1653.5,1653.5,68.2,wrestler,0.954,0.528,3.1,0.565,3.55,0.727,110.0,0.25,0.143,0.143,0.594,11.62,0.364,3.44,0.38,18.05,0.036,31.7,Switch,7
Joselyne Edwards,Women's Bantamweight,1647.6,1647.6,67.7,balanced,0.54,0.684,4.2,0.5,1.25,0.62,60.4,0.5,0.308,0.0,0.435,5.26,0.2,18.45,0.58,24.22,0.091,30.7,Orthodox,13
Irene Aldana,Women's Bantamweight,1636.0,1636.0,65.8,striker,0.312,0.831,4.73,0.563,0.4,0.778,20.9,0.26,0.286,0.0,0.676,4.78,0.068,-16.94,0.43,52.81,0.078,38.2,Orthodox,14
Kayla Harrison,Women's Bantamweight,1728.9,1635.9,82.7,wrestler,0.852,0.563,3.69,0.66,1.85,1.0,110.1,0.6,0.667,0.0,0.649,16.66,0.362,3.12,0.62,21.38,0.057,36.0,Southpaw,3
Julianna Pena,Women's Bantamweight,1630.2,1630.2,64.0,balanced,0.693,0.556,3.26,0.572,1.5,0.241,75.3,0.66,0.333,0.25,0.742,9.77,0.251,-1.39,0.65,27.18,0.315,36.8,Orthodox,12
Yana Santos,Women's Bantamweight,1626.9,1626.9,62.3,striker,0.557,0.779,4.06,0.528,0.89,0.516,81.6,0.17,0.0,0.25,0.402,3.96,0.27,8.06,0.25,28.76,0.166,36.6,Orthodox,12
Julianna Peña,Women's Bantamweight,1626.5,1626.5,63.4,balanced,0.71,0.586,3.13,0.572,1.56,0.241,79.4,0.65,0.333,0.25,0.63,6.1,0.18,0.0,0.75,29.7,0.27,36.8,Orthodox,12
Michelle Montague,Women's Bantamweight,1626.3,1626.3,63.4,wrestler,0.889,0.502,3.28,0.417,2.04,0.0,117.6,0.27,0.0,0.0,0.702,12.17,0.386,-4.98,0.3,27.44,0.066,32.6,Southpaw,2
Felicia Spencer,Women's Bantamweight,1606.7,1606.7,61.0,balanced,0.5,0.591,3.42,0.454,1.07,0.273,75.5,0.27,0.5,0.0,0.655,9.08,0.252,-18.62,0.29,38.87,0.067,35.6,Orthodox,6
Holly Holm,Women's Bantamweight,1606.2,1606.2,58.3,balanced,0.49,0.537,3.05,0.55,0.92,0.763,68.3,0.12,0.125,0.188,0.495,3.47,0.226,5.84,0.22,23.33,0.064,44.7,Southpaw,16
Jacqueline Cavalcanti,Women's Bantamweight,1606.0,1606.0,60.0,striker,0.175,0.777,4.6,0.686,0.53,0.857,33.0,0.16,0.0,0.0,0.535,2.4,0.107,21.31,0.18,25.47,0.04,28.8,Orthodox,6
Megan Anderson,Women's Bantamweight,1601.3,1601.3,56.1,balanced,0.375,0.547,2.55,0.37,0.67,0.538,38.5,0.46,0.5,0.333,0.658,4.47,0.128,-4.22,0.62,27.95,0.067,36.4,Orthodox,6
Bia Mesquita,Women's Bantamweight,1591.5,1591.5,66.5,grappler,0.995,0.555,3.57,0.806,2.04,0.0,97.9,1.09,1.0,0.0,0.715,19.34,0.301,1.52,0.97,21.44,0.066,35.2,Orthodox,3
Melissa Croden,Women's Bantamweight,1587.5,1587.5,59.9,balanced,0.642,0.63,3.83,0.594,1.61,0.667,72.4,0.37,0.333,0.0,0.645,8.86,0.237,7.88,0.54,25.95,0.057,35.2,nan,3
Karol Rosa,Women's Bantamweight,1567.3,1567.3,57.5,balanced,0.641,0.762,5.33,0.497,1.2,0.704,83.5,0.22,0.0,0.0,0.589,7.75,0.276,9.26,0.36,37.23,0.087,31.5,Orthodox,13
Lauren Murphy,Women's Bantamweight,1563.2,1563.2,54.2,balanced,0.443,0.58,3.78,0.568,1.12,0.673,55.3,0.24,0.2,0.067,0.715,6.9,0.183,-18.2,0.31,44.93,0.021,42.9,Orthodox,15
Sara McMann,Women's Bantamweight,1554.4,1554.4,51.8,wrestler,0.951,0.439,2.48,0.441,2.71,0.25,128.3,0.46,0.231,0.385,0.635,10.65,0.427,-3.38,0.51,24.58,0.203,45.7,Orthodox,13
Aspen Ladd,Women's Bantamweight,1552.4,1552.4,54.0,balanced,0.647,0.645,3.76,0.47,1.32,0.625,76.9,0.51,0.429,0.143,0.715,12.84,0.256,-13.31,0.58,33.38,0.167,31.3,Orthodox,7
Macy Chiasson,Women's Bantamweight,1548.2,1548.2,51.8,balanced,0.648,0.585,3.03,0.449,1.6,0.625,87.5,0.36,0.357,0.143,0.559,8.4,0.29,0.56,0.51,24.31,0.091,34.9,Orthodox,14
Nora Cornolle,Women's Bantamweight,1545.2,1545.2,49.8,balanced,0.347,0.581,2.9,0.562,0.65,0.476,49.2,0.28,0.333,0.167,0.477,2.64,0.161,2.43,0.42,22.71,0.04,36.5,Orthodox,6
Luana Carolina,Women's Bantamweight,1538.7,1538.7,50.0,striker,0.451,0.78,4.09,0.521,0.61,0.653,54.1,0.5,0.1,0.2,0.551,4.93,0.178,9.09,0.59,28.81,0.105,33.0,Orthodox,10
Miesha Tate,Women's Bantamweight,1529.9,1529.9,48.4,balanced,0.614,0.532,2.97,0.52,1.3,0.587,83.7,0.72,0.214,0.214,0.634,7.43,0.277,-2.26,0.79,30.68,0.075,39.8,Orthodox,14
Alexis Davis,Women's Bantamweight,1525.4,1525.4,49.4,striker,0.614,0.732,4.07,0.551,0.97,0.273,83.3,0.66,0.071,0.143,0.528,7.19,0.277,-5.1,0.65,42.05,0.037,41.7,Orthodox,14
Mayra Bueno Silva,Women's Bantamweight,1514.0,1514.0,46.6,balanced,0.44,0.575,3.31,0.516,0.63,0.633,44.2,0.96,0.286,0.071,0.507,3.2,0.146,-8.91,0.97,37.28,0.022,34.8,Orthodox,14
Daria Zhelezniakova,Women's Bantamweight,1510.5,1510.5,45.4,striker,0.413,0.683,3.79,0.641,0.81,0.5,37.8,0.2,0.0,0.25,0.639,3.15,0.122,9.04,0.22,33.03,0.05,30.4,Orthodox,4
Josiane Nunes,Women's Bantamweight,1509.8,1509.8,45.9,striker,0.155,0.863,4.88,0.519,0.36,0.583,30.8,0.15,0.167,0.167,0.645,3.38,0.103,-6.44,0.56,47.05,0.196,32.5,Southpaw,6
Klaudia Sygula,Women's Bantamweight,1551.2,1509.7,51.8,striker,0.27,0.838,5.25,0.562,0.69,0.4,42.2,0.22,0.0,0.333,0.658,3.65,0.141,9.88,0.25,44.27,0.096,27.5,Orthodox,3
Bea Malecki,Women's Bantamweight,1510.0,1509.7,49.0,grappler,0.517,0.633,5.07,0.621,0.51,0.786,50.9,0.69,0.333,0.333,0.624,5.96,0.17,-7.63,0.68,48.94,0.31,34.8,Orthodox,3
Chelsea Chandler,Women's Bantamweight,1508.4,1508.4,46.1,balanced,0.618,0.56,3.42,0.403,1.02,0.286,75.5,0.16,0.333,0.167,0.653,7.82,0.247,-8.06,0.2,31.2,0.196,35.6,Southpaw,6
Pannie Kianzad,Women's Bantamweight,1503.5,1503.5,44.8,striker,0.337,0.782,4.58,0.514,0.54,0.656,43.0,0.18,0.0,0.182,0.676,2.51,0.143,5.05,0.19,39.12,0.265,34.5,Orthodox,11
Julia Avila,Women's Bantamweight,1501.9,1501.9,44.5,balanced,0.487,0.524,2.91,0.555,0.86,0.526,57.7,0.27,0.333,0.167,0.593,3.41,0.189,-0.5,0.4,33.19,0.04,38.1,Orthodox,6
Marion Reneau,Women's Bantamweight,1500.2,1500.2,45.7,balanced,0.508,0.549,3.33,0.599,0.68,0.5,38.5,0.69,0.308,0.077,0.657,6.47,0.128,-5.77,0.68,26.87,0.103,49.0,Orthodox,13
Bethe Correia,Women's Bantamweight,1497.8,1497.8,43.3,striker,0.263,0.744,4.21,0.56,0.52,0.857,40.6,0.09,0.083,0.25,0.584,1.66,0.135,-2.62,0.11,43.75,0.178,43.0,Orthodox,12
Stephanie Egger,Women's Bantamweight,1490.3,1490.3,44.2,grappler,0.791,0.46,2.76,0.521,1.9,0.5,66.3,0.49,0.429,0.286,0.648,6.42,0.221,-9.42,0.45,21.63,0.061,37.9,Orthodox,7
Melissa Mullins,Women's Bantamweight,1482.8,1482.8,41.9,balanced,0.664,0.585,3.41,0.529,1.58,0.857,96.1,0.18,0.2,0.4,0.709,8.7,0.308,-7.16,0.22,32.13,0.35,34.9,Orthodox,5
Lina Lansberg,Women's Bantamweight,1479.7,1479.7,38.8,balanced,0.479,0.572,2.97,0.441,0.62,0.474,70.6,0.18,0.0,0.273,0.551,5.95,0.235,-10.2,0.34,32.82,0.045,44.3,Orthodox,11
Montse Rendon,Women's Bantamweight,1476.6,1476.6,40.2,balanced,0.59,0.444,3.16,0.573,1.56,0.857,71.8,0.35,0.0,0.25,0.642,4.95,0.235,-3.71,0.37,30.03,0.05,37.3,Orthodox,4
Vanessa Melo,Women's Bantamweight,1466.6,1466.6,38.2,striker,0.156,0.623,3.61,0.592,0.45,0.714,28.6,0.19,0.0,0.0,0.654,3.03,0.095,-16.62,0.22,46.88,0.084,38.2,Orthodox,4
Tainara Lisboa,Women's Bantamweight,1465.8,1465.8,37.1,balanced,0.543,0.486,2.75,0.456,1.48,0.533,66.9,0.34,0.25,0.5,0.601,3.28,0.219,-4.81,0.36,31.01,0.186,35.3,Orthodox,4
Priscila Cachoeira,Women's Bantamweight,1459.5,1459.5,37.0,balanced,0.31,0.675,3.79,0.458,0.47,0.696,20.4,0.09,0.286,0.429,0.711,3.37,0.069,-14.57,0.36,67.46,0.278,37.8,Orthodox,14
Tamires Vidal,Women's Bantamweight,1442.6,1442.6,33.5,balanced,0.298,0.614,3.33,0.495,0.45,0.357,43.5,0.53,0.25,0.5,0.486,2.78,0.145,-9.27,0.67,34.98,0.084,27.9,Orthodox,4
Jessica-Rose Clark,Women's Bantamweight,1437.8,1437.8,36.4,balanced,0.668,0.611,3.73,0.582,1.43,0.625,90.8,0.31,0.111,0.333,0.646,7.58,0.303,-5.63,0.31,34.85,0.052,38.6,Orthodox,9
Sarah Moras,Women's Bantamweight,1437.3,1437.3,34.4,balanced,0.439,0.451,2.73,0.505,0.74,0.333,51.6,0.67,0.222,0.111,0.666,8.37,0.172,-10.25,0.65,38.29,0.225,38.1,Orthodox,9
Wu Yanan,Women's Bantamweight,1423.1,1423.1,33.6,striker,0.374,0.704,4.03,0.499,0.73,0.632,50.4,0.27,0.167,0.167,0.553,3.18,0.168,-5.37,0.29,43.7,0.067,30.2,Orthodox,6
Irina Alekseeva,Women's Bantamweight,1421.0,1421.0,31.8,balanced,0.379,0.529,3.27,0.455,0.82,0.5,44.3,0.37,0.25,0.25,0.552,3.34,0.144,-2.86,0.56,40.0,0.05,36.0,Orthodox,4
Ashlee Evans-Smith,Women's Bantamweight,1410.4,1410.4,31.0,striker,0.308,0.679,3.94,0.539,0.93,0.5,41.3,0.12,0.111,0.222,0.545,5.23,0.138,-8.43,0.13,40.27,0.142,38.9,Orthodox,9
Ramona Pascual,Women's Bantamweight,1406.5,1406.5,29.4,balanced,0.41,0.619,3.8,0.462,1.29,1.0,50.2,0.22,0.0,0.333,0.522,3.72,0.167,-31.42,0.25,41.68,0.647,37.7,Southpaw,3
Hailey Cowan,Women's Bantamweight,1401.6,1401.6,28.1,wrestler,0.808,0.473,3.21,0.38,1.67,1.0,90.5,0.23,0.0,0.667,0.595,4.53,0.297,-1.1,0.26,29.09,0.241,34.4,Southpaw,3
Valentina Shevchenko,Women's Flyweight,1828.4,1828.4,90.0,wrestler,0.903,0.576,3.12,0.635,2.37,0.764,86.8,0.3,0.316,0.053,0.656,8.02,0.289,9.85,0.39,13.72,0.048,38.3,Southpaw,19
Erin Blanchfield,Women's Flyweight,1810.8,1810.8,92.8,grappler,0.86,0.59,4.65,0.588,1.73,0.783,95.7,0.68,0.444,0.0,0.69,10.46,0.319,2.17,0.72,37.93,0.026,27.1,Orthodox,9
Natalia Silva,Women's Flyweight,1802.5,1802.5,88.5,striker,0.295,0.815,4.37,0.663,0.76,0.903,33.2,0.13,0.25,0.0,0.602,3.69,0.111,24.35,0.36,21.32,0.028,29.4,Southpaw,8
Manon Fiorot,Women's Flyweight,1785.5,1785.5,88.3,striker,0.367,0.846,4.95,0.669,1.15,0.875,47.4,0.12,0.333,0.0,0.651,4.53,0.158,17.78,0.24,27.7,0.103,36.3,Orthodox,9
Alexa Grasso,Women's Flyweight,1718.0,1718.0,75.9,striker,0.363,0.733,4.0,0.587,0.62,0.548,35.9,0.59,0.2,0.067,0.626,2.96,0.12,3.59,0.73,36.79,0.018,32.9,Orthodox,15
Rose Namajunas,Women's Flyweight,1715.1,1715.1,75.8,striker,0.514,0.724,3.42,0.637,1.4,0.621,57.7,0.34,0.263,0.105,0.705,5.07,0.192,2.6,0.6,25.02,0.014,34.0,Orthodox,19
Jasmine Jasudavicius,Women's Flyweight,1706.1,1706.1,76.0,wrestler,0.885,0.495,3.37,0.517,2.13,0.75,119.7,0.52,0.25,0.083,0.675,9.76,0.399,-6.54,0.62,29.14,0.021,37.3,Orthodox,12
Taila Santos,Women's Flyweight,1683.9,1683.9,73.5,grappler,0.975,0.528,3.28,0.573,1.83,0.853,96.3,1.0,0.143,0.0,0.558,6.81,0.321,-0.08,1.29,26.12,0.044,33.0,Orthodox,7
Maycee Barber,Women's Flyweight,1672.7,1672.7,72.0,wrestler,0.718,0.63,3.97,0.575,1.42,0.481,64.4,0.16,0.308,0.077,0.708,10.6,0.215,3.31,0.19,22.77,0.163,28.1,Switch,13
Tracy Cortez,Women's Flyweight,1671.4,1671.4,70.9,grappler,0.869,0.543,3.85,0.576,1.77,0.581,91.4,0.37,0.0,0.125,0.657,11.21,0.305,0.91,0.41,29.99,0.188,32.5,Orthodox,8
Miranda Maverick,Women's Flyweight,1640.5,1640.5,67.3,wrestler,0.815,0.498,3.33,0.617,1.94,0.452,82.4,0.37,0.25,0.0,0.575,6.31,0.275,9.94,0.4,24.86,0.089,29.0,Southpaw,12
Casey O'Neill,Women's Flyweight,1640.4,1640.4,69.4,striker,0.52,0.943,6.08,0.576,1.33,0.7,67.5,0.55,0.5,0.125,0.729,12.43,0.225,19.93,0.7,46.66,0.028,28.7,Orthodox,8
Wang Cong,Women's Flyweight,1639.5,1639.5,66.5,striker,0.437,0.93,4.93,0.635,0.93,0.842,39.4,0.31,0.2,0.2,0.532,4.49,0.131,29.94,0.79,21.98,0.176,34.1,Southpaw,5
Katlyn Cerminara,Women's Flyweight,1625.2,1625.2,61.9,striker,0.235,0.712,4.43,0.623,0.5,0.5,29.6,0.35,0.0,0.118,0.612,3.73,0.098,0.71,0.4,34.44,0.073,37.5,Orthodox,17
Karine Silva,Women's Flyweight,1608.9,1608.9,62.4,wrestler,0.862,0.435,2.79,0.537,1.83,0.294,66.3,1.02,0.375,0.0,0.499,4.22,0.221,-0.32,1.17,23.62,0.028,32.5,Orthodox,8
JJ Aldrich,Women's Flyweight,1607.3,1607.3,59.4,striker,0.351,0.727,3.87,0.619,0.84,0.675,52.2,0.07,0.059,0.118,0.78,5.33,0.174,-4.33,0.1,32.15,0.016,33.7,Southpaw,17
Viviane Araujo,Women's Flyweight,1597.2,1597.2,59.6,balanced,0.59,0.609,3.83,0.559,1.62,0.75,59.9,0.57,0.077,0.0,0.709,2.45,0.2,-6.44,0.63,42.93,0.085,39.6,Orthodox,13
Jennifer Maia,Women's Flyweight,1594.7,1594.7,58.3,striker,0.327,0.704,4.21,0.557,0.63,0.585,44.1,0.19,0.083,0.0,0.695,1.49,0.147,-4.18,0.2,39.08,0.03,37.7,Orthodox,12
Eduarda Moura,Women's Flyweight,1589.2,1589.2,59.7,wrestler,0.846,0.459,3.18,0.585,2.56,0.8,96.0,0.29,0.2,0.0,0.771,9.89,0.32,0.63,0.35,23.27,0.156,32.3,Orthodox,5
Melissa Gatto,Women's Flyweight,1587.8,1587.8,59.5,balanced,0.559,0.644,3.59,0.544,1.57,0.588,71.0,0.43,0.5,0.0,0.569,3.27,0.237,8.61,0.54,24.63,0.049,30.1,Orthodox,6
Dione Barbosa,Women's Flyweight,1584.2,1584.2,58.9,grappler,0.832,0.455,2.96,0.64,1.87,0.667,68.6,0.87,0.2,0.0,0.619,3.79,0.229,-3.0,0.89,25.38,0.054,34.1,Orthodox,5
Jamey-Lyn Horth,Women's Flyweight,1572.3,1572.3,55.9,striker,0.432,0.729,3.79,0.639,1.09,0.806,47.6,0.28,0.143,0.0,0.557,1.93,0.159,6.78,0.3,27.15,0.044,36.2,Orthodox,7
Cortney Casey,Women's Flyweight,1559.0,1559.0,53.3,striker,0.292,0.72,4.18,0.552,0.58,0.396,25.2,0.48,0.2,0.067,0.668,5.86,0.084,1.8,0.48,35.1,0.086,39.1,Orthodox,15
Carli Judice,Women's Flyweight,1643.5,1558.9,69.9,striker,0.413,0.941,6.22,0.596,0.99,0.828,38.7,0.25,0.5,0.0,0.652,3.14,0.129,24.56,0.58,39.21,0.061,27.3,Southpaw,4
Veronica Hardy,Women's Flyweight,1552.2,1552.2,50.5,balanced,0.463,0.544,3.26,0.503,0.95,0.516,43.6,0.39,0.1,0.2,0.641,5.17,0.146,4.48,0.48,29.17,0.035,30.6,Southpaw,10
Antonina Shevchenko,Women's Flyweight,1548.0,1548.0,51.4,balanced,0.543,0.605,3.55,0.528,0.74,0.485,63.4,0.48,0.25,0.25,0.632,5.99,0.211,7.58,0.48,32.14,0.041,41.6,Southpaw,8
Nina Nunes,Women's Flyweight,1545.7,1545.7,51.3,striker,0.363,0.734,4.2,0.556,0.56,0.737,41.4,0.49,0.111,0.111,0.578,3.87,0.138,11.08,0.5,31.66,0.038,40.5,Orthodox,9
Montana De La Rosa,Women's Flyweight,1541.9,1541.9,52.4,grappler,0.843,0.457,3.12,0.453,1.7,0.684,84.9,0.74,0.333,0.083,0.686,6.27,0.283,-3.0,0.79,30.06,0.03,31.3,Orthodox,12
Andrea Lee,Women's Flyweight,1540.0,1540.0,53.1,balanced,0.575,0.65,4.43,0.615,1.57,0.538,48.0,0.58,0.143,0.0,0.484,4.85,0.16,2.93,0.65,35.98,0.027,37.4,Orthodox,14
Joanne Wood,Women's Flyweight,1538.7,1538.7,52.7,balanced,0.581,0.785,6.47,0.515,1.48,0.588,54.3,0.35,0.118,0.294,0.47,4.53,0.181,21.92,0.54,41.03,0.148,40.5,Orthodox,17
Maryna Moroz,Women's Flyweight,1534.1,1534.1,50.3,striker,0.424,0.685,4.25,0.519,0.85,0.429,59.3,0.57,0.167,0.083,0.622,5.84,0.198,-4.38,0.57,38.85,0.176,34.8,Orthodox,12
Paige VanZant,Women's Flyweight,1533.0,1533.0,49.6,balanced,0.629,0.625,3.48,0.426,1.28,0.344,78.0,0.81,0.444,0.333,0.62,10.59,0.26,-1.2,0.8,24.74,0.038,32.2,Orthodox,9
Justine Kish,Women's Flyweight,1527.3,1527.3,48.3,striker,0.369,0.767,4.24,0.577,1.02,0.5,41.8,0.27,0.0,0.143,0.499,3.17,0.139,0.65,0.38,38.66,0.135,38.2,Orthodox,7
Roxanne Modafferi,Women's Flyweight,1526.2,1526.2,48.6,balanced,0.532,0.504,3.48,0.523,1.3,0.3,74.4,0.19,0.083,0.0,0.783,4.46,0.248,-22.99,0.26,57.17,0.152,43.7,Orthodox,12
Gabriella Fernandes,Women's Flyweight,1521.9,1521.9,46.3,striker,0.276,0.717,3.62,0.531,0.83,0.69,34.7,0.27,0.167,0.167,0.651,2.79,0.116,-7.14,0.45,38.29,0.153,32.9,Southpaw,6
Ariane da Silva,Women's Flyweight,1512.9,1512.9,45.5,striker,0.374,0.73,3.99,0.506,0.65,0.68,42.3,0.33,0.143,0.286,0.519,4.0,0.141,-0.88,0.52,36.36,0.16,32.4,Orthodox,14
Jessica Eye,Women's Flyweight,1511.6,1511.6,46.2,striker,0.403,0.685,3.84,0.558,0.72,0.571,42.9,0.46,0.062,0.062,0.602,2.1,0.143,1.66,0.46,36.66,0.124,39.9,Orthodox,16
Sijara Eubanks,Women's Flyweight,1506.4,1506.4,47.7,balanced,0.691,0.62,4.15,0.571,1.72,0.667,88.1,0.38,0.1,0.1,0.714,10.46,0.293,2.94,0.46,36.06,0.111,41.1,Orthodox,10
Lara Procopio,Women's Flyweight,1503.9,1503.9,46.8,wrestler,0.825,0.634,4.57,0.471,2.08,0.5,74.7,0.43,0.0,0.333,0.629,3.84,0.249,-3.41,0.46,43.32,0.213,30.6,Orthodox,3
Juliana Miller,Women's Flyweight,1494.8,1494.8,44.7,grappler,0.844,0.463,3.15,0.447,1.77,0.444,84.6,0.89,0.2,0.2,0.648,5.96,0.282,-13.64,0.89,35.77,0.054,30.1,Orthodox,5
Vanessa Demopoulos,Women's Flyweight,1483.3,1483.3,40.2,striker,0.269,0.677,3.64,0.406,0.62,0.278,42.3,0.31,0.1,0.1,0.631,5.48,0.141,-21.38,0.4,50.93,0.117,37.7,Orthodox,10
Poliana Botelho,Women's Flyweight,1479.7,1479.7,40.8,balanced,0.542,0.607,3.22,0.542,1.01,0.769,55.5,0.18,0.143,0.286,0.546,4.43,0.185,0.28,0.33,24.82,0.044,37.5,Orthodox,7
Mariya Agapova,Women's Flyweight,1474.4,1474.4,42.5,grappler,0.713,0.686,4.58,0.544,0.97,0.467,38.3,0.88,0.333,0.667,0.629,7.52,0.127,8.45,1.04,26.82,0.049,29.2,Southpaw,6
Sabina Mazo,Women's Flyweight,1472.9,1472.9,42.9,striker,0.46,0.831,5.26,0.573,0.88,0.591,46.5,0.28,0.143,0.286,0.531,4.21,0.155,10.05,0.39,29.85,0.14,29.2,Orthodox,7
Tereza Bleda,Women's Flyweight,1472.5,1472.5,38.3,grappler,0.806,0.502,3.31,0.404,1.63,1.0,95.0,0.73,0.0,0.667,0.603,8.62,0.317,-8.09,0.68,28.61,0.253,24.6,Orthodox,3
Shanna Young,Women's Flyweight,1469.3,1469.3,37.8,striker,0.224,0.694,3.42,0.438,0.64,0.56,33.2,0.58,0.25,0.25,0.64,4.34,0.111,-0.94,0.58,36.06,0.061,35.3,Orthodox,4
Julija Stoliarenko,Women's Flyweight,1467.8,1467.8,38.9,grappler,0.605,0.432,3.06,0.466,0.94,0.545,36.7,1.13,0.222,0.333,0.611,1.97,0.123,-3.86,1.06,36.87,0.038,33.2,Orthodox,9
Lucie Pudilova,Women's Flyweight,1464.6,1464.6,39.6,balanced,0.516,0.564,3.64,0.503,0.85,0.679,62.9,0.57,0.091,0.091,0.707,6.73,0.21,-5.09,0.71,32.0,0.033,32.0,Orthodox,11
Ji Yeon Kim,Women's Flyweight,1448.8,1448.8,38.3,striker,0.191,0.783,4.91,0.561,0.37,0.5,38.1,0.22,0.1,0.0,0.705,1.58,0.127,0.17,0.31,43.28,0.035,36.7,Orthodox,10
Ivana Petrovic,Women's Flyweight,1447.3,1447.3,39.1,wrestler,0.808,0.428,2.84,0.561,1.7,0.611,79.0,0.65,0.25,0.0,0.619,5.74,0.263,-2.11,0.65,23.91,0.061,32.0,Southpaw,4
Shana Dobson,Women's Flyweight,1441.6,1441.6,35.4,striker,0.385,0.703,3.51,0.501,1.01,0.143,32.3,0.2,0.333,0.333,0.587,4.7,0.108,-5.65,0.36,35.6,0.187,37.2,Orthodox,6
Liana Jojua,Women's Flyweight,1438.7,1438.7,35.8,grappler,0.773,0.398,3.1,0.544,1.49,0.5,45.9,0.89,0.25,0.5,0.704,3.18,0.153,-14.92,0.84,40.41,0.061,31.2,Orthodox,4
Mara Romero Borella,Women's Flyweight,1431.3,1431.3,34.2,balanced,0.582,0.473,2.99,0.712,1.63,0.667,62.9,0.33,0.143,0.429,0.602,3.79,0.21,1.17,0.33,24.44,0.299,40.0,Orthodox,7
Mandy Bohm,Women's Flyweight,1427.1,1427.1,33.7,balanced,0.421,0.53,3.23,0.6,1.04,0.75,47.8,0.59,0.0,0.0,0.564,2.84,0.159,-3.41,0.6,27.18,0.355,36.9,Orthodox,3
Victoria Leonardo,Women's Flyweight,1423.1,1423.1,28.8,balanced,0.431,0.479,3.24,0.468,1.01,0.714,60.5,0.22,0.0,0.8,0.519,2.55,0.202,-15.99,0.25,37.29,0.425,36.3,Orthodox,5
Diana Belbita,Women's Flyweight,1416.5,1416.5,33.6,striker,0.405,0.844,5.56,0.515,1.0,0.641,33.8,0.17,0.0,0.375,0.577,3.16,0.113,1.56,0.29,56.11,0.041,30.0,Orthodox,8
Rachael Ostovich,Women's Flyweight,1414.3,1414.3,31.0,wrestler,0.691,0.462,3.16,0.578,1.65,0.667,33.7,0.65,0.25,0.75,0.602,2.57,0.112,-1.49,0.61,36.16,0.228,35.3,Orthodox,4
Brogan Walker,Women's Flyweight,1410.1,1410.1,29.2,balanced,0.529,0.446,2.95,0.475,1.17,0.111,47.1,0.28,0.0,0.333,0.527,3.27,0.157,-6.56,0.32,34.9,0.213,37.9,Switch,3
Gina Mazany,Women's Flyweight,1404.4,1404.4,31.7,wrestler,0.942,0.581,3.75,0.501,3.32,0.333,84.3,0.32,0.125,0.625,0.556,5.87,0.281,2.05,0.43,29.06,0.166,37.8,Southpaw,8
Emily Whitmire,Women's Flyweight,1402.7,1402.7,28.8,balanced,0.666,0.445,3.01,0.544,1.65,0.7,70.3,0.48,0.167,0.667,0.623,4.39,0.234,-3.59,0.42,23.93,0.049,35.1,Orthodox,6
Liang Na,Women's Flyweight,1360.0,1360.0,20.2,wrestler,0.808,0.436,2.88,0.368,2.44,0.25,56.0,0.51,0.0,1.0,0.58,2.61,0.187,2.7,0.46,36.85,0.248,29.9,Orthodox,4
Zhang Weili,Women's Strawweight,1768.5,1768.5,85.1,balanced,0.66,0.698,4.2,0.531,1.77,0.636,77.6,0.44,0.308,0.077,0.595,17.34,0.259,7.4,0.62,22.38,0.133,36.9,Switch,13
Tatiana Suarez,Women's Strawweight,1745.7,1745.7,82.9,wrestler,0.967,0.512,2.94,0.441,3.38,0.571,134.7,0.57,0.6,0.0,0.536,16.95,0.449,0.16,0.6,18.47,0.032,35.5,Southpaw,10
Gillian Robertson,Women's Strawweight,1685.3,1685.3,73.5,wrestler,0.91,0.495,2.71,0.56,2.38,0.389,125.3,0.75,0.5,0.1,0.663,15.52,0.418,-6.71,0.77,30.23,0.019,31.1,Orthodox,20
Virna Jandiroba,Women's Strawweight,1682.5,1682.5,72.8,grappler,0.979,0.43,2.57,0.555,2.68,0.727,111.4,1.14,0.308,0.0,0.755,3.64,0.372,-3.6,1.23,29.34,0.027,38.1,Orthodox,13
Yan Xiaonan,Women's Strawweight,1680.1,1680.1,71.0,striker,0.403,0.785,4.4,0.603,1.02,0.649,34.2,0.12,0.077,0.077,0.644,4.7,0.114,19.46,0.26,32.75,0.027,37.0,Orthodox,13
Denise Gomes,Women's Strawweight,1668.6,1668.6,70.3,balanced,0.627,0.688,3.65,0.457,1.55,0.659,76.3,0.66,0.375,0.0,0.528,7.27,0.255,3.89,1.01,22.55,0.038,26.5,Orthodox,8
Ketlen Souza,Women's Strawweight,1653.5,1653.5,66.6,balanced,0.386,0.667,3.94,0.527,0.76,0.536,55.9,0.27,0.286,0.143,0.567,2.11,0.186,2.85,0.43,28.69,0.054,31.8,Orthodox,7
Mackenzie Dern,Women's Strawweight,1645.0,1645.0,66.1,balanced,0.574,0.541,3.44,0.52,1.04,0.379,78.6,0.92,0.312,0.062,0.726,8.21,0.262,-7.36,1.04,30.5,0.329,33.2,Orthodox,16
Joanna Jedrzejczyk,Women's Strawweight,1642.3,1642.3,67.3,striker,0.352,0.892,5.8,0.628,0.49,0.801,29.0,0.12,0.133,0.133,0.496,1.57,0.097,29.4,0.17,32.55,0.153,38.8,Orthodox,15
Tabatha Ricci,Women's Strawweight,1636.1,1636.1,65.4,balanced,0.627,0.554,3.82,0.579,2.2,0.654,75.6,0.2,0.182,0.091,0.646,7.39,0.252,-10.09,0.24,41.05,0.103,31.3,Orthodox,11
Fatima Kline,Women's Strawweight,1660.2,1636.0,71.5,balanced,0.645,0.695,4.28,0.574,1.78,0.5,69.2,0.25,0.5,0.0,0.672,9.95,0.231,9.75,0.44,26.55,0.056,25.9,Orthodox,4
Loopy Godinez,Women's Strawweight,1633.3,1633.3,66.5,balanced,0.739,0.633,4.22,0.624,2.66,0.766,79.3,0.74,0.133,0.067,0.745,4.55,0.264,2.16,0.82,36.51,0.024,32.8,Orthodox,15
Alexia Thainara,Women's Strawweight,1631.5,1631.5,67.2,grappler,1.0,0.527,3.75,0.449,3.14,1.0,123.3,1.2,0.333,0.0,0.578,8.49,0.412,5.05,1.27,23.62,0.064,30.6,Orthodox,3
Carla Esparza,Women's Strawweight,1627.4,1627.4,62.4,wrestler,0.82,0.408,2.55,0.544,2.88,0.472,75.7,0.28,0.125,0.188,0.714,8.47,0.252,-6.77,0.29,31.75,0.027,38.7,Orthodox,16
Talita Alencar,Women's Strawweight,1623.1,1623.1,64.6,wrestler,0.816,0.462,3.57,0.54,2.14,1.0,79.0,0.49,0.2,0.0,0.616,8.36,0.263,-7.29,0.52,34.33,0.171,35.7,Orthodox,5
Iasmin Lucindo,Women's Strawweight,1621.8,1621.8,63.5,balanced,0.674,0.543,3.41,0.621,2.03,0.688,72.1,0.27,0.143,0.0,0.643,4.48,0.241,3.12,0.32,25.97,0.041,24.4,Orthodox,7
Amanda Lemos,Women's Strawweight,1617.8,1617.8,60.3,balanced,0.573,0.645,2.75,0.453,1.07,0.63,51.1,0.63,0.333,0.2,0.642,6.63,0.17,3.92,1.05,25.02,0.09,39.1,Southpaw,15
Jéssica Andrade,Women's Strawweight,1614.6,1614.6,64.5,balanced,0.622,0.865,5.48,0.542,1.85,0.75,61.4,0.31,0.3,0.3,0.63,6.1,0.18,0.0,0.75,29.7,0.27,34.7,Orthodox,30
Tecia Pennington,Women's Strawweight,1611.7,1611.7,61.5,striker,0.305,0.795,4.51,0.619,0.75,0.629,50.2,0.13,0.105,0.0,0.557,3.02,0.168,18.89,0.2,26.96,0.02,36.8,Orthodox,19
Jaqueline Amorim,Women's Strawweight,1606.4,1606.4,64.1,grappler,0.954,0.477,2.71,0.549,1.77,0.0,92.7,2.24,0.714,0.0,0.752,15.6,0.305,-0.68,2.18,26.42,0.184,31.0,Orthodox,7
Marina Rodriguez,Women's Strawweight,1601.0,1601.0,58.6,striker,0.319,0.777,4.08,0.559,0.5,0.612,26.6,0.31,0.133,0.133,0.585,5.19,0.089,12.37,0.44,27.22,0.024,39.1,Orthodox,15
Piera Rodriguez,Women's Strawweight,1600.8,1600.8,61.2,wrestler,0.901,0.583,4.14,0.516,3.15,0.818,79.2,0.13,0.0,0.143,0.563,4.58,0.264,1.48,0.26,34.11,0.049,33.6,Orthodox,7
Mizuki,Women's Strawweight,1596.4,1596.4,58.9,striker,0.526,0.789,4.13,0.498,1.2,0.808,80.2,0.25,0.0,0.0,0.683,7.03,0.268,-1.12,0.43,33.49,0.181,31.8,Orthodox,4
Alice Ardelean,Women's Strawweight,1583.2,1583.2,60.9,balanced,0.531,0.718,5.65,0.614,1.18,0.857,52.6,0.28,0.2,0.0,0.665,2.39,0.175,16.51,0.31,41.52,0.06,34.2,Orthodox,5
Jessica Andrade,Women's Strawweight,1577.0,1577.0,60.2,wrestler,0.776,0.822,6.09,0.542,2.0,0.75,59.8,0.32,0.3,0.3,0.628,8.7,0.199,2.29,0.59,49.72,0.181,34.7,Orthodox,30
Amanda Ribas,Women's Strawweight,1573.2,1573.2,56.5,balanced,0.677,0.583,3.9,0.602,1.83,0.824,72.4,0.51,0.231,0.308,0.613,5.6,0.241,11.95,0.6,31.42,0.158,32.8,Orthodox,13
Angela Hill,Women's Strawweight,1568.7,1568.7,56.4,striker,0.354,0.877,5.1,0.603,0.85,0.727,45.4,0.18,0.1,0.067,0.598,3.28,0.152,-0.62,0.29,44.91,0.076,41.4,Orthodox,30
Claudia Gadelha,Women's Strawweight,1568.6,1568.6,56.9,wrestler,0.877,0.488,3.48,0.572,2.6,0.588,80.6,0.59,0.083,0.0,0.778,5.02,0.268,-8.85,0.67,41.68,0.159,37.5,Orthodox,12
Stephanie Luciano,Women's Strawweight,1600.7,1568.5,62.5,balanced,0.542,0.621,4.41,0.653,1.34,0.778,46.4,0.35,0.333,0.0,0.587,3.9,0.155,8.34,0.53,32.7,0.077,26.5,Orthodox,3
Cynthia Calvillo,Women's Strawweight,1554.0,1554.0,54.9,balanced,0.597,0.581,4.31,0.64,1.68,0.778,56.4,0.7,0.231,0.154,0.555,6.28,0.188,-0.62,0.71,37.14,0.032,38.9,Orthodox,13
Cory McKenna,Women's Strawweight,1545.4,1545.4,52.1,wrestler,0.853,0.445,3.33,0.449,1.85,0.667,87.8,0.41,0.167,0.167,0.763,3.29,0.293,-6.24,0.41,34.03,0.054,26.9,Orthodox,6
Nicolle Caliari,Women's Strawweight,1534.2,1534.2,50.6,wrestler,0.722,0.478,3.56,0.534,2.04,1.0,70.8,0.37,0.333,0.333,0.643,4.04,0.236,-14.94,0.39,47.13,0.22,29.6,Orthodox,3
Michelle Waterson-Gomez,Women's Strawweight,1526.1,1526.1,47.7,balanced,0.489,0.561,3.66,0.48,1.3,0.703,52.5,0.51,0.133,0.2,0.501,5.44,0.175,-3.95,0.5,35.59,0.08,40.5,Orthodox,15
Sam Hughes,Women's Strawweight,1525.1,1525.1,50.1,balanced,0.529,0.639,4.31,0.581,1.16,0.635,72.8,0.23,0.167,0.083,0.66,7.15,0.243,-3.29,0.24,36.43,0.102,34.0,Orthodox,12
Loma Lookboonmee,Women's Strawweight,1521.4,1521.4,47.9,balanced,0.546,0.602,3.63,0.531,1.73,0.689,50.0,0.21,0.091,0.091,0.438,4.61,0.169,5.75,0.25,24.82,0.032,30.4,Orthodox,11
Felice Herrig,Women's Strawweight,1521.0,1521.0,47.9,balanced,0.542,0.543,3.88,0.481,1.14,0.75,65.5,0.68,0.2,0.2,0.613,4.45,0.219,-5.52,0.66,44.6,0.038,41.8,Orthodox,10
Emily Ducote,Women's Strawweight,1518.2,1518.2,48.8,striker,0.21,0.874,5.91,0.579,0.69,0.941,26.5,0.16,0.0,0.0,0.59,2.25,0.088,3.49,0.19,58.33,0.06,32.5,Orthodox,5
Josefine Knutsson,Women's Strawweight,1514.2,1514.2,48.4,balanced,0.601,0.672,4.47,0.498,1.17,0.267,67.8,0.2,0.0,0.0,0.609,7.9,0.226,13.2,0.25,31.7,0.077,30.4,Orthodox,3
Luana Pinheiro,Women's Strawweight,1507.0,1507.0,44.3,balanced,0.495,0.534,3.42,0.596,2.08,0.714,41.0,0.29,0.0,0.286,0.602,3.22,0.137,-4.66,0.44,31.96,0.147,33.6,Orthodox,7
Cheyanne Vlismas,Women's Strawweight,1504.9,1504.9,47.6,striker,0.406,0.802,4.26,0.641,0.81,0.538,32.4,0.34,0.25,0.0,0.691,4.71,0.108,10.35,0.51,33.54,0.067,31.0,Switch,4
Julia Polastri,Women's Strawweight,1504.1,1504.1,48.7,striker,0.489,0.869,5.06,0.58,1.06,0.615,50.1,0.33,0.2,0.0,0.602,5.81,0.167,3.67,0.38,38.88,0.05,28.3,Orthodox,5
Viktoriia Dudakova,Women's Strawweight,1498.9,1498.9,44.2,balanced,0.519,0.594,3.45,0.515,1.82,0.4,59.5,0.25,0.25,0.25,0.641,3.57,0.199,-1.45,0.47,33.7,0.056,27.4,Orthodox,4
Elise Reed,Women's Strawweight,1498.2,1498.2,40.9,balanced,0.452,0.581,3.27,0.517,0.79,0.531,36.6,0.15,0.0,0.556,0.577,3.42,0.122,7.72,0.28,28.06,0.223,33.5,Orthodox,9
Ariane Carnelossi,Women's Strawweight,1493.0,1493.0,41.7,balanced,0.518,0.501,3.08,0.442,1.15,0.227,50.0,0.26,0.286,0.429,0.651,3.41,0.168,-5.76,0.28,39.27,0.166,33.6,Orthodox,7
Bruna Brasil,Women's Strawweight,1492.5,1492.5,41.7,balanced,0.505,0.539,2.85,0.523,1.24,0.564,48.3,0.25,0.0,0.125,0.495,3.05,0.161,-12.02,0.29,25.98,0.125,32.8,Orthodox,8
Yazmin Jauregui,Women's Strawweight,1479.6,1479.6,42.1,striker,0.183,0.885,5.46,0.548,0.58,1.0,34.5,0.16,0.2,0.4,0.623,5.75,0.115,6.27,0.52,38.71,0.56,27.3,Orthodox,5
Melissa Martinez,Women's Strawweight,1479.1,1479.1,40.4,balanced,0.509,0.579,3.71,0.533,1.08,0.5,48.1,0.28,0.0,0.333,0.526,4.18,0.161,-3.71,0.35,36.28,0.35,28.8,Southpaw,3
Molly McCann,Women's Strawweight,1478.0,1478.0,43.4,balanced,0.489,0.719,4.64,0.625,1.64,0.382,41.6,0.49,0.214,0.286,0.674,6.63,0.139,8.97,0.66,35.81,0.025,36.1,Orthodox,14
Randa Markos,Women's Strawweight,1475.0,1475.0,40.6,balanced,0.526,0.51,3.15,0.587,1.16,0.526,72.8,0.23,0.056,0.111,0.736,7.24,0.242,-3.47,0.24,31.61,0.024,40.9,Orthodox,18
Karolina Kowalkiewicz,Women's Strawweight,1474.3,1474.3,41.6,striker,0.282,0.795,5.09,0.569,0.57,0.746,36.6,0.23,0.053,0.211,0.611,3.09,0.122,-3.08,0.25,46.24,0.067,40.7,Orthodox,19
Polyana Viana,Women's Strawweight,1471.9,1471.9,40.2,grappler,0.617,0.478,3.11,0.529,0.83,0.333,27.2,1.22,0.333,0.417,0.509,3.74,0.091,1.72,1.13,22.08,0.136,34.0,Orthodox,12
Livinha Souza,Women's Strawweight,1462.1,1462.1,39.7,grappler,0.799,0.428,2.64,0.568,2.04,0.4,50.9,0.97,0.167,0.167,0.517,3.66,0.17,-9.49,0.94,37.69,0.311,35.3,Orthodox,6
Rayanne dos Santos,Women's Strawweight,1456.1,1456.1,38.5,striker,0.246,0.744,4.36,0.597,0.89,0.8,35.6,0.2,0.0,0.0,0.658,2.61,0.119,-9.94,0.25,45.28,0.077,31.0,Orthodox,3
Xiong Jingnan,Women's Strawweight,1455.9,1455.9,33.6,balanced,0.376,0.345,3.05,0.0,1.32,0.0,54.4,0.39,0.0,0.0,0.63,6.1,0.18,0.0,0.75,29.7,0.27,38.4,nan,1
Kanako Murata,Women's Strawweight,1449.3,1449.3,37.9,wrestler,0.928,0.521,3.19,0.534,2.19,1.0,102.2,0.52,0.0,0.333,0.684,10.18,0.341,-5.5,0.57,32.15,0.077,32.9,Orthodox,3
Gloria de Paula,Women's Strawweight,1443.9,1443.9,37.2,striker,0.399,0.793,4.48,0.661,1.14,0.444,46.2,0.18,0.0,0.25,0.677,2.16,0.154,0.6,0.21,38.49,0.217,31.0,Orthodox,4
Jessica Penne,Women's Strawweight,1436.8,1436.8,33.0,balanced,0.399,0.48,3.29,0.437,1.16,0.471,54.3,0.2,0.111,0.333,0.586,3.41,0.181,-28.36,0.22,51.06,0.041,43.4,Orthodox,9
Jinh Yu Frey,Women's Strawweight,1432.5,1432.5,33.5,balanced,0.5,0.523,3.31,0.522,1.11,0.903,56.9,0.31,0.0,0.25,0.596,2.71,0.19,-6.84,0.33,33.3,0.227,41.1,Southpaw,8
Ashley Yoder,Women's Strawweight,1432.0,1432.0,34.9,balanced,0.549,0.536,3.57,0.47,1.15,0.667,72.7,0.49,0.0,0.0,0.639,7.35,0.242,-5.57,0.58,33.73,0.036,38.7,Southpaw,11
Miranda Granger,Women's Strawweight,1430.8,1430.8,31.1,balanced,0.257,0.549,3.38,0.579,0.65,0.333,39.1,0.18,0.0,0.5,0.563,2.83,0.13,0.72,0.21,27.49,0.067,34.2,Orthodox,4
Kay Hansen,Women's Strawweight,1428.0,1428.0,35.5,balanced,0.526,0.574,3.49,0.52,1.56,0.375,63.6,0.57,0.25,0.0,0.646,4.28,0.212,-0.07,0.59,34.74,0.067,26.9,Orthodox,4
Silvana Gomez Juarez,Women's Strawweight,1427.1,1427.1,32.8,striker,0.187,0.771,4.12,0.619,0.65,0.3,34.1,0.18,0.25,0.5,0.647,3.91,0.114,-0.45,0.71,35.74,0.067,41.5,Orthodox,4
Mallory Martin,Women's Strawweight,1419.0,1419.0,32.2,balanced,0.455,0.559,3.85,0.523,1.13,0.25,53.3,0.42,0.25,0.5,0.711,3.1,0.178,-13.01,0.4,45.43,0.255,32.4,Orthodox,4
Shauna Bannon,Women's Strawweight,1418.8,1418.8,30.7,striker,0.212,0.71,3.91,0.459,0.58,0.474,34.7,0.44,0.2,0.4,0.53,3.07,0.116,9.34,0.45,33.68,0.188,32.7,Switch,5
Istela Nunes,Women's Strawweight,1418.6,1418.6,29.9,striker,0.181,0.765,4.14,0.597,0.58,0.476,34.0,0.16,0.0,0.6,0.565,2.06,0.113,5.16,0.33,40.08,0.338,33.9,Orthodox,5
Hannah Goldy,Women's Strawweight,1413.1,1413.1,32.3,balanced,0.449,0.568,3.85,0.5,1.19,0.4,64.3,0.37,0.2,0.2,0.512,5.45,0.215,-10.28,0.42,36.84,0.353,34.1,Orthodox,5
Ravena Oliveira,Women's Strawweight,1409.3,1409.3,27.7,balanced,0.507,0.451,3.09,0.464,1.12,0.462,49.1,0.2,0.0,0.667,0.619,2.47,0.164,-4.85,0.25,30.22,0.077,29.3,Orthodox,3
Maria Oliveira,Women's Strawweight,1406.1,1406.1,32.1,striker,0.407,0.738,4.56,0.465,1.15,0.5,41.6,0.18,0.0,0.0,0.634,2.41,0.139,9.05,0.21,47.99,0.192,29.5,Orthodox,4
Montserrat Conejo Ruiz,Women's Strawweight,1402.9,1402.9,27.4,balanced,0.615,0.436,3.0,0.441,1.55,0.444,63.3,0.48,0.0,0.6,0.607,2.06,0.211,-10.12,0.47,53.83,0.199,33.4,Southpaw,5
Hannah Cifers,Women's Strawweight,1384.9,1384.9,26.5,striker,0.424,0.812,4.62,0.529,0.64,0.647,40.6,0.29,0.0,0.714,0.506,3.07,0.136,1.72,0.57,41.63,0.185,34.0,Orthodox,7
