fighter,division,division_code,td_def,td_acc,td_per15,str_def,str_acc,kd_per15,sub_att_per15,pct_distance,SLpM,SApM,dmg_per_round,finish_rate,decision_rate,gets_finished_rate,times_kod,ko_tko_wins,times_submitted,td_att_per_round,age,reach_in,height_in,stance,style,layoff_days,streak,country,hometown,rank,ctrl_sec_per_round,wins,losses,last_fight_date,head_share,head_acc,ground_strike_per15,ground_share,ground_ctrl_share,clinch_strike_per15,clinch_share,distance_strike_per15,distance_strike_diff15,finish_threat15,head_absorbed_per15,head_def,kd_absorbed_per15,ground_absorbed_per15
Ion Cutelaba,Middleweight,mw,0.756,0.494,2.8482892307692307,0.475,0.437,0.19187939694144007,0.1939723076923077,0.3333333333333333,3.5166984615384616,2.8296846153846156,17.763,0.2857142857142857,0.3333333333333333,0.38095238095238093,4,4,4,1.9705415384615386,32.5,75.0,73.0,Southpaw,wrestler,5,-1.0,,,,55.558615384615386,9.0,11.0,2026-06-20,0.6867385051096041,0.3738465589318416,10.015678385004195,0.19048733565520157,0.18492163169762255,9.845697497869326,0.1867378761438169,32.86168782728284,-0.618274074894475,0.38725706746620675,30.890470505127094,0.5493216334830245,0.24631751510666722,3.4955805029793052
Melsik Baghdasaryan,Featherweight,fwx,0.714,0.0,0.6069858585858586,0.579,0.574,0.27697322106334105,0.24896969696969692,0.3333333333333333,4.135955555555555,3.2919717171717173,19.64,0.16666666666666666,0.3333333333333333,0.5,1,1,2,0.46646868686868687,34.4,70.0,69.0,Southpaw,striker,0,,,,,26.986262626262622,,,2026-06-20,0.5265806482828845,0.41682582250286376,3.187699554920043,0.06765805734680283,0.09576076420608176,6.726973440976412,0.12179288353326292,45.34812642292334,8.847159616715505,0.5146041748125609,25.083685444684768,0.6481649271722733,0.31541312084372614,3.7353690237824235
Gaston Bolanos,Bantamweight,bw,0.429,1.0,1.0493333333333335,0.507,0.492,0.17900070140079702,0.18499999999999997,0.6,3.599555555555556,2.8881111111111113,14.9,0.0,0.6,0.4,1,0,1,0.6857777777777778,33.8,69.0,67.0,Orthodox,balanced,0,,,,,40.400000000000006,3.0,2.0,2026-06-20,0.5472819754034537,0.3712541571315998,8.339909867429498,0.17370561302482634,0.1392619801736769,3.5029210765762704,0.0700982370651782,38.36087110375735,4.178080026812619,0.37376386242160653,28.28915558534521,0.5906187717191127,0.2710327868466565,4.269752499437402
Vinicius Oliveira,Bantamweight,bw,0.694,0.467,1.5204,0.569,0.431,0.3972069726737243,0.2985,0.5,4.3116,3.0313000000000003,22.43,0.3333333333333333,0.5,0.16666666666666666,0,2,1,1.1592,30.6,70.0,69.0,Switch,balanced,0,,,,13.0,51.54,5.0,1.0,2026-06-20,0.5832040829160857,0.3569219445186367,7.2703960726357435,0.11723812557373813,0.1728254638580832,3.5803742902900177,0.060233899396902726,51.28902828270494,14.95670605557947,0.6893774015176185,29.16972559967193,0.6384649415471758,0.10758469941925022,5.990573650293563
Navajo Stirling,Light Heavyweight,lhwx,0.808,0.444,1.0635843621399177,0.594,0.505,0.41227862479227745,0.13869958847736624,0.6,4.613962962962963,3.0592551440329223,30.18,0.4,0.6,0.0,0,2,0,0.9248477366255143,28.6,79.0,76.0,Orthodox,striker,0,,,,,48.49218106995885,,,2026-06-20,0.5434139052436491,0.3943436598916594,8.148590685462661,0.12015825385560472,0.16315631055894747,5.964492360957292,0.09686111050653248,53.73184999714489,19.377562673712617,0.5003094996229651,26.357846644760556,0.6309187406816024,0.27997993256028825,3.2982869882756765
Michael Aswell Jr.,Featherweight,fwx,0.0,1.0,0.9192323232323233,0.511,0.385,0.5286501710517538,0.31121212121212116,0.75,4.128444444444444,4.597464646464647,29.86,0.25,0.75,0.0,0,1,0,0.6545858585858586,,,,,striker,0,,,,,38.48282828282828,,,2026-06-20,0.7048638359621998,0.37245400118162575,4.961179576177348,0.09096034931956344,0.13404862633546322,3.72317735546689,0.06763740604045021,58.67764677381423,-7.85513615142144,0.8341756830150366,48.19664937507707,0.5983473812162785,0.2107259605653102,3.438980952655324
Andre Lima,Flyweight,flwx,0.708,0.714,1.1511925925925925,0.55,0.585,0.09956349206349206,0.8408814814814816,0.6,3.3427037037037035,2.9749333333333334,18.82,0.2,0.6,0.0,0,0,0,0.9121185185185186,27.4,67.0,67.0,Orthodox,grappler,0,,,,,61.73851851851852,,,2026-06-20,0.5306152051759496,0.39681043116316883,2.5840440115440106,0.0583745030776278,0.19870514701348035,4.519053446553446,0.08721653409979618,44.94632006882007,5.752985625485625,1.005560273060273,26.841460483960482,0.6516675542206702,0.2320970695970696,2.8830980130980137
Mitch Raposo,Flyweight,flwx,0.65,0.333,1.4594666666666667,0.619,0.423,0.11378684807256235,0.23536666666666667,1.0,2.390166666666667,2.9878,7.89,0.0,1.0,0.0,0,0,0,1.7951333333333335,27.7,64.0,65.0,Switch,balanced,0,,,,,37.943333333333335,,,2026-06-20,0.6366665049598795,0.34868072792138527,2.6415048443619864,0.06119266880369333,0.1278130973083354,1.7230740687883546,0.04222019278295509,33.003586572158,-6.840743700743701,0.36999096141953286,27.02660418946133,0.6779286024442828,0.2652537938252224,3.2819821448392887
Hyder Amil,Featherweight,fwx,0.417,0.182,1.0311858585858587,0.51,0.531,0.2921247362148562,0.673169696969697,0.3333333333333333,5.556755555555555,4.266371717171717,28.6,0.3333333333333333,0.3333333333333333,0.3333333333333333,1,2,1,1.1264686868686868,36.1,70.0,69.0,Switch,striker,0,,,,,39.466262626262626,,,2026-06-20,0.6364579109379249,0.421943913387378,5.763457130677619,0.09364801389231493,0.13431295275827035,5.681518895521866,0.08542493049864322,58.75721733201424,13.604735374291261,0.8630890232974094,36.12913999013931,0.5928231100666207,0.3305646359952413,4.674762963176363
Christian Rodriguez,Featherweight,fwx,0.658,0.405,1.7992756132756131,0.563,0.523,0.08685558661028506,0.9971212121212122,0.7,3.624111111111111,3.071122655122655,18.22,0.2,0.7,0.1,0,0,1,1.4824776334776335,28.5,71.0,67.0,Orthodox,grappler,0,,,,,66.76161616161616,,,2026-06-20,0.695782162564636,0.43508987577738983,7.37135660886377,0.14203105634008137,0.22092346004781035,8.373158566464971,0.15647305701885666,37.6931237047724,3.8802014129708735,1.0640783539216179,28.639571832638257,0.6265212735496329,0.11346782491978241,5.463799108285977
Andre Fili,Bantamweight,bw,0.716,0.467,2.218838709677419,0.507,0.379,0.3034712252915786,0.2453225806451613,0.5555555555555556,3.895354838709677,4.231387096774194,17.72,0.14814814814814814,0.5555555555555556,0.25925925925925924,4,4,3,1.4820000000000002,36.0,74.0,71.0,Orthodox,balanced,0,,,,,42.92903225806451,13.0,13.0,2026-06-20,0.7159576090516219,0.3316651047338608,4.191189079401965,0.07833800319001298,0.1440115735836545,3.1314893362673333,0.05874277971279586,46.180385299799774,-3.028796145855432,0.5258998715091497,32.10443056046363,0.6240786537522646,0.2880131147438078,5.39237115831992
Justin Gaethje,Lightweight,lw,0.741,0.4,0.635575,0.513,0.585,0.6444553800074289,0.14856250000000001,0.25,5.6017375000000005,5.8244125,28.78,0.4375,0.25,0.3125,3,7,2,0.49026250000000005,37.6,70.0,71.0,Orthodox,striker,6,,United States,"Tucson, United States",,24.8975,,,2026-06-14,0.6452614966677881,0.4891320330876331,3.9475522458772745,0.05633899335662354,0.08171982089087249,9.731692679574863,0.11915434768146496,67.31652992963278,-8.414006954070977,0.7683253994125555,47.2786516650603,0.6291364534422815,0.23326657384914481,1.5571848495270704
Bo Nickal,Middleweight,mw,1.0,0.467,1.5581118881118883,0.597,0.61,0.4447210789752457,0.9346643356643356,0.14285714285714285,2.8532237762237767,2.2361923076923076,12.917,0.7142857142857143,0.14285714285714285,0.14285714285714285,1,3,0,1.2037762237762237,30.4,76.0,73.0,Southpaw,grappler,11,2.0,United States,,15.0,61.805944055944046,6.0,1.0,2026-06-14,0.6233217551543285,0.4766737849345401,4.206049176641647,0.09769529254978367,0.2035575301093818,4.1059897843600695,0.09553052042735886,34.89436657495251,7.760879062358524,1.3478380145504751,18.400287107041866,0.7031541606575132,0.26747782572968554,2.2314984703082277
Alex Pereira,Middleweight,mw,0.791,0.5,0.36177828054298644,0.539,0.621,0.5985151904885608,0.23842986425339366,0.23076923076923078,4.161850678733032,3.050065610859729,22.097,0.6153846153846154,0.23076923076923078,0.15384615384615385,2,8,0,0.31391402714932126,38.9,79.0,76.0,Orthodox,striker,11,-1.0,Brazil,,,15.439140271493212,10.0,3.0,2026-06-14,0.5133870223305323,0.4704478489699737,5.786038799917158,0.09662583992508406,0.05361122513556792,6.573300066837946,0.10708707915219465,49.83115652870015,10.853573607522465,0.8393745655456598,25.459856861256007,0.6460105858234206,0.14600428624234377,2.701138156845868
Mauricio Ruffy,Lightweight,lw,0.824,0.0,0.7959499999999999,0.59,0.584,1.0036966784800012,0.29712500000000003,0.16666666666666666,4.004475,3.6942250000000003,17.33,0.6666666666666666,0.16666666666666666,0.16666666666666666,0,4,1,0.656725,30.0,75.0,71.0,Orthodox,striker,6,,Brazil,"State of São Paulo, Brazil",7.0,29.055000000000007,,,2026-06-14,0.7382267310260769,0.5043983660526818,7.222610296852023,0.1358145951305338,0.09797882091716562,3.543781203402396,0.06172721648973711,45.211138613867924,1.8576926362566606,1.265200052779713,23.2883549604751,0.7023070030017773,0.12659799736716487,2.7499015296700664
Michael Chandler,Lightweight,lwx,0.562,0.409,1.6024276729559748,0.402,0.51,0.3150055228915023,0.25581132075471696,0.25,3.91174213836478,4.397704402515724,16.58,0.25,0.25,0.5,3,2,1,1.1779465408805032,40.2,71.0,68.0,Orthodox,balanced,6,,,,,49.65660377358491,,,2026-06-14,0.6526861401670101,0.41495333791830363,9.890771517053183,0.1985481283834261,0.1655951582332772,2.5418281824031967,0.04813258789958825,39.19620766005476,-5.10936547788564,0.5419411353051461,39.46873111245384,0.5106340138081473,0.41745312086847974,9.484863997431662
Ilia Topuria,Lightweight,lw,0.938,0.611,1.69925,0.641,0.482,0.9089694953579497,0.8286607142857143,0.2,4.106624999999999,3.2740178571428564,20.25,0.7,0.2,0.1,1,6,0,1.064375,29.4,69.0,67.0,Orthodox,balanced,6,,Germany,Germany,1.0,56.19642857142857,,,2026-06-14,0.6902713660555286,0.4330867168579025,9.992576359359093,0.1687460675032558,0.18345542302812318,3.0585151920990947,0.05091963113983773,47.760275450626516,2.9899410558699957,1.713087216026981,27.55604061366225,0.6988900298129259,0.19149092125419107,1.6781369564382511
Kyle Daukaus,Middleweight,mw,0.769,0.237,1.5549450549450547,0.429,0.499,0.3709392915194198,1.046521978021978,0.3,2.691747252747253,2.7627939560439563,12.188,0.3,0.3,0.3,3,1,0,2.0172527472527473,33.3,76.0,74.0,Southpaw,grappler,11,-1.0,,,,89.29752747252748,4.0,5.0,2026-06-14,0.7007418731192868,0.42514036553003104,6.523883982032037,0.16722886600031076,0.2936179718790116,4.903645987969284,0.12353273474370227,29.236051211501927,5.767983894121941,1.3973753958080577,25.894451620801437,0.5572692040189948,0.6095983274843735,10.283844977160175
Sean O'Malley,Bantamweight,bw,0.597,0.429,0.47519999999999996,0.604,0.613,0.4397411860149105,0.25125,0.375,5.8637999999999995,3.39565,29.56,0.4375,0.375,0.125,1,7,1,0.38660000000000005,31.7,72.0,71.0,Switch,striker,6,,,,2.0,11.43,12.0,3.0,2026-06-14,0.6594996824159127,0.5105827675208157,3.547978243775983,0.050485363194156564,0.04090652876408529,2.121067983659644,0.031284448213924065,72.25316030279662,34.21749118537859,0.7039329623151704,24.45778210880932,0.7047452747571038,0.05096117340911852,6.017223724459473
Aiemann Zahabi,Bantamweight,bw,0.839,0.143,0.49760000000000004,0.692,0.477,0.349538862338917,0.11099999999999999,0.6363636363636364,4.395733333333333,3.924866666666667,21.15,0.18181818181818182,0.6363636363636364,0.18181818181818182,2,2,0,0.5428000000000001,38.6,68.0,68.0,Orthodox,striker,6,,,,6.0,21.279999999999998,8.0,3.0,2026-06-14,0.6960063305800611,0.4147103948794441,4.403025418750922,0.07370469789861078,0.07492992273660659,2.9610098459556715,0.050070952863183846,53.882036235114086,2.8391226526841344,0.460832097207951,33.68720978503243,0.7295810588734196,0.316414339736551,1.9024959337444494
John Yannis,Bantamweight,bw,0.667,0.0,0.8777142857142858,0.742,0.538,0.7386676018677294,0.23785714285714282,0.3333333333333333,3.6994285714285717,2.539,10.5,0.3333333333333333,0.3333333333333333,0.3333333333333333,0,1,1,0.738857142857143,32.0,70.0,67.0,Southpaw,balanced,14,,,,,27.599999999999998,1.0,2.0,2026-06-06,0.6114606587993636,0.39827935236594264,6.61987982323933,0.15437301082547422,0.10868264023156925,2.870561435435027,0.05319585971106534,38.14782813834313,6.970773369083492,0.998351816562142,23.718874113793614,0.6754845271667023,0.16137704912887532,3.0930033325832027
Bryce Mitchell,Bantamweight,bwx,0.333,0.361,2.649708650519031,0.587,0.594,0.13820257001527464,0.9369363321799308,0.5384615384615384,2.4450159169550174,2.008261591695502,10.5,0.23076923076923078,0.5384615384615384,0.23076923076923078,1,1,2,2.4725557093425605,31.7,70.0,70.0,Southpaw,grappler,14,,,,,124.88851211072664,,,2026-06-06,0.5897007031843392,0.4901134707032108,9.906902071002847,0.3015614089487491,0.4118558595233734,3.263316593333159,0.08578982915284651,23.22364708333832,1.0447669047965848,1.0763253384897111,18.80981283655546,0.6537956996490529,0.3845714684832403,5.3068376351619495
Edmen Shahbazyan,Middleweight,mw,0.66,0.375,1.3096963562753037,0.493,0.483,0.6853388710356303,0.3434898785425101,0.26666666666666666,3.056813765182186,2.9904797570850206,14.926,0.4666666666666667,0.26666666666666666,0.26666666666666666,3,6,1,1.171923076923077,28.5,75.0,74.0,Orthodox,grappler,19,-1.0,,,,47.192914979757084,9.0,6.0,2026-06-06,0.6688705091359172,0.4072082626943662,8.077434727763878,0.1790063453233565,0.15731591178916274,6.2965375345210255,0.13898373274362508,31.540080195961266,4.030735281557204,1.0296630945033505,29.963122466875106,0.5636624358865208,0.06526545873871419,12.733548532887287
Fares Ziam,Lightweight,lwx,0.712,0.405,1.5482088050314466,0.65,0.525,0.2483397613028053,0.41098238993710695,0.7272727272727273,2.9825937106918237,2.1118301886792454,13.81,0.18181818181818182,0.7272727272727273,0.09090909090909091,0,2,1,1.3294238993710692,29.2,75.0,73.0,Orthodox,balanced,14,,,,,69.56528301886793,,,2026-06-06,0.6467454167825691,0.41630198941807944,7.08919850608899,0.1639981858124766,0.2302784940931565,5.174260155012703,0.11638350724218254,33.03678638620009,9.059851101126613,0.6651592629527902,16.36076993422125,0.746473733901716,0.09115677541921907,3.6737799411733314
Tom Nolan,Lightweight,lw,0.714,0.222,1.1289500000000001,0.484,0.452,0.2629559377392605,1.129925,0.5,4.352475,3.5850250000000004,24.89,0.3333333333333333,0.5,0.16666666666666666,1,1,0,1.190125,26.3,73.0,75.0,Southpaw,grappler,14,,Australia,Australia,13.0,34.215,,,2026-06-06,0.5711657827151286,0.39241827886050545,4.25964733388906,0.07342906399500267,0.11382244231634259,9.099336758957952,0.13072650423902488,55.211138613867924,9.079914858478881,1.4503852379648983,28.2883549604751,0.6351204464535186,0.49696836773753517,5.527679307447844
Brendan Allen,Middleweight,mw,0.548,0.438,1.369096989966555,0.48,0.532,0.2294186722614753,0.8926655518394648,0.42105263157894735,3.3136287625418057,3.2973093645484948,16.556,0.47368421052631576,0.42105263157894735,0.10526315789473684,2,2,0,1.0767190635451505,30.4,75.0,74.0,Orthodox,grappler,19,3.0,United States,,4.0,80.89414715719063,15.0,4.0,2026-06-06,0.6521091919795551,0.4349015842227502,8.075476898473475,0.16386610209681854,0.2687534227769917,3.4890862656182127,0.07106767244523318,38.14289389770568,-3.195054971655216,1.117199097522943,38.25467595774631,0.5351118956103379,0.16248992078622068,4.777953850140103
Junior Tafa,Light Heavyweight,lhwx,0.721,0.0,0.36671225071225066,0.51,0.532,0.37874852042428886,0.09602279202279201,0.1111111111111111,3.593897435897436,3.0587150997151005,14.29,0.3333333333333333,0.1111111111111111,0.5555555555555556,2,3,3,0.32566381766381763,29.7,75.0,75.0,Orthodox,striker,14,,,,,16.456125356125362,,,2026-06-06,0.7339626838170513,0.4584135231948978,4.4713548292694805,0.10460349453827465,0.060084005019096304,5.599704864014818,0.12814837085977668,33.54850605870266,6.100193297626595,0.43743577031141395,23.83163802291396,0.5904891000883726,0.3295104312306683,6.48457227789807
Bruno Silva,Middleweight,mw,0.736,0.247,1.2331196581196582,0.474,0.497,0.503625754356995,0.15723361823361823,0.30434782608695654,3.3251652421652427,4.089856125356126,16.627,0.391304347826087,0.30434782608695654,0.2608695652173913,3,7,3,1.5863903133903134,36.2,65.0,64.0,Orthodox,balanced,19,-2.0,,,,44.1505698005698,9.0,13.0,2026-06-06,0.6590764183057638,0.42057217404991143,5.902779095088416,0.11949140073488801,0.1473725543155742,4.4129372473783075,0.08923092023553317,39.56796904466499,-7.706222985065727,0.6620643947366082,38.96391133076271,0.5657363574311952,0.4931475800317795,6.283608008942078
Santiago Luna,Bantamweight,bwx,0.5,0.833,1.9868638655462187,0.717,0.547,0.668540186707399,0.47941680672268916,0.3333333333333333,4.049752941176471,3.0766352941176476,36.5,0.3333333333333333,0.3333333333333333,0.3333333333333333,0,1,1,1.5089210084033613,21.9,74.0,69.0,Orthodox,wrestler,14,,,,,59.129243697479,,,2026-06-06,0.6617719990982248,0.4143553306993975,5.418405522674256,0.09226986722058257,0.1950600698401068,10.652177582221755,0.13803576097641,54.479725555568855,11.436045079457559,1.2202009026392295,34.45950089748121,0.6687406416759317,0.22552391595530738,3.55156702709853
Ariane Carnelossi,Women's Strawweight,wswx,0.227,0.5,1.147020979020979,0.442,0.386,0.04077382412908729,0.2641398601398601,0.14285714285714285,3.082449883449884,4.431587412587413,11.38,0.2857142857142857,0.14285714285714285,0.42857142857142855,2,1,1,0.8120209790209789,33.6,61.0,62.0,Orthodox,balanced,14,,,,,49.97599067599067,,,2026-06-06,0.650612859092281,0.32771832459827754,3.4141954704796262,0.08552382108888913,0.16750869722730655,5.894492789025646,0.14577563193011003,33.406528409057024,-5.759301333282097,0.2844980334892394,39.26779190824301,0.5534863615021861,0.1663127025822854,8.159873365282948
Joanderson Brito,Featherweight,fwx,0.476,0.667,2.639989898989899,0.437,0.493,0.19616732750097332,1.0356926406926408,0.4,2.575539682539682,2.729694083694084,9.63,0.6,0.4,0.0,0,3,0,1.3481919191919192,31.4,72.0,68.0,Orthodox,grappler,14,,,,,82.9044733044733,,,2026-06-06,0.5474466372190555,0.3702535549530451,5.617616070226205,0.1741287368199364,0.27301288092441656,4.680322798114329,0.14060930888858794,25.307628193418772,1.5846548542664196,1.1258632509467896,23.682522017464866,0.524881581484409,0.11346782491978241,5.7869816465714905
Jordan Leavitt,Featherweight,fwx,0.3,0.326,2.5285613275613272,0.588,0.577,0.20902753231164256,0.7764069264069262,0.3,2.6169682539682535,2.2454083694083695,9.06,0.4,0.3,0.3,0,2,3,2.1396204906204903,31.0,71.0,69.0,Southpaw,wrestler,14,,,,,80.47590187590187,,,2026-06-06,0.35816870203948104,0.38037277935798375,3.1484567465777187,0.09188311359070662,0.26508242129117054,3.4650334435060888,0.10282741864768132,27.802507926688598,5.834952544192594,0.862229052328071,15.13691592077518,0.699638341146829,0.11346782491978241,5.028229562742007
Marcus McGhee,Bantamweight,bw,0.9,0.143,0.8004,0.577,0.452,0.6136571891239408,0.3524999999999999,0.5,4.8996,3.5833,23.91,0.5,0.5,0.0,0,2,0,0.9012,36.1,69.0,68.0,Orthodox,striker,14,,,,15.0,27.419999999999998,5.0,1.0,2026-06-06,0.662996827635812,0.3893567574406281,4.413253215492887,0.0732414515608378,0.09824633927895861,3.4288591387748664,0.05658769185638408,56.76521875889542,16.222939821813235,0.9382951504353674,30.327734257680593,0.6444995097152791,0.10758469941925022,2.062002221722135
Ketlen Souza,Women's Strawweight,wswx,0.536,0.133,0.7601118881118881,0.527,0.564,0.16934525270051584,0.27304895104895105,0.5714285714285714,3.940268065268065,3.961314685314685,18.57,0.2857142857142857,0.5714285714285714,0.14285714285714285,0,1,1,1.0958391608391607,31.8,63.0,63.0,Orthodox,balanced,14,,,,,55.894172494172494,,,2026-06-06,0.5668765953560173,0.40750468244887783,2.112409756193912,0.0429963485614166,0.18616941151302085,7.276635646168503,0.1322591484136265,46.279742694771315,2.8549843810036175,0.42914089063209654,28.69279190824301,0.6499206049482865,0.0538127025822854,3.7080876509972343
Iwo Baraniewski,Light Heavyweight,lhwx,1.0,0.0,0.681037037037037,0.474,0.711,1.1860684694200063,0.1783280423280423,0.0,6.209380952380952,6.163042328042328,16.0,1.0,0.0,0.0,0,3,0,0.819089947089947,27.6,73.0,72.0,Orthodox,striker,14,,,,,29.275661375661382,,,2026-06-06,0.6825087009674359,0.4991666925592291,12.228423944253246,0.263373655743216,0.11294578781597038,6.770838299458209,0.14546340838622002,27.097012117405313,-5.29961340474681,1.8034429691942566,34.7347046172565,0.5232097203998972,0.873306576747051,4.397715984367569
Tallison Teixeira,Heavyweight,hwx,0.0,0.3,1.9331568627450981,0.329,0.705,0.4126949401603746,0.1475,0.25,3.7712156862745094,3.456401960784314,12.4,0.25,0.25,0.5,2,1,0,1.422627450980392,26.5,83.0,79.0,Orthodox,wrestler,21,,,,,67.27843137254902,,,2026-05-30,0.6913187388102828,0.5241483617739402,9.560057236228447,0.24556588255474668,0.21525353197146577,5.337329285489113,0.12032218155029252,29.43891592041336,-0.027347378401581603,0.5534768034821511,25.962427407218176,0.5293348733011017,0.4095529647547694,6.161769105587396
Song Yadong,Bantamweight,bw,0.738,0.393,0.924,0.551,0.436,0.44493361389365216,0.1926190476190476,0.5294117647058824,4.339809523809524,3.855857142857143,20.76,0.4117647058823529,0.5294117647058824,0.058823529411764705,1,5,0,0.7481904761904762,28.5,67.0,68.0,Orthodox,striker,21,,,,5.0,40.17142857142857,12.0,4.0,2026-05-30,0.623939880111513,0.35798259505602975,5.342630613638465,0.08845527023040968,0.1356381254028041,3.8478350972971747,0.06392449667134958,51.764348441502946,3.3978986773917144,0.6295055449686426,31.97566223413809,0.6466271763318289,0.048413114738662597,3.1145676664416273
Deiveson Figueiredo,Bantamweight,bw,0.535,0.385,1.4886153846153847,0.479,0.548,0.5878065402377287,0.9440384615384616,0.45454545454545453,3.0267692307692307,3.677423076923077,13.53,0.36363636363636365,0.45454545454545453,0.18181818181818182,2,4,2,1.2312307692307694,38.5,68.0,65.0,Orthodox,grappler,21,,,,9.0,38.42307692307693,14.0,7.0,2026-05-30,0.6093014345978436,0.4426346636154453,6.382455368103755,0.1625435114489433,0.15225927225206784,2.987882112925459,0.07437490477917472,30.88811033214972,-9.234382812472592,1.622762330711756,32.206213997836784,0.58153092066635,0.08294101810671954,4.986531326135758
Cameron Smotherman,Bantamweight,bwx,0.625,0.0,0.8775058823529412,0.598,0.372,0.14446301717777058,0.247364705882353,0.75,3.8211588235294114,3.501805882352942,20.33,0.0,0.75,0.25,1,0,0,0.7578058823529412,28.8,69.0,69.0,Orthodox,striker,21,,,,,28.400588235294123,,,2026-05-30,0.6072382750603564,0.3299510144312593,2.930061876577934,0.0634328803182293,0.10798799637088517,4.630437927618648,0.0865560765380553,47.768336190487595,4.730895782392194,0.4030293451193396,30.251000769269613,0.6620947353066496,0.19330621367597775,3.329914594655883
Luis Gurule,Bantamweight,bwx,0.75,0.176,1.2327830065359475,0.578,0.413,0.12640514003054926,0.3709908496732026,0.6,4.436807843137255,4.667271895424837,25.09,0.0,0.6,0.4,1,0,1,1.5319385620915034,32.6,64.0,65.0,Orthodox,striker,21,,,,,44.600522875817,,,2026-05-30,0.682972834940107,0.3654476658353165,3.1092586874602377,0.06275014709004484,0.1525450523800801,6.19936045939359,0.10077220488954394,53.865475984858456,-3.3377389176795575,0.4890143133430585,40.605989309474545,0.6466825633688914,0.3055065733301169,3.618220724869352
Carlston Harris,Welterweight,wwx,0.556,0.227,1.1714365079365079,0.541,0.44,0.38557738719849904,0.47523809523809524,0.25,3.3086984126984125,3.143261904761905,14.92,0.375,0.25,0.375,3,1,0,1.517515873015873,38.9,76.0,72.0,Orthodox,grappler,21,,,,,55.13650793650794,,,2026-05-30,0.6381308834625273,0.3792205629338375,5.747573378305663,0.1260321112527796,0.18352364276188116,4.31523360434587,0.08990057062307723,38.06624971130622,1.7470389930143673,0.8475240925151142,29.99694590270875,0.6176049756039692,0.5310192570538134,5.295511688830588
Aoriqileng,Bantamweight,bw,0.583,0.467,1.2959999999999998,0.487,0.499,0.4216927393235674,0.11892857142857141,0.5,4.492571428571429,4.906642857142857,20.55,0.2,0.5,0.2,2,2,0,0.9051428571428571,33.0,69.0,67.0,Orthodox,striker,21,,,,,36.9,4.0,5.0,2026-05-30,0.6440478568004764,0.40052655258910025,6.6784060722643055,0.11210360452579707,0.12562275702995504,3.713336047123858,0.06329421486945296,49.429766833081445,-6.417335368115311,0.5415469922594501,46.53178805252013,0.5665132206832744,0.3860201765210194,4.542924615038401
Daniel Santos,Featherweight,fwx,0.733,0.333,2.1651858585858585,0.505,0.405,0.3529122625933706,0.24896969696969692,0.5,4.603955555555555,4.808771717171718,23.8,0.3333333333333333,0.5,0.16666666666666666,1,2,0,1.9064686868686866,31.3,67.0,67.0,Orthodox,wrestler,35,,,,,70.18626262626262,,,2026-05-16,0.6493855464175591,0.3578181400327404,8.427111417609858,0.13671313552124176,0.23394832414910996,5.8033670059696805,0.09395066334053419,48.891495598812824,-8.755738163137865,0.5667801209676686,44.84622599112538,0.5840443395792349,0.38750817239571717,3.6072866668587267
Polyana Viana,Women's Strawweight,wswx,0.333,0.333,0.8288269230769231,0.529,0.408,0.1277563673534068,1.2228461538461537,0.25,3.1116217948717946,3.1336538461538463,11.45,0.3333333333333333,0.25,0.4166666666666667,1,1,4,0.6935769230769231,34.0,67.0,65.0,Orthodox,grappler,35,,,,,27.239743589743593,,,2026-05-16,0.5094260772257159,0.2886819669982337,3.738275578140675,0.09992674715491467,0.09089321985797567,3.9269557204137566,0.0977489640955129,32.00763139202427,1.718618484880508,1.1302260436580474,22.075040397197334,0.6380204302117299,0.13590566638665563,5.911710626029115
Daniel Barez,Flyweight,flwx,0.667,0.25,0.9069666666666666,0.493,0.476,0.39956349206349207,0.23536666666666667,0.5,4.281666666666667,5.7808,23.1,0.0,0.5,0.5,0,0,2,1.0286333333333335,37.5,66.0,66.0,Orthodox,striker,35,,,,,27.693333333333335,,,2026-05-16,0.6109213724386386,0.35610899710329585,3.211316738816738,0.06653059819024465,0.09228090458923792,2.28268981018981,0.04464799153125362,52.97813825063825,-16.010650738150737,0.6237420912420912,51.07327866577866,0.5928460565693854,0.2320970695970696,3.0467343767343773
Tuco Tokkos,Light Heavyweight,lhwx,0.333,0.333,1.9869074074074073,0.467,0.418,0.13955135206500474,0.5040370370370371,0.5,3.0278333333333336,3.6625370370370374,11.11,0.25,0.5,0.25,0,0,1,1.8627037037037035,36.0,76.0,76.0,Orthodox,wrestler,35,,,,,64.80370370370372,,,2026-05-16,0.6309440257255768,0.37683001123611576,3.5879846248566016,0.09190524180741197,0.2184593408619778,3.8281287245936566,0.09222255628966501,31.822759088053985,-2.683043386893441,0.5609155602290257,30.009361796275705,0.5592021620947948,0.27997993256028825,5.464953654942343
Dooho Choi,Featherweight,fwx,0.593,0.538,1.3357041847041846,0.57,0.556,0.6163659018524076,0.5642640692640692,0.2,4.654111111111111,4.2896940836940844,20.8,0.6,0.2,0.2,2,6,0,0.7974776334776335,35.2,70.0,70.0,Orthodox,balanced,35,,,,,47.690187590187584,,,2026-05-16,0.6743550606279268,0.45282786420660187,7.240793869721327,0.12623001692278188,0.15884404105888805,5.580976432835485,0.09565653623963728,46.23678257058059,2.9601870263300967,1.0905572292626204,35.01158999366099,0.6246270135923119,0.4267915517112265,3.862347619184805
Alice Ardelean,Women's Strawweight,wswx,0.857,0.5,1.1763589743589744,0.614,0.462,0.04530424903231921,0.2779487179487179,0.8,5.654994301994303,4.672606837606838,34.79,0.2,0.8,0.0,0,0,0,0.903025641025641,34.2,62.0,63.0,Orthodox,balanced,35,,,,,52.57065527065528,,,2026-05-16,0.6650196958877737,0.37558903304473806,2.3947409989456165,0.0446444975767087,0.17529405512028767,3.989912622726909,0.06349052608972944,76.30288870847605,16.50553820111513,0.31015654514677393,41.523737040904926,0.6680254198437692,0.059791891758094885,2.691525961425498
Shauna Bannon,Women's Strawweight,wswx,0.474,0.0,0.5774700854700855,0.459,0.446,0.04530424903231921,0.44294871794871793,0.4,3.9055498575498575,3.7164957264957272,17.31,0.2,0.4,0.4,0,0,2,0.763025641025641,32.7,65.0,65.0,Switch,striker,35,,,,,34.737321937321944,,,2026-05-16,0.5303377175370751,0.3516882915750181,3.0723966766012945,0.06230363515371076,0.11573972056595311,4.337897970712258,0.08171244410630865,46.14721105279841,9.344366039942972,0.4475191825094114,33.67575169291958,0.5632903981345776,0.18799701996322313,7.8197310896306265
Nicolle Caliari,Women's Strawweight,wswx,1.0,0.258,2.040175824175824,0.534,0.39,0.05824832018441041,0.365076923076923,0.3333333333333333,3.559849816849817,4.9764945054945064,13.22,0.3333333333333333,0.3333333333333333,0.3333333333333333,1,0,0,2.127032967032967,29.6,62.0,63.0,Orthodox,wrestler,35,,,,,70.83369963369965,,,2026-05-16,0.6429938988048376,0.3422050248576202,4.038136386399466,0.09114909153616353,0.23618305953107283,4.599275412893781,0.09217370264648647,40.13432629865289,-14.94185904754585,0.38856861927034203,47.132559868918584,0.6034537722050237,0.2197324322604077,5.1748190932613545
Cody Brundage,Middleweight,mw,0.667,0.424,1.3644615384615384,0.518,0.498,0.3923605394876229,0.3965653846153846,0.25,2.233223076923077,2.534455769230769,9.8,0.3125,0.25,0.25,2,4,2,1.1045769230769231,32.0,72.0,72.0,Orthodox,grappler,40,1.0,,,,45.16826923076923,6.0,8.0,2026-05-16,0.7454769846651608,0.44159406527249756,6.723024588320824,0.21337694186409525,0.15065098727691312,3.3179948921800344,0.09879444608157498,23.457183287476255,3.005439531179262,0.7889190072752376,28.440143553520933,0.561966690718367,0.058738912864842764,12.075749235154115
Nikolay Veretennikov,Welterweight,wwx,0.667,0.222,0.8023238095238096,0.44,0.537,0.10105820284142586,0.5108857142857144,0.5,3.160638095238095,3.6729142857142856,11.69,0.16666666666666666,0.5,0.3333333333333333,2,1,0,0.8826190476190476,36.5,74.0,73.0,Orthodox,balanced,35,,,,,32.023809523809526,,,2026-05-16,0.5548604123947812,0.39965552483194106,3.0684845622900765,0.07279158933410745,0.10682472498678719,7.354449272472766,0.18619393750632907,32.22672083628299,0.05251212308503446,0.5630457325358564,35.02740972374886,0.5160616881636625,0.23796733660534858,13.809678242329033
Timmy Cuamba,Bantamweight,bwx,0.667,0.316,1.59500522875817,0.563,0.459,0.24056525267672757,0.21987973856209153,0.6,3.2634745098039213,3.6644941176470587,13.62,0.2,0.6,0.2,0,1,1,1.4858274509803922,27.4,71.0,69.0,Orthodox,balanced,35,,,,,52.100522875817,,,2026-05-16,0.6158754138576218,0.3730054783168409,4.073808809987966,0.09327893202403398,0.17362979014981478,4.652733772763223,0.10114766147664149,36.665970883199755,-4.645200716259064,0.4416723966312812,32.97300059832081,0.6299563319336975,0.4067595337137947,5.829249812937481
Benardo Sopaj,Bantamweight,bwx,0.769,0.6,2.0425781512605043,0.527,0.58,0.465891588606342,0.6294168067226892,0.3333333333333333,4.017610084033613,4.1943495798319335,20.38,0.3333333333333333,0.3333333333333333,0.3333333333333333,1,0,0,1.4017781512605043,25.7,66.0,66.0,Orthodox,wrestler,35,,,,,60.84352941176471,,,2026-05-16,0.7200671137264676,0.4473430534181689,13.215776162292219,0.23170632466529328,0.20267053605342486,5.916152213332934,0.10754715425245598,36.25047904763045,-9.536961360464948,1.0458864879764824,31.840286483555328,0.6325407882476723,0.3540204993902635,5.454914594655883
Andre Petroski,Middleweight,mwx,0.864,0.528,2.768744537815126,0.515,0.492,0.12424831156349747,1.0365176470588235,0.46153846153846156,2.941363025210084,3.230368067226891,11.94,0.23076923076923078,0.46153846153846156,0.3076923076923077,4,1,0,1.5762991596638656,35.0,73.0,72.0,Switch,grappler,35,,,,,91.129243697479,,,2026-05-16,0.6371602387560337,0.4043060979002236,7.450985336424338,0.20174851298513466,0.3037063526386818,2.1468926390161727,0.055502509741507264,28.355574384220986,-4.242492170791046,1.0162223173987754,28.933450830886887,0.5661382809456013,0.3919872870181559,6.2414507222839495
Ivan Erslan,Light Heavyweight,lhwx,0.704,0.375,1.0614074074074074,0.543,0.49,0.13955135206500474,0.15603703703703703,0.75,3.131333333333333,4.338037037037037,12.2,0.0,0.75,0.25,0,0,1,0.9292037037037036,34.6,72.0,74.0,Orthodox,balanced,35,,,,,69.6037037037037,,,2026-05-16,0.714878451955085,0.424749423776127,3.321317958189935,0.0814954057418382,0.23445934086197778,4.178128724593656,0.09910780219130436,33.37275908805398,-11.249710053560108,0.22758222689569235,33.326028462942375,0.6130557052855137,0.4299799325602882,7.348286988275676
Malcolm Wellmaker,Bantamweight,bwx,0.429,0.0,0.8775058823529412,0.515,0.535,0.5549765686019779,0.247364705882353,0.25,4.008158823529412,3.8778058823529413,17.57,0.5,0.25,0.25,0,2,1,0.9723058823529412,32.0,71.0,70.0,Switch,striker,35,,,,,34.000588235294124,,,2026-05-16,0.5112248674604322,0.37911221882813934,2.5638041420056923,0.05550377027845064,0.1132593380943658,8.926633186666317,0.17111508223136085,40.4044370238195,0.032390952450312205,0.7812221055508507,32.96962567311091,0.6051794621676667,0.16914293696648053,2.877960984609612
Khamzat Chimaev,Middleweight,mw,0.875,0.583,3.6099450549450554,0.52,0.542,0.2897076029947407,0.9479505494505494,0.4,3.4096043956043958,2.7499368131868134,17.217,0.6,0.4,0.0,0,2,0,2.1843956043956045,32.0,75.0,74.0,Orthodox,grappler,47,-1.0,Russia,,1.0,117.94038461538462,9.0,1.0,2026-05-09,0.7254863069796197,0.47867342332096985,16.811774256607386,0.32881042052676207,0.3931880908648794,2.7511728273379377,0.055740159007486,31.586038236767315,-3.7127261355824217,1.2375861594615196,31.683434890123067,0.5706650082456094,0.08391273266406109,3.3641138141953175
Baisangur Susurkaev,Middleweight,mwx,1.0,0.263,1.8989510204081632,0.591,0.54,0.2827366829214893,0.6279714285714285,0.0,4.587881632653061,4.286751020408163,24.5,1.0,0.0,0.0,0,1,0,1.6702979591836733,25.4,79.0,74.0,Orthodox,grappler,42,,,,,60.72816326530613,,,2026-05-09,0.5742861648963605,0.39776075517370785,6.231770840072012,0.11490354729452644,0.20242664135446373,6.007084888301948,0.12241689801772873,44.936118435412254,3.172611179691791,0.7934293146043997,38.08607644183129,0.5913798388906258,0.2330751163989316,4.0149517541181625
Joaquin Buckley,Middleweight,mw,0.702,0.452,1.2584871794871793,0.589,0.364,0.5546290852263075,0.12715750915750915,0.35294117647058826,3.234545787545788,2.8426721611721613,16.067,0.47058823529411764,0.35294117647058826,0.17647058823529413,3,6,0,0.9691684981684981,32.0,76.0,70.0,Southpaw,balanced,47,-2.0,United States,,,32.979304029304025,11.0,6.0,2026-05-09,0.6244379961942572,0.3052541569853939,8.539388496813482,0.17779699689419834,0.10987219246831231,3.29332846874289,0.06855386976389966,36.68938090870754,5.808355109059614,0.6815101656589564,28.841406558908822,0.6462746417559215,0.2718148376490566,8.456269112845186
Djorden Santos,Middleweight,mwx,0.8,0.2,1.0658081632653063,0.481,0.399,0.12202239720720355,0.2366857142857143,0.6666666666666666,5.016881632653061,5.538608163265306,34.22,0.0,0.6666666666666666,0.3333333333333333,0,0,1,0.8907265306122449,28.9,75.0,72.0,Orthodox,striker,42,,,,,40.15673469387756,,,2026-05-09,0.7168120064017939,0.3789936962232027,3.7496279829291557,0.07892422049887311,0.13385521278303517,4.882084888301948,0.10214125529310643,61.04326129255511,-6.505960248879638,0.31128645746154254,52.76464787040272,0.5460724119425738,0.2330751163989316,5.157808896975305
Ateba Gautier,Middleweight,mwx,1.0,1.0,1.018184126984127,0.538,0.375,1.344906308938936,0.18408888888888889,0.2,3.7976857142857146,3.475361904761905,13.75,0.8,0.2,0.0,0,4,0,0.5768984126984127,24.2,81.0,76.0,Switch,striker,42,,,,,25.56634920634921,,,2026-05-09,0.6974915893947574,0.35397982318936383,3.5135995422782322,0.08230902575597779,0.08526701734976808,5.29717713534596,0.13030899942710586,34.075314338653975,0.009253139760281847,1.4921116891367552,24.955837232535448,0.5928913898442241,0.18128064608805794,3.1227402532030153
Ozzy Diaz,Middleweight,mwx,0.667,0.0,0.9205224489795919,0.629,0.512,0.12202239720720355,0.2366857142857143,0.3333333333333333,4.756310204081633,5.398036734693877,25.0,0.0,0.3333333333333333,0.6666666666666666,2,0,0,0.8667265306122449,35.6,79.0,76.0,Orthodox,striker,42,,,,,36.942448979591845,,,2026-05-09,0.7235281474036491,0.42871667782304634,3.1781994115005845,0.07335835779015325,0.12314092706874943,4.667799174016234,0.10390377848420104,49.97183272112654,-7.220245963165352,0.31128645746154254,49.550362156117004,0.5962312374920243,0.6616465449703602,5.086380325546734
Sean Strickland,Middleweight,mw,0.688,0.621,0.7229045092838196,0.606,0.425,0.265421061715602,0.17607957559681697,0.68,5.446705570291776,4.226866047745358,28.929,0.24,0.68,0.08,2,5,0,0.4522944297082228,35.2,76.0,73.0,Orthodox,balanced,47,2.0,United States,,,27.626392572944297,18.0,7.0,2026-05-09,0.7845266016459786,0.39059370620017153,4.3087361692852975,0.05775821506188954,0.09206143621724713,3.1449225857399252,0.04326029426291189,74.2431313312644,15.566559282586681,0.4413727143770111,27.95206944577798,0.7327754383499705,0.13287412709890634,2.4320438074954476
Roman Kopylov,Middleweight,mw,0.889,0.5,1.0788269230769232,0.533,0.502,0.7232631743595286,0.09570673076923077,0.4166666666666667,3.962778846153846,4.309819711538461,20.875,0.4166666666666667,0.4166666666666667,0.16666666666666666,0,5,2,0.7967211538461538,35.0,75.0,72.0,Southpaw,balanced,47,1.0,,,,31.010336538461537,7.0,5.0,2026-05-09,0.6548721178329581,0.4103394471814742,3.4725307354010293,0.06346442552760165,0.10344741465169696,3.1756186152250434,0.05744657913034055,52.793354109345316,-3.6103880860259228,0.8189612590940469,38.82830444190117,0.6233002119047819,0.14373614108105345,4.347811543942642
William Gomis,Featherweight,fwx,0.776,0.385,1.0182598714416897,0.616,0.486,0.1026475114485187,0.41279063360881535,0.8571428571428571,3.4084141414141413,3.0898833792470155,15.57,0.14285714285714285,0.8571428571428571,0.0,0,1,0,0.8179715335169881,29.0,73.0,72.0,Southpaw,striker,42,,,,,46.487511478420565,,,2026-05-09,0.4933251978830743,0.35430701309625,2.2610103796453247,0.050672905351520296,0.1550439310446454,6.603060914517891,0.13965891657076993,39.30135963528438,4.494783488056487,0.4788910190615168,21.969296355568527,0.7051427630244745,0.13409833854156103,2.9157151516897515
Jeremy Stephens,Lightweight,lwx,0.619,0.385,1.1452283018867924,0.579,0.408,0.5713633609004263,0.40414339622641504,0.5555555555555556,3.231422641509434,3.3363113207547173,14.23,0.2222222222222222,0.5555555555555556,0.19444444444444445,3,8,4,0.902083962264151,40.1,71.0,69.0,Orthodox,balanced,42,,,,,48.006981132075474,,,2026-05-09,0.5911592584132189,0.31721908941513677,6.982330588242258,0.1614716694714583,0.15995796675976526,4.313213276476668,0.09842771850298786,32.62843079072558,-2.8134965590501304,0.9361390753668098,27.836269476977435,0.6656543492858871,0.18190487139672668,5.933600757188444
Mateusz Rebecki,Lightweight,lwx,0.533,0.487,2.4090943396226416,0.546,0.469,0.5807350125252304,0.3344779874213836,0.5,4.6630754716981135,4.361037735849057,23.57,0.25,0.5,0.25,1,1,1,1.6439465408805034,33.6,66.0,67.0,Southpaw,wrestler,42,,,,,66.92327044025157,,,2026-05-09,0.667319197509995,0.389963067546607,8.831578151283715,0.13637955539524496,0.22318793152725988,4.348806159684133,0.06937406416048114,52.27572168337101,1.064535279356709,0.8871302512226998,43.68280301849622,0.5948394273839773,0.10634957132242225,6.259621571580527
Marco Tulio,Middleweight,mw,0.0,0.4,0.9861538461538462,0.563,0.549,0.7434013487190572,0.19141346153846153,0.25,4.725557692307692,2.9536394230769227,30.625,0.5,0.25,0.25,1,2,0,0.8739423076923077,31.9,74.0,72.0,Orthodox,balanced,47,-2.0,,,,38.42067307692308,2.0,2.0,2026-05-09,0.5949849786697046,0.4213074722055794,6.007561470802059,0.09670766078268711,0.1279885793033939,4.569987230450087,0.07691808799305308,60.30545821869063,24.888598827948154,0.9347975181880939,28.43785888380233,0.6147766992257224,0.896847282162107,5.226873087885284
Jim Miller,Lightweight,lwx,0.476,0.45,1.4941790603033667,0.567,0.421,0.18410097687514582,1.618739918608953,0.44680851063829785,3.012978542360341,3.487322604513504,12.71,0.425531914893617,0.44680851063829785,0.10638297872340426,2,6,3,0.9820658527561968,42.8,71.0,68.0,Southpaw,grappler,42,,,,,54.02312245652978,,,2026-05-09,0.5895260970747727,0.3232457369215715,5.3293920149109715,0.1368425438886846,0.18021992365270678,5.575446310358775,0.1430049157036152,28.547826562861697,-6.3985191715023655,1.593728988221329,30.77230034393404,0.6341720752210308,0.10477455976817177,5.625863338971328
Grant Dawson,Lightweight,lwx,0.7,0.39,3.1859543197616684,0.448,0.512,0.12835499801751796,1.0619334657398214,0.4,3.3228371400198613,2.613497517378352,13.89,0.4666666666666667,0.4,0.13333333333333333,2,2,0,2.437703078450844,32.3,72.0,70.0,Switch,grappler,42,,,,,148.372591857001,,,2026-05-09,0.6735248307505975,0.4376334552948404,14.397981293806412,0.3403808675223557,0.49449507314151886,4.363551496183567,0.0985998874123613,25.713316900142512,-0.4857545287481963,1.074143205758381,22.713198898899872,0.5364002110691718,0.25414875972718076,4.80148635862387
Pat Sabatini,Featherweight,fwx,0.5,0.411,3.534523905723906,0.541,0.546,0.16694150839558036,1.1046464646464647,0.5454545454545454,2.24637037037037,1.9015144781144782,7.42,0.2727272727272727,0.5454545454545454,0.18181818181818182,2,0,0,2.5417791245791244,35.6,70.0,68.0,Orthodox,grappler,42,,,,,150.7175084175084,,,2026-05-09,0.6894780047278108,0.46271395612018096,9.524740945073237,0.3954256015047664,0.5024488827660734,3.2339113373131196,0.11329628775624573,17.079330399208548,-0.9704921087585764,1.1345200806451123,14.735817327416921,0.6536628027185866,0.19000544826381144,3.3465244445724847
Jared Gordon,Lightweight,lwx,0.605,0.348,1.8433241852487134,0.555,0.537,0.176758217158203,0.07371526586620926,0.4444444444444444,5.3066775300171525,4.118747855917667,25.61,0.16666666666666666,0.4444444444444444,0.3333333333333333,4,3,2,1.5984253859348199,37.8,68.0,69.0,Orthodox,balanced,42,,,,,85.48542024013723,,,2026-05-09,0.7204556241960591,0.4676105517012528,12.212219694808539,0.16643135134900017,0.28500709403475427,8.572582897363345,0.11696672685022702,52.06455265719508,7.081447497957634,0.23998678891526415,38.229580867231704,0.6255223404646088,0.23760974400291765,4.497012463180762
Louie Sutherland,Heavyweight,hwx,0.0,0.429,2.7994649859943976,0.302,0.688,0.1555520830175175,0.16857142857142857,0.3333333333333333,2.9801036414565822,3.0883165266106443,6.6,0.0,0.3333333333333333,0.6666666666666666,1,0,1,1.6830028011204479,32.4,76.0,75.0,Orthodox,wrestler,49,,,,,91.48963585434173,,,2026-05-02,0.6391612189108274,0.5131734212215349,5.702914379085589,0.2026249525170425,0.3049678176857515,5.080186428346255,0.14985716269817687,26.096058777556216,1.001224050169847,0.29633394633929394,24.93385597864675,0.5025121791981498,0.15241010761191223,6.418911962730253
Colby Thicknesse,Bantamweight,bwx,0.333,0.071,1.2887210084033616,0.543,0.411,0.14446301717777058,0.997131092436975,1.0,3.5247529411764704,3.441349579831933,16.22,0.0,1.0,0.0,0,0,0,2.199349579831933,27.0,69.0,67.0,Orthodox,grappler,49,,,,,63.11495798319328,,,2026-05-02,0.5897380344520987,0.3423312198918219,9.072919019435076,0.18965597229474593,0.21021021859310737,4.773295070475791,0.09483300060208918,36.19690761905902,-2.2691042176078065,1.117315059405054,30.393857912126755,0.6228454144969992,0.19330621367597775,3.329914594655883
Themba Gorimbo,Welterweight,wwx,0.731,0.625,3.4274365079365077,0.515,0.567,0.29474148482399526,0.41390476190476183,0.625,3.154031746031746,2.525928571428571,11.79,0.125,0.625,0.25,0,1,2,1.7928492063492065,35.4,77.0,73.0,Orthodox,wrestler,49,,,,,110.26984126984127,,,2026-05-02,0.5573084890257262,0.42141432624883973,6.370835650761298,0.1682724397333101,0.36750913317050077,8.100367646088976,0.20998617599211633,27.110661425647432,4.284650790829971,0.6594881779229302,22.723921058589635,0.5811489751736785,0.08292149845317508,5.109279776839645
Jacob Malkoun,Middleweight,mw,0.556,0.429,3.7746331360946743,0.554,0.568,0.20572950130962953,0.5899467455621302,0.6666666666666666,3.6922662721893493,2.4608550295857987,19.273,0.1111111111111111,0.6666666666666666,0.1111111111111111,1,1,0,2.988733727810651,30.7,73.0,69.0,Orthodox,wrestler,54,3.0,,,,104.74349112426036,6.0,3.0,2026-05-02,0.8333923141151559,0.5036168945016095,12.801856010004062,0.22882314980069035,0.3490419229279627,3.1689431907664862,0.06090015687164689,39.408254008704716,9.567809068947115,0.7955397314723934,26.4372837886336,0.6103806862585386,0.18477315265919864,4.171082739397937
Quillan Salkilld,Lightweight,lw,0.75,0.312,4.308833333333333,0.476,0.598,0.9772416520249748,0.6723611111111112,0.2,4.71975,2.90625,16.57,0.8,0.2,0.0,0,3,0,3.1951388888888888,26.5,75.0,72.0,Orthodox,wrestler,49,,Australia,"Pinjarra, Australia",12.0,65.63888888888889,,,2026-05-02,0.6403536590150739,0.4811599852430866,7.381340455582182,0.1424458948652818,0.21323455283956416,7.141664801285994,0.1349171172658448,40.1846835874129,13.921184699748721,1.4768402644199246,22.865074537194673,0.5674727625267649,0.12659799736716487,3.014451794220331
Tai Tuivasa,Heavyweight,hwx,0.587,0.0,0.21642067736185383,0.429,0.486,0.6105328056354439,0.053636363636363635,0.2777777777777778,3.459078431372549,4.473964349376114,14.03,0.3888888888888889,0.2777777777777778,0.3333333333333333,3,7,3,0.22404634581105168,33.3,75.0,74.0,Southpaw,striker,49,,,,,34.23761140819965,,,2026-05-02,0.5998364629728642,0.39801335323487047,2.6794987310077523,0.0631418557153711,0.11400924069221964,9.541098279149134,0.22285140588552602,31.24744727337828,-10.469740399621282,0.655327034874191,38.84908404515383,0.5091321636874558,0.46927334592846554,9.2073161439856
Beneil Dariush,Lightweight,lw,0.827,0.384,2.1841166666666667,0.572,0.491,0.42888678132177815,0.7967083333333334,0.38461538461538464,3.8618916666666667,2.7788749999999998,16.08,0.3076923076923077,0.38461538461538464,0.3076923076923077,7,3,1,1.630175,37.1,72.0,70.0,Southpaw,wrestler,49,,Iran,Iran,14.0,98.425,,,2026-05-02,0.6093089795172043,0.4036388065010575,8.350116422388941,0.17070082560087038,0.3263751277566312,7.185356583242941,0.14587165940567873,34.39111936193816,7.0906411242103315,1.1073377936116917,22.830950932586976,0.6443869843386303,0.48797939921014954,3.4971926811232428
Gerald Meerschaert,Middleweight,mw,0.4,0.294,1.3667743589743588,0.536,0.451,0.19268480410285965,1.1101102564102563,0.23076923076923078,2.536482051282051,2.8706371794871797,12.074,0.46153846153846156,0.23076923076923078,0.3076923076923077,5,1,3,1.513851282051282,38.4,77.0,73.0,Southpaw,grappler,54,-5.0,,,,54.11884615384615,12.0,14.0,2026-05-02,0.719242352978087,0.3858644631087949,3.594608984806475,0.09417734106828002,0.1803113577730861,3.944589187379282,0.104128617964209,30.505529599058242,0.2332559837491374,1.3029830418871953,29.70009570234729,0.6062597202191711,0.37619631228026557,9.74753652713978
Brando Pericic,Heavyweight,hwx,0.714,0.0,0.6801792717086835,0.583,0.576,0.47698065444608895,0.16857142857142857,0.0,6.919103641456582,4.041459383753501,34.25,1.0,0.0,0.0,0,3,0,0.48300280112044813,31.9,79.0,77.0,Orthodox,striker,49,,,,,32.77535014005602,,,2026-05-02,0.6730032892492481,0.4547318627799764,6.667200093371304,0.10716566727673535,0.10925353197146578,12.858757856917682,0.16265458425472254,52.90320163469908,17.07265262159842,0.6177625177678655,30.398141692932462,0.6196803768541523,0.15241010761191223,3.5903405341588255
Jonathan Micallef,Welterweight,wwx,0.714,0.4,1.0471768707482991,0.571,0.438,0.3050831469163227,0.46369387755102043,0.6666666666666666,4.092625850340136,3.958306122448979,19.88,0.3333333333333333,0.6666666666666666,0.0,0,0,0,0.9355986394557824,27.3,77.0,72.0,Southpaw,striker,49,,,,,47.37687074829932,,,2026-05-02,0.638770655811526,0.37878996258790415,3.122560363711098,0.06426603838763827,0.15785400272837732,5.709652806829225,0.10660702946357407,47.58350229359109,2.275566769242357,0.7301752223039707,34.51168422074012,0.6271766352648596,0.14215114020544298,4.188276609920594
Vince Morales,Bantamweight,bw,0.644,0.471,0.939,0.545,0.367,0.22586398706403488,0.44906250000000003,0.8333333333333334,3.51975,3.7770625,16.42,0.08333333333333333,0.8333333333333334,0.08333333333333333,1,1,0,0.71325,35.6,70.0,67.0,Orthodox,balanced,49,,,,,29.737499999999997,3.0,9.0,2026-05-02,0.6601754486839206,0.3222808327255337,2.567682206442022,0.048884431862223715,0.10024462645047483,3.735551447379044,0.07391523705954618,44.57816282460595,-5.090505441139145,0.6641546584835305,30.47412324721806,0.6570288918230038,0.19688002978696462,1.978058067900519
Cam Rowston,Middleweight,mwx,1.0,0.429,1.639665306122449,0.539,0.485,0.33630811149291784,0.2366857142857143,0.3333333333333333,4.395881632653062,3.137322448979592,24.67,0.6666666666666666,0.3333333333333333,0.0,0,2,0,1.152583673469388,31.4,78.0,75.0,Orthodox,wrestler,49,,,,,87.42816326530613,,,2026-05-02,0.6995127033882051,0.4132670331281186,17.749627982929155,0.27026955470135017,0.29147426040208274,5.310656316873377,0.11278408736450993,34.3289755782694,1.5654683225489339,0.5255721717472569,25.550362156117007,0.6016766849017575,0.2330751163989316,4.0149517541181625
Robert Bryczek,Middleweight,mwx,0.714,1.0,1.0748081632653061,0.552,0.38,0.2648795400643464,0.3909714285714286,0.6666666666666666,3.2327387755102044,4.222036734693877,13.0,0.3333333333333333,0.6666666666666666,0.0,0,1,0,0.7000122448979592,36.0,75.0,72.0,Orthodox,balanced,49,,,,,38.013877551020414,,,2026-05-02,0.6178871217626235,0.3545844493363645,5.46391369721487,0.13196641639821188,0.126712355640178,5.167799174016234,0.12991110449152704,31.75754700684083,-9.220245963165352,0.5970007431758282,38.76464787040272,0.574214395638226,0.3759322592560745,10.44352318268959
Shamil Gaziev,Heavyweight,hwx,0.833,0.333,1.1397254901960785,0.452,0.454,0.24734799657380072,0.118,0.16666666666666666,3.3457725490196077,4.649721568627451,12.54,0.3333333333333333,0.16666666666666666,0.5,3,2,0,0.8919019607843136,36.4,78.0,76.0,Orthodox,balanced,49,,,,,81.44274509803921,,,2026-05-02,0.6834976273591632,0.3980152742430132,4.130501603821451,0.10246211818412716,0.271400549303103,6.906899730611609,0.1681459703862141,31.407241144289355,-20.552989318727263,0.34589530089904424,37.59985303120657,0.5629296295161579,0.5220716907129539,2.651699912372716
Talita Alencar,Women's Strawweight,wswx,1.0,0.378,2.1413589743589743,0.54,0.357,0.04530424903231921,0.4929487179487179,0.8,3.5699943019943023,3.713162393162394,16.13,0.2,0.8,0.0,0,0,0,1.8769145299145302,35.7,58.0,61.0,Orthodox,wrestler,56,,,,,79.01509971509972,,,2026-04-25,0.6157779787349121,0.31626839624002273,8.362994967199585,0.1732310915357126,0.26332756482046404,6.021658654472941,0.11865765377879105,37.21558712117447,-7.288112592535662,0.5244422594324882,34.32532434249223,0.6185858166144348,0.17090300286920598,3.0248592947588313
Alexander Hernandez,Lightweight,lwx,0.688,0.351,1.135596912521441,0.597,0.404,0.41622606638214976,0.1391698113207547,0.5,4.208677530017153,4.3993842195540305,19.24,0.2777777777777778,0.5,0.2222222222222222,3,5,1,0.95942538593482,33.7,72.0,69.0,Orthodox,striker,56,,,,,38.11269296740995,,,2026-04-25,0.5684216505651274,0.32279175160377993,4.549248519642242,0.08164146442983572,0.1270913512409627,4.621363385168222,0.08126182338866958,48.053466182693974,-2.557133433306223,0.5393216004451976,35.95463629960421,0.6738270257551219,0.17774278169693097,3.0003384055310947
Davey Grant,Bantamweight,bwx,0.652,0.387,1.1070023529411765,0.548,0.455,0.2791334845836483,0.2253458823529412,0.5,5.213463529411765,3.9957223529411765,25.31,0.25,0.5,0.25,0,3,4,0.8935223529411764,40.5,69.0,68.0,Orthodox,striker,56,,,,,37.480235294117655,,,2026-04-25,0.44604896464396376,0.3054250552541928,3.8255216568022767,0.059078271987203404,0.12492278285679395,4.770653274666527,0.07033055973404981,62.3617748095278,16.384384952408695,0.48391741364891167,32.70213598353008,0.6365652948362892,0.29622860335802076,4.208327250986701
Jafel Filho,Bantamweight,bwx,0.474,0.562,2.120404705882353,0.522,0.401,0.10112411202443941,1.3006917647058824,0.3333333333333333,2.4709270588235293,2.4428447058823535,7.75,0.5,0.3333333333333333,0.16666666666666666,0,0,1,1.4060447058823529,33.1,68.0,67.0,Orthodox,grappler,56,,,,,73.5204705882353,,,2026-04-25,0.5560556873069242,0.32141921619944247,5.051043313604554,0.17343527428727662,0.24486937523739738,4.441306549333054,0.13615773586114427,24.887835333341314,-1.8383729523254644,1.3321205415835378,18.87570053848873,0.6425679515627705,0.2853143495731844,4.080940216259118
Rafa Garcia,Lightweight,lwx,0.771,0.457,2.77434213836478,0.614,0.443,0.15460337100328733,0.4036490566037736,0.7272727272727273,4.233660377358491,4.345563522012579,20.55,0.18181818181818182,0.7272727272727273,0.09090909090909091,1,1,0,1.9806238993710692,31.9,70.0,67.0,Orthodox,wrestler,56,,,,,59.665283018867925,,,2026-04-25,0.7465939421751515,0.3919573423215239,3.992451461119138,0.07066969731082039,0.19897464971062853,5.750934328668965,0.09663335531963177,50.1136649043005,-1.127173619832605,0.5312095773222458,38.22489064828392,0.6780388266208202,0.0850796570579378,4.767451481534774
Rodolfo Vieira,Middleweight,mw,0.6,0.222,2.187148717948718,0.492,0.543,0.1810961039322151,0.6946205128205128,0.36363636363636365,3.109697435897436,3.631741025641026,15.154,0.45454545454545453,0.36363636363636365,0.18181818181818182,1,0,1,3.0919692307692306,36.6,73.0,72.0,Orthodox,wrestler,61,-2.0,,,,72.62435897435898,6.0,5.0,2026-04-25,0.6394220794418956,0.43726939931147807,3.6348020151969953,0.07883250385912656,0.24215801152591263,3.21424959982979,0.0692249209377087,39.79368028073757,-7.087619086632779,0.8754817532900604,37.543781148284324,0.5678170594859612,0.24754931971722627,3.4338194930259984
Montel Jackson,Bantamweight,bw,0.67,0.61,2.3725882352941174,0.593,0.538,0.972281164985574,0.3426470588235294,0.6923076923076923,3.1585882352941175,1.870764705882353,13.32,0.3076923076923077,0.6923076923076923,0.0,0,3,0,1.3136470588235294,34.2,75.0,70.0,Southpaw,balanced,56,,,,,75.31764705882352,9.0,4.0,2026-04-25,0.6985044171065123,0.44894466608255934,6.33832570611483,0.14867820170329846,0.2521093695440959,8.191507451595664,0.1983790543176214,29.141358697783343,7.782853598955463,1.285945802429902,11.604763918720327,0.7575969586912934,0.05695660557489718,1.6096748004942611
Sedriques Dumas,Middleweight,mwx,0.333,0.278,1.252358241758242,0.533,0.443,0.06570436772695576,0.12744615384615385,0.3333333333333333,2.455167032967033,3.069327472527473,7.94,0.0,0.3333333333333333,0.5555555555555556,2,0,3,1.0844681318681317,30.9,79.0,74.0,Orthodox,balanced,56,,,,,74.86131868131869,,,2026-04-25,0.5106177203968367,0.3308252779918571,4.6434648414867405,0.16257757727162098,0.24963244489222255,2.7917108674567057,0.084153316619698,22.883023048932394,-3.04619579012071,0.16761578478698447,24.936620346506444,0.591482118593123,0.49201782285734325,7.781806600633763
Jackson McVey,Middleweight,mwx,0.0,0.0,0.9205224489795919,0.236,0.692,0.443450968635775,0.7531142857142858,0.0,4.818881632653062,3.736036734693877,20.25,0.3333333333333333,0.0,0.6666666666666666,0,0,2,0.7595836734693878,27.2,77.0,76.0,Southpaw,grappler,56,,,,,61.7995918367347,,,2026-04-25,0.6064911103666122,0.4939093637704492,7.678199411500584,0.14743243186422733,0.2059980699258923,20.310656316873377,0.3647503393307619,23.721832721126543,-5.184531677451067,0.9541436003186854,27.800362156117007,0.4418127393235262,0.2330751163989316,4.657808896975305
Francis Marshall,Lightweight,lwx,0.889,0.417,1.8593756432247,0.536,0.293,0.3526849487288229,0.536885077186964,0.5714285714285714,2.986264150943396,3.5082229845626074,10.75,0.2857142857142857,0.5714285714285714,0.14285714285714285,1,1,0,1.3973962264150943,27.3,72.0,69.0,Orthodox,wrestler,56,,,,,74.39811320754717,,,2026-04-25,0.7501139061994273,0.3005794805142817,3.3471112299718455,0.07999045866296567,0.24794563670217673,3.0128210053697035,0.06930947302996175,34.1408846935476,-4.500214760182291,0.8370966376974907,29.226207189008868,0.6089547842938663,0.11601771416991519,6.464230026139796
Raoni Barcelos,Bantamweight,bw,0.878,0.317,2.3049473684210526,0.606,0.517,0.3642005520660609,0.6244736842105263,0.6666666666666666,4.512947368421052,4.083842105263158,22.39,0.26666666666666666,0.6666666666666666,0.06666666666666667,1,2,0,2.2774736842105265,39.1,67.0,67.0,Orthodox,balanced,56,,,,14.0,65.87368421052629,11.0,4.0,2026-04-25,0.7108578403579887,0.44180757961415074,11.294596195785463,0.17246552496754128,0.22041839473294741,4.6035405816649755,0.07183825222385895,48.85926280106856,-2.5278430695833896,0.9661033977847072,38.02547244158309,0.6751301914204554,0.22426027482118527,3.1140934785821153
Eric McConico,Middleweight,mwx,0.69,1.0,1.123457142857143,0.457,0.469,0.10676959755630311,0.2071,0.5,3.2392714285714286,3.530157142857143,12.55,0.0,0.5,0.5,2,0,0,0.6618857142857143,36.1,77.0,72.0,Southpaw,balanced,56,,,,,45.63714285714286,,,2026-04-25,0.635550897094135,0.38663571026416005,2.7809244850630113,0.0641885630663841,0.15219906876091333,7.510460640900568,0.19435783515918315,30.99239908553118,-2.976806126860592,0.27237565027884975,27.657703250238743,0.5687942574250194,0.7493952723036106,3.6494464212170286
Gauge Young,Lightweight,lwx,0.92,0.429,1.3104474393530998,0.51,0.517,0.32207634800243595,0.23167654986522912,1.0,5.352700808625337,4.523207547169812,35.0,0.0,1.0,0.0,0,0,0,1.0293369272237196,25.9,70.0,69.0,Orthodox,striker,63,,,,,43.282749326145556,,,2026-04-18,0.5753095127794514,0.3840791258972063,4.3847462185271855,0.07708356682474893,0.1443312386272301,4.475504437009534,0.07019474697146179,67.53389023271765,11.437162519713542,0.520794716381771,37.43582558272822,0.619811508403072,0.18231355083843814,3.363432898219678
Dennis Buzukja,Featherweight,fwx,0.571,0.0,0.6744287317620652,0.534,0.413,0.27697322106334105,0.27663299663299656,0.4,4.281395061728395,4.446746352413019,18.09,0.2,0.4,0.4,2,1,0,0.6194096520763188,28.7,70.0,69.0,Switch,striker,63,,,,,30.85140291806958,,,2026-04-18,0.5953530080239768,0.35282870850574977,3.7937601609806486,0.0799236031829796,0.10283147127678885,3.393640107643078,0.06696628138672778,45.499641574438485,-0.849810080254193,0.5146041748125609,35.53823089923022,0.5998343658045319,0.6184434238740292,4.038399326812726
Jai Herbert,Lightweight,lwx,0.667,0.214,0.7409380053908355,0.53,0.416,0.6253238882869322,0.11583827493261456,0.5,3.451350404312669,3.574032345013477,14.21,0.2,0.5,0.3,2,2,1,0.7643827493261456,38.1,77.0,73.0,Orthodox,striker,63,,,,,46.148517520215634,,,2026-04-18,0.5607231626378554,0.31832372654619956,3.92451596640645,0.08614686650132852,0.1539116510596468,5.809180789933338,0.12883926907094448,36.409802259215965,0.2900098312853426,0.7246830724765998,27.521484219935537,0.6247553455625449,0.3590139182763619,4.9138593062526965
John Castaneda,Featherweight,fwx,0.783,0.393,1.4527583527583527,0.529,0.516,0.4330094327641312,0.2808228438228438,0.6666666666666666,4.7435811965811965,5.0102859362859355,24.96,0.2222222222222222,0.6666666666666666,0.1111111111111111,1,1,0,1.1667451437451437,34.5,71.0,66.0,Switch,balanced,63,0.0,,,,48.33558663558664,,,2026-04-18,0.5859534381714625,0.4104442951437853,3.499701090469121,0.06220828091086558,0.16109486473008458,4.7987438507459075,0.07481869948704227,59.13961199908678,-2.264029356259896,0.6840616315135912,44.3970969162503,0.6122473177347233,0.373083209535167,2.2844512821990204
Gilbert Burns,Middleweight,mw,0.537,0.356,1.8142838196286473,0.525,0.481,0.2066436322485173,0.40538992042440314,0.48,3.003602122015915,3.4104867374005305,14.758,0.32,0.48,0.2,5,3,0,1.6962599469496022,39.7,71.0,70.0,Orthodox,grappler,68,-5.0,,,,61.936737400530504,15.0,10.0,2026-04-18,0.5935122652265897,0.38141834370594896,6.237195640848217,0.13981142249371495,0.2063260030680209,4.622755098055196,0.10321197102168818,34.187712612052586,-8.47900721987637,0.6121071523528284,34.29163505258497,0.5986173125752561,0.510729030815879,4.25694304618779
Tanner Boser,Heavyweight,hwx,0.696,0.0,0.3174169934640523,0.575,0.535,0.24182174130561077,0.07866666666666666,0.5454545454545454,4.559848366013072,3.236081045751634,22.15,0.2727272727272727,0.5454545454545454,0.18181818181818182,2,3,0,0.25326797385620914,34.9,75.0,74.0,Orthodox,striker,63,,,,,28.148496732026146,,,2026-04-18,0.5249376934041774,0.39263002748164144,3.661360043573275,0.06705410242041107,0.0937542123559148,6.050753666561586,0.09977340993254989,52.27662230132111,17.636468659310033,0.30751994418910644,27.589645610547972,0.6405236709680439,0.15574010150094367,3.875492249274118
JJ Aldrich,Women's Flyweight,wflw,0.675,0.256,0.8382380952380953,0.619,0.461,0.026765462567501633,0.07240476190476192,0.8235294117647058,3.8708214285714284,4.0521071428571425,19.21,0.058823529411764705,0.8235294117647058,0.11764705882352941,1,1,1,0.9607857142857144,33.7,67.0,65.0,Southpaw,striker,63,2.0,United States,"Denver, United States",14.0,52.18214285714285,11.0,6.0,2026-04-18,0.7797157256792436,0.4135991424584827,5.3273576533305,0.09317299899874439,0.17379998978815744,6.279508200957204,0.10907969681529726,46.45142534880654,-4.325030985387822,0.09917360438527487,32.14627090406461,0.7246775736103674,0.01587864186078472,1.258203429298354
Jamey-Lyn Horth,Women's Flyweight,wflwx,0.806,0.429,1.0878444444444446,0.639,0.476,0.03607694719842604,0.2842363636363636,0.8571428571428571,3.7906080808080804,3.143711111111111,18.42,0.14285714285714285,0.8571428571428571,0.0,0,1,0,0.827658585858586,36.2,66.0,67.0,Orthodox,striker,63,,,,,47.61232323232323,,,2026-04-18,0.5574465474483206,0.3581542542984495,1.9300649093133375,0.04100123575656386,0.15867516523041666,9.9389981653266,0.1834318997244836,42.34410945606694,6.780164936407454,0.30101995696303585,27.149215836916834,0.6876911052132669,0.04434636105873602,2.9132997775540006
Karine Silva,Women's Flyweight,wflw,0.294,0.545,1.8255833333333333,0.537,0.397,0.15795067060423895,1.015375,0.625,2.7904375,2.755020833333333,10.94,0.375,0.625,0.0,0,0,0,1.2267083333333335,32.5,67.0,65.0,Orthodox,wrestler,63,-2.0,Brazil,"Dourados, Brazil",10.0,66.31875000000001,5.0,3.0,2026-04-18,0.4991423267296223,0.3056957686996142,4.216973115550597,0.09919768807184441,0.22110214262310268,5.29122268500844,0.13568780013577844,32.347286027078106,-0.31880422442868817,1.173553807674231,23.61708519322417,0.6604208621320292,0.027787623256373257,4.674078223494342
Jasmine Jasudavicius,Women's Flyweight,wflw,0.75,0.446,2.1271875,0.517,0.445,0.1054421696198459,0.5165312500000001,0.6666666666666666,3.365328125,3.180015625,15.78,0.25,0.6666666666666666,0.08333333333333333,1,0,0,1.62153125,37.3,68.0,67.0,Orthodox,wrestler,63,1.0,Canada,"St. Catharines, Canada",7.0,119.6890625,9.0,3.0,2026-04-18,0.6745879356789702,0.37929977870498066,9.761688169996281,0.20055798862512522,0.39889373659695665,5.75747951375633,0.11621777752807898,34.96358952030858,-6.535978168321516,0.6223528557556732,29.1372930615848,0.6317977549664495,0.020840717442279943,2.3467045009540897
Charles Jourdain,Bantamweight,bwx,0.47,0.217,0.6443355742296919,0.568,0.494,0.45291624382116163,0.590472268907563,0.5294117647058824,5.0464890756302525,4.055259383753501,24.98,0.35294117647058826,0.5294117647058824,0.11764705882352941,1,2,1,0.7323070028011205,30.6,69.0,69.0,Switch,striker,63,,,,,37.090700280112046,,,2026-04-18,0.5525674352361604,0.37834473291790094,5.544714503076998,0.08210938490974432,0.12352434346149688,12.21694869696132,0.16999458796203465,52.623459002271375,5.954516281205561,1.00169005381529,34.144891412885784,0.6564524506691833,0.29572792156546196,2.9807198308716885
Kyler Phillips,Bantamweight,bw,0.75,0.473,2.467428571428571,0.59,0.429,0.25006936631769683,0.35464285714285715,0.8,4.485428571428572,3.7423571428571427,22.17,0.2,0.8,0.0,0,1,0,1.7265714285714286,31.0,72.0,68.0,Orthodox,balanced,63,,,,,54.9,6.0,4.0,2026-04-18,0.6625370005321931,0.36232147361609945,8.120342584343948,0.12768058204556804,0.1840905896558942,4.038122388585455,0.06501106718121419,51.27025146815691,5.558902872464354,0.5830374780340214,31.564246541379525,0.6717278010201617,0.14305321809956725,2.8034053691366436
Robert Valentin,Middleweight,mwx,0.55,0.5,1.101457142857143,0.33,0.559,0.10676959755630311,1.0946,0.25,2.427771428571429,3.365157142857143,4.71,0.25,0.25,0.5,2,0,0,0.7138857142857143,31.2,77.0,74.0,Orthodox,grappler,63,,,,,43.83714285714286,,,2026-04-18,0.6312689471600113,0.432631381259831,4.066638770777297,0.155097653975475,0.14605188261372717,5.718252848692776,0.2602339879918577,19.75213934527144,-4.067715217769683,0.9152327931359925,30.151209743745234,0.4494221684134618,0.41822644113477947,13.370225641996248
Chris Padilla,Lightweight,lwx,0.8,0.286,1.3114591194968552,0.494,0.542,0.13939271511300577,0.3368595387840671,0.4,5.270433962264151,4.55516142557652,30.0,0.6,0.4,0.0,0,2,0,1.2484842767295596,30.8,74.0,69.0,Orthodox,balanced,70,0.0,,,,54.453249475890985,,,2026-04-11,0.5586702655913289,0.42814016718186115,5.208337967945386,0.08116600652025927,0.1814495492353204,8.430442844946809,0.1113539710691937,60.77888432241676,6.107692060787301,0.44546659758986223,39.69251080676841,0.6038843321825657,0.14179942842989635,2.5048922541708607
Dominick Reyes,Middleweight,mw,0.829,0.286,0.4262753036437246,0.496,0.536,0.6682742520922346,0.24954251012145748,0.26666666666666666,4.016024291497976,2.9415323886639677,21.0,0.4666666666666667,0.26666666666666666,0.26666666666666666,4,6,0,0.4337651821862348,36.3,77.0,76.0,Southpaw,striker,75,1.0,United States,,,24.29817813765182,10.0,5.0,2026-04-11,0.5789303025118413,0.4222141591262772,8.709950694473049,0.14512288187627642,0.08093880030819593,6.209919435377479,0.10435219172210185,45.320343310125374,6.052718303496967,0.9180350452521298,24.458797725510756,0.6101554928189392,0.4001762992562254,2.3586834054253827
Esteban Ribovics,Lightweight,lwx,0.661,0.667,0.7858301886792454,0.541,0.432,0.32616979721367134,0.26006689536878214,0.7142857142857143,6.105082332761578,5.202859348198971,34.17,0.14285714285714285,0.7142857142857143,0.14285714285714285,0,1,1,0.5491234991423671,30.1,69.0,70.0,Orthodox,striker,70,,,,,24.50720411663808,,,2026-04-11,0.7044230211721838,0.37687862527462546,4.805444563305178,0.06886101333045737,0.08169563670217674,3.4238058538545526,0.050497702459824746,76.97611196627487,11.793345845878314,0.5586875467883997,50.928858704160376,0.6073999251231131,0.22207832023052124,3.746426995836764
Cub Swanson,Featherweight,fwx,0.726,0.519,0.7881952861952862,0.585,0.526,0.49646095027622156,0.16705656565656565,0.4230769230769231,5.094118518518518,4.377123905723905,24.19,0.3076923076923077,0.4230769230769231,0.2692307692307692,2,8,5,0.49955622895622903,42.6,70.0,68.0,Orthodox,striker,70,,,,,24.262087542087542,,,2026-04-11,0.6057627606599563,0.42847360994217604,5.393743021556227,0.08071497508613774,0.08080368974904974,6.77210272748009,0.09768556290980437,57.49187108195722,8.828479435816792,0.6442208246362817,38.22697729115944,0.6553448463110942,0.20211056726916066,5.543605359541145
Jiri Prochazka,Light Heavyweight,lhwx,0.684,0.6,0.7045584045584045,0.454,0.555,0.5579057271448981,0.20886894586894586,0.0,5.035282051282052,5.184792022792023,23.55,0.6666666666666666,0.0,0.3333333333333333,3,5,0,0.4828176638176638,33.7,80.0,75.0,Orthodox,striker,70,,,,,35.217663817663826,,,2026-04-11,0.7157873541144626,0.47760310532273753,8.759272589655344,0.13792921325362567,0.11898197199897934,5.422205089260431,0.09041435599411521,48.611208389851406,1.414164442564409,0.7064841676001463,43.60832520796453,0.5367561346900624,0.5499177207364011,11.281463321456359
Kelvin Gastelum,Middleweight,mw,0.604,0.353,1.0175076923076922,0.573,0.424,0.4044047432200591,0.12211025641025643,0.6153846153846154,3.4568820512820513,3.3325705128205128,17.384,0.19230769230769232,0.6153846153846154,0.15384615384615385,0,3,4,0.9574512820512822,34.5,71.0,69.0,Southpaw,balanced,75,-1.0,,,,40.165512820512824,14.0,11.0,2026-04-11,0.6479460969692175,0.34796442005941536,3.580098583994704,0.07035151811701651,0.13398873530282288,4.600855042275273,0.08951113096496158,43.668441826354034,1.2054528381377727,0.5266765984574643,31.48685369321487,0.6507295213446348,0.359707220448708,3.165750631655254
Kevin Holland,Middleweight,mw,0.578,0.395,0.7887948717948718,0.5,0.503,0.30749123605310474,0.5358881118881119,0.41379310344827586,3.637104895104895,2.945548951048951,18.4,0.3793103448275862,0.41379310344827586,0.1724137931034483,2,5,3,0.6756829836829837,33.4,81.0,75.0,Orthodox,balanced,75,1.0,,,,36.614102564102566,16.0,12.0,2026-04-11,0.5577796931431275,0.39222841794371743,6.491443473441191,0.11991856281403315,0.12217327752232349,7.168914653269285,0.1317353252492637,40.896128399336256,8.447885430151933,0.8435006970499276,25.375844577891478,0.6035279913563094,0.11092401645488306,6.852835034292537
MarQuel Mederos,Lightweight,lwx,0.778,0.083,0.8966415094339624,0.523,0.583,0.2818168045021315,0.20271698113207548,1.0,4.77511320754717,4.458056603773585,27.17,0.0,1.0,0.0,0,0,0,1.1089198113207548,29.6,69.0,70.0,Orthodox,striker,70,0.0,,,,42.03490566037736,,,2026-04-11,0.6101223793349559,0.4296029762291461,4.7116529412112875,0.08058718027635878,0.14017872268771522,7.666066382383343,0.1108653349468009,55.84215395362794,2.1325172047493495,0.4556953768340496,39.38134738488719,0.605119096210334,0.15952435698363338,3.3180037859422185
Paulo Costa,Middleweight,mw,0.778,0.429,0.5043269230769231,0.494,0.593,0.4875094978889404,0.09570673076923077,0.5,4.952028846153846,4.796569711538461,27.471,0.4166666666666667,0.5,0.08333333333333333,1,5,0,0.4352211538461539,35.0,72.0,73.0,Orthodox,striker,75,2.0,Brazil,,,23.36033653846154,8.0,4.0,2026-04-11,0.498602483653779,0.42653852076816745,5.408192500106912,0.07940417344076889,0.07792811318110872,4.590140674048573,0.06760185743881994,64.28324381522768,-0.404965291908276,0.5832075826234587,46.66194414778352,0.5792537534383819,0.20577658225752404,2.0564512498249954
Nate Landwehr,Featherweight,fwx,0.719,0.417,0.9392572390572391,0.512,0.458,0.16694150839558036,0.700579797979798,0.2727272727272727,5.081437037037037,5.425181144781145,23.79,0.2727272727272727,0.2727272727272727,0.45454545454545453,5,1,0,0.6776457912457912,38.0,72.0,69.0,Orthodox,striker,70,,,,,35.29084175084175,,,2026-04-11,0.7030929912486003,0.40572533585416676,3.749740945073238,0.0649861989191193,0.11755073461792516,11.483911337313119,0.16933635151192764,50.62933039920855,-9.037158775425242,0.7678534139784456,48.56081732741692,0.5820711914802629,0.7400054482638114,5.363191111239151
Mateusz Gamrot,Lightweight,lw,0.833,0.386,4.4630294117647065,0.601,0.516,0.2066860154813386,0.32236764705882354,0.5384615384615384,3.5528676470588234,3.0196617647058823,14.65,0.38461538461538464,0.5384615384615384,0.07692307692307693,0,3,1,3.4961911764705884,35.5,70.0,70.0,Southpaw,wrestler,70,,Poland,"Bielsko, Biala, Poland",8.0,80.77941176470588,,,2026-04-11,0.7379656064072161,0.4600046035100217,7.905049741932039,0.17204449653705936,0.26642323583350136,3.545092932366436,0.07238999433018066,36.492978804804366,1.3692974856306888,0.4800770752317052,21.848736939859368,0.6934503650202692,0.4043927114089143,3.259751790217486
Francisco Prado,Welterweight,wwx,0.4,0.19,0.9547238095238095,0.542,0.436,0.21355820284142588,0.6632857142857143,0.8333333333333334,3.834438095238095,4.220714285714285,18.19,0.16666666666666666,0.8333333333333334,0.0,0,1,0,1.2546190476190477,24.0,69.0,70.0,Orthodox,balanced,70,,,,,49.24380952380953,,,2026-04-11,0.5519439718087801,0.3515579973594136,6.460792254597768,0.12368686876981012,0.1641228019098641,4.896756964780457,0.09322052459260144,42.983451605513764,-5.26960326153035,0.8486226556127795,38.558178954518084,0.6217404814200955,0.09950579814381008,5.519293626944416
Stewart Nicoll,Flyweight,flwx,0.286,0.115,1.3669619047619046,0.497,0.394,0.11378684807256235,0.26899047619047617,0.3333333333333333,3.6091904761904763,4.820771428571429,16.67,0.0,0.3333333333333333,0.6666666666666666,1,0,1,2.5754380952380953,30.2,65.0,65.0,Orthodox,balanced,77,,,,,39.03523809523809,,,2026-04-04,0.6512137886620929,0.3335889355308414,3.927219130076272,0.08690695451797904,0.13003531953055764,1.5802169259312115,0.03618397547913216,43.146443715015145,-12.555029415029415,0.36999096141953286,43.02660418946133,0.601427459925664,0.4795395081109367,4.210553573410717
Chris Duncan,Lightweight,lwx,0.556,0.406,2.377761006289308,0.523,0.462,0.3545445363347543,0.5651446540880504,0.375,4.43974213836478,4.201704402515723,20.06,0.375,0.375,0.25,0,0,2,1.7392798742138365,33.1,71.0,70.0,Orthodox,grappler,77,,,,,54.98993710691824,,,2026-04-04,0.6123143200752109,0.37975873561146334,6.349435294140858,0.11209937036739637,0.18335988919921756,4.527377588255562,0.07870097816029233,47.561435969085295,0.9216781364995663,0.8454635845560331,38.71256492325813,0.5943434050708969,0.10634957132242225,2.6286691906281456
Azamat Bekoev,Middleweight,mwx,0.625,0.438,2.5459571428571426,0.313,0.523,0.6692695975563031,0.2071,0.0,4.064271428571429,5.418657142857143,17.25,0.5,0.0,0.5,1,2,1,1.5708857142857142,30.5,72.0,72.0,Orthodox,wrestler,77,,,,,60.43714285714286,,,2026-04-04,0.6319277086883379,0.4255739649918885,8.21842448506301,0.16926102683450003,0.20149831118515577,6.521824277264205,0.14363319747802372,33.60035363098572,-16.06771521776968,0.8348756502788497,44.10656688660238,0.4611332483573608,0.20394072684906517,7.638082784853392
Darrius Flowers,Lightweight,lwx,0.647,0.444,1.6226415094339623,0.424,0.504,0.15681680450213148,0.41571698113207545,0.25,3.6616132075471697,4.812056603773585,12.56,0.25,0.25,0.5,0,1,2,1.1089198113207548,31.8,71.0,69.0,Orthodox,balanced,77,,,,,34.08490566037736,,,2026-04-04,0.5486233837325888,0.3743680579475266,4.128319607877954,0.0900882389657556,0.11369724120623374,4.3327330490500096,0.09376342930588663,37.84215395362794,-9.784149461917316,0.4973620435007162,32.71468071822052,0.5799670785210029,0.15952435698363338,7.984670452608885
Dione Barbosa,Women's Flyweight,wflwx,0.667,0.417,1.8674765432098768,0.64,0.453,0.04409404657585405,0.8695111111111111,0.8,2.957187654320988,3.191424691358025,11.38,0.2,0.8,0.0,0,0,0,1.4639160493827161,34.1,66.0,66.0,Orthodox,grappler,77,,,,,68.6483950617284,,,2026-04-04,0.6193115459803799,0.3527202927541226,3.7854189647342955,0.09599850736613061,0.22885759061225464,4.983022049119376,0.11605640596956403,33.484006024351714,-2.996532554107488,0.8861319042143809,25.380755478588863,0.6920091454034405,0.054201107960677355,4.864343452817912
Lando Vannata,Lightweight,lwx,0.667,0.361,1.3066184486373167,0.548,0.46,0.41283361245846373,0.31254088050314466,0.6428571428571429,4.429716981132076,4.584580712788259,20.91,0.14285714285714285,0.6428571428571429,0.21428571428571427,1,1,2,1.0942976939203355,34.3,71.0,69.0,Orthodox,balanced,77,,,,,27.304402515723275,,,2026-04-04,0.5345099470422086,0.3529041458317123,3.9241333333488075,0.06784223410585838,0.09091095009795332,5.028055647072335,0.08326652367265822,52.05076123429216,1.0458246400193187,0.6959953308804927,38.81327857628973,0.629742207069307,0.2081546161757325,4.683818676105038
Thomas Petersen,Heavyweight,hwx,0.857,0.382,2.064925490196079,0.558,0.584,0.22138645811226226,0.2404,0.6666666666666666,3.375772549019607,3.124521568627451,14.06,0.0,0.6666666666666666,0.3333333333333333,2,0,0,1.6131019607843136,31.2,74.0,73.0,Southpaw,wrestler,77,,,,,83.36274509803921,,,2026-04-04,0.6431704289951551,0.4642306712929223,6.804540065359913,0.16026170918617216,0.2778524723800261,4.276130499842378,0.09302122600993594,34.107241144289354,0.4758568351188929,0.4324337624375058,27.69119918505272,0.6088232857414804,0.44418707532833857,3.525738373911177
Renato Moicano,Lightweight,lw,0.643,0.404,1.7253800000000001,0.597,0.492,0.21488754641966454,0.58757,0.2857142857142857,4.18971,3.57877,17.93,0.47619047619047616,0.2857142857142857,0.23809523809523808,3,2,2,1.2516100000000001,37.1,72.0,71.0,Orthodox,grappler,77,,Brazil,"Brasilia, Brazil",10.0,57.21,,,2026-04-04,0.7157474006687506,0.4361244722581257,7.645494365195478,0.14177881365750464,0.18849701047098275,2.4351841011466995,0.04349154036503424,44.9031433884692,5.7644641959605885,0.719928055968103,29.274153782012785,0.6747899067257593,0.28003238854757057,5.6258513165203325
Tresean Gore,Middleweight,mwx,0.839,0.727,1.8025142857142855,0.407,0.498,0.07765061640458408,0.7589818181818182,0.2857142857142857,3.4621974025974027,5.909568831168832,14.27,0.42857142857142855,0.2857142857142857,0.2857142857142857,2,0,0,0.8816441558441558,32.0,75.0,72.0,Switch,grappler,77,,,,,43.7451948051948,,,2026-04-04,0.5934601379824411,0.3887857895719579,3.4224905345912813,0.07939287169483839,0.1457462465184971,5.215872201646695,0.12542389981704893,34.93662082253507,-28.976520158377948,0.7071822911118908,41.21386682661991,0.537741176670966,0.657411437708411,4.718605661711559
Melissa Gatto,Women's Flyweight,wflwx,0.588,0.273,1.573528888888889,0.544,0.497,0.1455669948594451,0.43436,0.5,3.5909688888888893,3.213382222222222,15.59,0.5,0.5,0.0,0,3,0,1.5591244444444445,30.1,69.0,65.0,Orthodox,balanced,77,,,,,70.96355555555554,,,2026-04-04,0.5692289380422093,0.3778551934615375,3.273845394052721,0.07079947253976741,0.23659324934891757,5.506891789908797,0.11264301422523385,40.22836560291203,8.61081300899557,0.5382426956933952,24.63317766828654,0.6556816917739405,0.04878099716460962,6.891936256857389
Ricky Simon,Bantamweight,bw,0.784,0.374,3.393047619047619,0.604,0.419,0.33216589867028296,0.305952380952381,0.5882352941176471,3.2064761904761903,3.9125238095238095,14.15,0.29411764705882354,0.5882352941176471,0.11764705882352941,2,2,0,2.836761904761905,33.8,69.0,66.0,Orthodox,balanced,84,0.0,,,,74.65714285714286,10.0,6.0,2026-03-28,0.6873209957772156,0.35476621471243786,5.083940819062168,0.11345044110045369,0.24972022985222203,3.7238871181988276,0.08359176563758476,36.172671393563874,-13.19468586970285,0.6175415128065748,36.54079633064911,0.6712547301115078,0.31008288360203895,2.7315413248374365
Alexa Grasso,Women's Flyweight,wflw,0.548,0.353,0.6195789473684211,0.587,0.411,0.13255770805515626,0.5947631578947369,0.7333333333333333,4.0017499999999995,3.5212236842105265,20.02,0.2,0.7333333333333333,0.06666666666666667,0,1,1,0.552342105263158,32.9,66.0,65.0,Orthodox,striker,84,1.0,Mexico,"Guadalajara, Mexico",3.0,35.88026315789473,9.0,5.0,2026-03-28,0.6264493245931994,0.3418432921615104,2.963503996701674,0.05117524371031349,0.11964049214572092,8.547774510440114,0.1432991091061107,48.519109710465806,3.5938444715278766,0.7274619014143884,36.79324678870299,0.6558747754044043,0.01755007784613048,2.864330106066602
Bruno Lopes,Light Heavyweight,lhwx,1.0,0.227,1.9213227513227513,0.484,0.451,0.15948725950286255,0.1783280423280423,0.3333333333333333,3.193952380952381,4.179613756613757,10.67,0.0,0.3333333333333333,0.6666666666666666,2,0,0,2.176375661375661,33.2,74.0,74.0,Orthodox,wrestler,84,,,,,70.2899470899471,,,2026-03-28,0.5917038865435165,0.398747976367111,3.410077666502783,0.08512384777989938,0.237048770508927,9.232147113821323,0.25861149290247426,26.868867529204554,-9.471097204068695,0.26009397359507697,29.129746814791282,0.5910409273447812,0.7485484943546152,7.626613700886487
Maycee Barber,Women's Flyweight,wflw,0.481,0.469,1.4226470588235294,0.575,0.512,0.03306321846573731,0.16132352941176473,0.6153846153846154,3.9747205882352943,2.678426470588235,19.84,0.3076923076923077,0.6153846153846154,0.07692307692307693,1,4,0,1.0555588235294118,28.1,65.0,65.0,Switch,wrestler,84,-1.0,United States,"Greeley, United States",6.0,64.37205882352941,10.0,3.0,2026-03-28,0.7080277870450953,0.4355370990773389,10.604750630584736,0.17994541441312537,0.2145347913069396,16.222113071770664,0.27339851562028034,32.79109896029043,3.306211723932691,0.19419974659357483,22.768922881491577,0.6821816360773875,0.16299714582802818,1.7730012950156138
Niko Price,Welterweight,wwx,0.5,0.3,1.0876095238095238,0.483,0.433,0.347740354307302,0.6014342857142857,0.19047619047619047,4.942135238095238,5.334725714285714,21.22,0.2857142857142857,0.19047619047619047,0.42857142857142855,6,4,3,1.0068076190476192,36.7,76.0,72.0,Orthodox,balanced,84,,,,,39.60552380952381,,,2026-03-28,0.6149859072446638,0.35377423196777313,6.8077315359854484,0.11110574644144698,0.13188936466638468,6.836263761521939,0.111551985165871,48.47057576415672,-4.115280329002385,0.852010037854868,45.593027679368205,0.5685081065228093,0.34711939242825574,8.413327206875326
Adrian Yanez,Bantamweight,bwx,0.733,0.0,0.5014319327731093,0.565,0.415,0.8222315085888853,0.14135126050420171,0.3,5.298662184873949,4.837889075630252,24.4,0.5,0.3,0.2,2,5,0,0.468746218487395,32.6,70.0,67.0,Orthodox,striker,84,0.0,,,,20.600336134453784,,,2026-03-28,0.702916561417766,0.36103558553017223,5.322173795431824,0.08440964859002799,0.06859717278861718,2.208076106666467,0.04005789775380517,59.34845380952951,3.079733605481811,0.9515146725596698,38.1255003846348,0.6334195522433447,0.4180816782665603,2.700671583042227
Terrance McKinney,Lightweight,lwx,0.727,0.429,2.6985371809100998,0.421,0.557,0.5326196727068854,2.0415726970033297,0.0,6.911288568257492,4.116144284128746,15.27,0.6153846153846154,0.0,0.38461538461538464,3,5,2,1.0000210876803552,31.8,73.0,70.0,Switch,grappler,84,,,,,52.781132075471696,,,2026-03-28,0.8123425945065584,0.5007545191472014,16.076071972334724,0.3483941153232483,0.17594031394454573,5.842854768180396,0.12348128836006407,26.031601860530795,5.1447139787055765,1.3791507655689645,21.0265164164175,0.5085636705477824,0.6868349915217098,6.3731782522081035
Casey O'Neill,Women's Flyweight,wflw,0.7,0.348,1.33425,0.576,0.522,0.1521027173878647,0.5480416666666666,0.375,6.081770833333334,4.392354166666666,35.63,0.5,0.375,0.125,0,3,1,1.219375,28.7,69.0,66.0,Orthodox,striker,84,2.0,Scotland,"Irvine, Scotland",11.0,67.45208333333333,6.0,2.0,2026-03-28,0.729340748651758,0.4383164572769814,12.433347384556443,0.1362027892072907,0.22481884177839837,5.221047246411948,0.06469179156807027,73.5753562025167,19.92680981065903,0.6998695971479152,46.663868818955166,0.6555524096658115,0.027787623256373257,3.837820913552821
Chase Hooper,Lightweight,lwx,0.5,0.339,2.463772475027747,0.407,0.476,0.16203143741276776,1.5957491675915652,0.3076923076923077,4.3158768035516095,3.349908990011099,19.31,0.46153846153846156,0.3076923076923077,0.23076923076923078,3,2,0,2.1103740288568256,26.8,74.0,73.0,Southpaw,grappler,84,,,,,82.91054384017758,,,2026-03-28,0.6885945862825831,0.402918310739449,13.305483737040607,0.2334667198447974,0.27639129433670256,6.460501827003927,0.11317726939866335,37.4551312722955,4.797655155176165,1.5673860596866116,30.67945759288809,0.5054699434303794,0.6044820503452392,7.502590016913985
Gabriella Fernandes,Women's Flyweight,wflw,0.69,0.182,0.8307,0.531,0.466,0.17620747139175347,0.27205,0.6666666666666666,3.621125,4.326625,16.87,0.16666666666666666,0.6666666666666666,0.16666666666666666,1,0,0,0.9342500000000001,32.9,66.0,66.0,Southpaw,striker,84,-1.0,Brazil,"São Gonçalo, Brazil",15.0,34.7225,3.0,3.0,2026-03-28,0.6508477608362057,0.3764221315690802,2.7937010719940494,0.05000169269128944,0.11566331188846397,5.5894672220101285,0.1050295695487811,45.93674323249373,-7.1425650693144265,0.4482645692090772,38.287168898535676,0.6537873609486087,0.15334514790764792,5.742227201526544
Kyle Nelson,Lightweight,lwx,0.667,0.231,1.267820754716981,0.538,0.458,0.16174173558439908,0.4936084905660377,0.4166666666666667,3.728556603773585,4.468528301886793,15.3,0.16666666666666666,0.4166666666666667,0.4166666666666667,4,2,1,1.3874599056603774,35.2,71.0,71.0,Switch,balanced,84,,,,,51.91745283018867,,,2026-03-28,0.5765465801218816,0.3536192972551156,2.564159803938977,0.05316514200318036,0.172959731714228,5.833033191191671,0.12282077484279097,39.7544103101473,-3.058741397625325,0.5820143550836915,33.69067369244359,0.6433905182864852,0.16309551182515003,9.74233522630444
Julian Erosa,Featherweight,fwx,0.615,0.447,1.755993572084481,0.492,0.48,0.12145362585412948,0.7227134986225895,0.2777777777777778,5.649888888888889,5.8136235078053256,24.43,0.3333333333333333,0.2777777777777778,0.3888888888888889,7,2,0,1.100576675849403,36.9,74.0,73.0,Southpaw,balanced,84,,,,,39.64830119375574,,,2026-03-28,0.6549838608118091,0.4025159907879407,4.640894800212273,0.0721781189766249,0.1320804070807643,10.640491496219983,0.1512730589467548,53.89873176569415,-5.351309554673055,0.7095753796606286,51.078154671290754,0.5603637653374772,0.7683478705694818,5.09162380961111
Israel Adesanya,Middleweight,mw,0.764,0.091,0.24892307692307694,0.558,0.484,0.5367073744905161,0.1756220735785953,0.5263157894736842,3.768802675585284,3.110613712374582,19.309,0.2631578947368421,0.5263157894736842,0.21052631578947367,3,5,1,0.3291103678929766,36.7,80.0,76.0,Switch,striker,89,-4.0,Nigeria,,9.0,15.96371237458194,13.0,6.0,2026-03-28,0.5169298000686482,0.3579071671099319,2.3945738108160617,0.0455587772363093,0.05333490226409609,3.2698676811795697,0.059921859973517476,50.864558357396234,11.039256881332351,0.7126149935385698,27.586441964698512,0.6483359103640159,0.12396734111009344,2.6831323272439866
Ignacio Bahamondes,Lightweight,lwx,0.656,0.0,0.44093800539083566,0.552,0.455,0.536038174001218,0.5958382749326147,0.5,5.3213504043126685,4.159746630727763,27.0,0.5,0.5,0.0,0,3,0,0.615811320754717,28.8,75.0,75.0,Orthodox,striker,84,,,,,28.291374663072776,,,2026-03-28,0.5719077168331623,0.3565844853951937,4.728087394977878,0.0712578327950905,0.09428863518663093,5.273466504219052,0.07459094869359181,63.55265940207311,16.09358125985677,1.081825929619457,35.91434136279268,0.6322271010169767,0.09115677541921907,5.18171644910984
Mansur Abdul-Malik,Middleweight,mwx,0.9,0.417,1.8565174603174601,0.436,0.417,0.2615729756056028,0.4124222222222222,0.0,3.1154634920634923,4.1842507936507936,10.1,0.6,0.0,0.2,1,2,0,1.1741206349206348,28.7,80.0,74.0,Orthodox,wrestler,84,,,,,41.78857142857143,,,2026-03-28,0.7403458748233003,0.3989772324937833,9.305266208944898,0.28257905275867806,0.13929479512754586,5.463843802012627,0.15771173970113328,22.03364767198731,-17.615746860239717,0.5754450224700887,28.872503899202115,0.5445268455246235,0.5146139794213913,3.4560735865363488
Joe Pyfer,Middleweight,mw,0.667,0.25,1.1134358974358973,0.527,0.432,0.7088361932636852,0.598275641025641,0.25,3.0927051282051283,2.9520929487179486,14.882,0.75,0.25,0.0,0,4,0,1.315628205128205,29.5,75.0,74.0,Orthodox,grappler,89,4.0,United States,,7.0,34.680448717948714,7.0,1.0,2026-03-28,0.6767512990007436,0.37681979249593156,5.769746862887647,0.127024541997955,0.11566885679049792,2.620187565398097,0.05611860594498019,38.005109400695716,-0.3634831343090738,1.307021874870494,24.9218078833192,0.6374928945719396,0.09789818810807127,3.3889938232960723
Antonio Trocoli,Middleweight,mwx,0.333,0.048,1.0554571428571429,0.27,0.452,0.10676959755630311,0.2071,0.25,2.410271428571429,4.7056571428571425,4.75,0.0,0.25,0.75,1,0,2,1.8833857142857142,35.5,79.0,78.0,Orthodox,balanced,91,,,,,65.78714285714285,,,2026-03-21,0.5762450237150352,0.372566446194896,2.7809244850630113,0.0641885630663841,0.2192066445184891,4.271824277264205,0.15736317459472854,22.537853630985726,-17.75521521776968,0.27237565027884975,34.35656688660238,0.46663368605797356,0.5789407268490652,6.700582784853392
Mario Pinto,Heavyweight,hwx,1.0,0.263,1.7580364145658263,0.578,0.667,0.3392255524052726,0.5997142857142856,0.3333333333333333,3.2955322128851536,2.993173669467787,10.86,0.6666666666666666,0.3333333333333333,0.0,0,2,0,1.6461456582633052,28.3,79.0,77.0,Orthodox,grappler,91,,,,,79.10392156862744,,,2026-03-21,0.7104189085895697,0.5099601396577378,8.27434295051416,0.23064955948901786,0.2637433278898332,6.108757856917683,0.1508824531971516,27.96952816531132,-2.3048983988097445,0.8473543545025591,24.015488631707974,0.628497875145335,0.33608357699966734,3.5903405341588255
Danny Silva,Featherweight,fwx,0.733,0.318,1.7982323232323234,0.624,0.482,0.4138676009689859,0.4597121212121211,0.75,3.989444444444444,4.626964646464646,19.27,0.25,0.75,0.0,0,1,0,1.5830858585858585,29.4,70.0,71.0,Switch,wrestler,91,,,,,46.43282828282828,,,2026-03-21,0.6301281594370431,0.39247591274532756,3.006616544739594,0.06636470305463607,0.15473843548941774,3.272390575643918,0.06436238181559165,47.982551316697844,-7.399218158467785,0.8175660603004947,41.00323703436127,0.6478970549451427,0.18438521549464643,3.0091083335734083
Michael Page,Middleweight,mw,0.684,0.0,0.5432478632478632,0.617,0.565,0.1608011988613841,0.17014529914529913,1.0,2.671051282051282,2.310457264957265,10.733,0.0,1.0,0.0,0,0,0,0.6840598290598291,39.0,79.0,75.0,Switch,balanced,96,3.0,,,,31.96282051282051,4.0,1.0,2026-03-21,0.6359444511176235,0.4443824354244852,3.0067213073796077,0.06728938870321473,0.10660713222030076,3.395544204844521,0.08128694482355975,33.66040730550279,7.900976735953915,0.3309311272783057,18.778096785602074,0.7039014483496179,0.13053091747742837,4.479442744786919
Mason Jones,Lightweight,lwx,0.739,0.553,2.775102915951973,0.509,0.428,0.21452705399198077,0.2530668953687822,0.7142857142857143,5.300082332761578,4.341222984562607,28.47,0.14285714285714285,0.7142857142857143,0.0,0,1,0,1.7155780445969127,31.2,74.0,70.0,Orthodox,wrestler,91,,,,,70.00720411663808,,,2026-03-21,0.6683697787711662,0.36451359566821656,9.388379172555577,0.1276842212903138,0.23336230336884342,10.379148756565876,0.13481829898455996,54.569413401681565,4.335610598669383,0.44146266640562454,39.7701665191524,0.5912317665708486,0.31697465196895824,4.059026676857498
Austen Lane,Light Heavyweight,lhwx,0.5,0.308,1.5419326599326597,0.362,0.515,0.275045611419177,0.11348148148148147,0.14285714285714285,2.930333333333333,3.118208754208754,7.73,0.0,0.14285714285714285,0.7142857142857143,4,0,1,1.1370572390572389,38.6,80.0,78.0,Orthodox,balanced,91,,,,,66.34814814814814,,,2026-03-21,0.5407935160357137,0.3929178620410638,3.8436031431463986,0.1312252025979039,0.22290155919438606,2.230374609621833,0.05273939922670825,25.094238014452483,2.5390538453447147,0.33906806584149524,22.49165706395809,0.47696606758654686,0.8978366451678128,5.0020599584153675
Roman Dolidze,Middleweight,mw,0.32,0.438,1.1310683760683762,0.485,0.416,0.32601463451841134,0.6380726495726495,0.5714285714285714,3.105136752136752,3.477061965811966,15.211,0.35714285714285715,0.5714285714285714,0.07142857142857142,0,5,1,0.9044188034188034,37.7,76.0,74.0,Orthodox,grappler,96,-2.0,Georgia,,14.0,68.92029914529914,9.0,5.0,2026-03-21,0.6344916722121535,0.3512464339782651,5.9419571449178745,0.1293914329447428,0.22968108397889633,3.346894909439804,0.07221279238188215,37.28926798023677,-5.175242626175089,0.9637111776742405,30.345188743678225,0.6003797821968901,0.126668967510644,5.844984530288197
Ravena Oliveira,Women's Strawweight,wswx,0.462,0.5,1.1191758241758243,0.464,0.304,0.05824832018441041,0.20307692307692302,0.3333333333333333,3.0892783882783883,4.052494505494506,8.12,0.0,0.3333333333333333,0.6666666666666666,1,0,1,0.8653186813186812,29.3,65.0,65.0,Orthodox,balanced,91,,,,,49.147985347985355,,,2026-03-21,0.6186149164426621,0.303877498725216,2.4667078149708948,0.05153324519762811,0.1637624246104379,4.242132555750924,0.09333724498649941,35.509326298652894,-4.852573333260138,0.24571147641319918,30.221845583204296,0.615544282167874,0.07687528940326485,5.871247664689926
Christian Leroy Duncan,Middleweight,mw,0.633,0.167,0.5837869822485207,0.528,0.579,0.42286236844249664,0.11779289940828402,0.4444444444444444,3.799573964497041,2.6145473372781063,20.05,0.5555555555555556,0.4444444444444444,0.0,0,5,0,0.760887573964497,30.7,79.0,74.0,Switch,balanced,96,4.0,United Kingdom,,13.0,54.897337278106505,7.0,2.0,2026-03-21,0.5332582153996805,0.4378808126967077,5.070037828185883,0.0929382611514861,0.18310835649439625,8.51229983412313,0.14872124276359336,43.41105121150193,12.36221466335271,0.5406446265772886,22.519451620801437,0.6356992544518333,0.09036755825360425,2.4434603617755597
Nathaniel Wood,Featherweight,fwx,0.733,0.486,1.3833254769921437,0.545,0.511,0.35439570144076143,0.5077609427609427,0.7142857142857143,5.227086419753086,4.185428731762065,26.73,0.21428571428571427,0.7142857142857143,0.07142857142857142,1,0,0,0.9397048260381593,33.1,69.0,66.0,Orthodox,balanced,91,,,,,44.159034792368125,,,2026-03-21,0.5670892574162616,0.4034094812480019,5.998395232005476,0.08706014540493391,0.14725832823098703,4.474092781094266,0.06451555042939462,63.153608666007116,15.144034353812296,0.8232111783153714,36.88956999506966,0.6260469461145832,0.2569489846642873,4.604048148254849
Chris Curtis,Middleweight,mw,0.646,0.0,0.3055769230769231,0.538,0.493,0.29499612890498306,0.09570673076923077,0.5833333333333334,4.6857788461538465,4.944319711538461,25.697,0.25,0.5833333333333334,0.08333333333333333,1,3,0,0.3032211538461539,38.7,75.0,70.0,Orthodox,striker,103,-1.0,,,,16.46033653846154,6.0,5.0,2026-03-14,0.6709402174827153,0.41835344865531354,2.3901443717646655,0.04352494128853262,0.05496019874260605,5.097493615225043,0.07689883028840178,62.803297291163496,-4.175018767844104,0.3906942136395015,46.613815805537534,0.6275942739989857,0.14160545926287163,2.7583229075790063
Brad Tavares,Middleweight,mw,0.803,0.266,0.7320384615384616,0.549,0.437,0.21567988263430976,0.04785336538461538,0.7142857142857143,3.2411394230769233,3.151534855769231,16.143,0.07142857142857142,0.7142857142857143,0.21428571428571427,6,2,0,0.8674855769230769,38.2,74.0,73.0,Orthodox,balanced,103,-2.0,,,,37.89266826923077,16.0,12.0,2026-03-14,0.5993779454571547,0.3468929589973684,2.251890367700515,0.046987101216982956,0.12641949331069696,5.787383171248885,0.11971879252546047,40.5721031910363,3.844308797896129,0.26352892500156894,30.090998811859674,0.6231657819819403,0.30943909326779945,3.0155250901531394
Luan Lacerda,Bantamweight,bwx,0.667,0.391,2.2890058823529413,0.492,0.429,0.12640514003054926,0.560864705882353,0.5,3.8961588235294116,4.985305882352941,19.4,0.25,0.5,0.25,1,0,0,1.9078058823529411,33.4,71.0,67.0,Orthodox,wrestler,98,,,,,61.90058823529412,,,2026-03-14,0.5528181957648493,0.3411247013815325,4.3638041420056926,0.08643160532999702,0.20621171904674673,5.626633186666317,0.10368569659729832,44.647294166676645,-11.26046619040683,0.6526506769794221,44.21962567311091,0.5963408301594115,0.16914293696648053,7.3136752703238965
Eryk Anders,Middleweight,mw,0.804,0.254,1.6537179487179487,0.505,0.479,0.4103004495730191,0.11380448717948717,0.55,3.284352564102564,3.742046474358974,16.38,0.25,0.55,0.15,2,5,1,2.087147435897436,38.9,75.0,73.0,Southpaw,grappler,103,1.0,,,,81.1735576923077,10.0,9.0,2026-03-14,0.6874846725224383,0.4082586518989773,9.052520490267353,0.18516919700372958,0.27052397087890906,11.298329076816698,0.2304768532161273,28.91431940623021,-13.378800390683947,0.5240991727293646,31.316786294600778,0.6238599949325859,0.4989490940540357,2.979791029295095
Jose Delgado,Featherweight,fwx,0.385,0.167,0.9832323232323233,0.507,0.571,0.7036403282417132,0.31121212121212116,0.5,5.753444444444444,4.519464646464646,32.25,0.5,0.5,0.0,0,2,0,0.9580858585858586,28.2,74.0,71.0,Switch,striker,98,,,,,33.73282828282828,,,2026-03-14,0.6024296074405535,0.431456106592778,8.733889272012322,0.12366322579852959,0.11235207185305413,7.1417087574621,0.09866105082246601,57.851869498516024,7.617827296077669,0.9709751512095857,38.02028248890673,0.5866508387427929,0.3718852154946464,3.9466083335734083
Vitor Petrino,Heavyweight,hwx,0.808,0.462,2.3303273001508296,0.509,0.488,0.3669755971492927,0.6363076923076924,0.3333333333333333,3.3248250377073907,3.1066319758672702,13.36,0.4444444444444444,0.3333333333333333,0.2222222222222222,1,2,1,1.4875399698340874,28.8,77.0,74.0,Orthodox,wrestler,98,,,,,73.17134238310709,,,2026-03-14,0.6635586240831385,0.4121038341218112,5.651219630696436,0.13807677263405183,0.24386378994267738,3.037582901976655,0.06699173324678484,34.35522046064216,1.2628968661753723,0.9148091878889903,22.897950422068526,0.6245465273823462,0.2708781698329877,2.782910637274332
SuYoung You,Bantamweight,bwx,0.0,0.379,2.493005882352941,0.701,0.522,0.12640514003054926,0.39436470588235295,0.75,3.0521588235294117,2.9783058823529416,11.0,0.0,0.75,0.25,0,0,1,2.0758058823529413,30.5,65.0,66.0,Orthodox,wrestler,98,,,,,70.55058823529413,,,2026-03-14,0.6509480415516773,0.4018385447040715,2.9728950510966015,0.06790046449332668,0.2349692948043225,4.835724095757226,0.11514518368940022,34.22911234849482,4.298624718684078,0.4890143133430585,27.65144385492909,0.6742051068062462,0.3055065733301169,3.7545843612329883
Sam Hughes,Women's Strawweight,wswx,0.635,0.293,1.164076923076923,0.581,0.475,0.025483640080679555,0.2290961538461538,0.75,4.305621794871795,4.5909038461538465,21.52,0.16666666666666666,0.75,0.08333333333333333,1,1,0,1.216326923076923,34.0,64.0,65.0,Orthodox,balanced,98,,,,,72.83974358974359,,,2026-03-14,0.660188988023838,0.39573449183476134,7.147366487231585,0.11655987928100456,0.24282503803979386,6.8928648113228475,0.11169094934031505,48.26899502838791,-3.2927451514831287,0.243862407294411,36.42731312447007,0.6782261517374701,0.10181475729574654,2.74125608057457
Piera Rodriguez,Women's Strawweight,wswx,0.818,0.591,3.1522027972027975,0.516,0.486,0.13754558174414633,0.1292307692307692,0.7142857142857143,4.139449883449884,3.631678321678322,20.63,0.0,0.7142857142857143,0.14285714285714285,0,0,1,1.888111888111888,33.6,63.0,63.0,Orthodox,wrestler,98,,,,,79.18508158508159,,,2026-03-14,0.5634942075664093,0.35866796439355325,4.584077221967124,0.08149518200888023,0.2639772048158927,13.84547191346829,0.22930152353286726,41.17638946277911,1.481974864480391,0.2568403175261028,34.10827972519699,0.6016757813398077,0.04892063871116854,3.7093346382955033
Bolaji Oki,Lightweight,lwx,0.75,0.571,1.2803480083857446,0.611,0.447,0.27828160400189467,0.18019287211740043,0.4,5.258211740041929,4.707939203354298,28.83,0.0,0.4,0.6,2,0,1,0.8651509433962264,30.6,73.0,70.0,Orthodox,striker,98,,,,,41.28658280922431,,,2026-03-14,0.6581428332719891,0.3797301258539728,4.160358169965589,0.07020864874209225,0.13756627201870983,5.842059006562971,0.08415520109585725,62.47080351433595,9.89557084866609,0.43284033496359964,45.86675323101084,0.6378582866007876,0.558466095096563,7.366003365281973
Elijah Smith,Bantamweight,bwx,0.462,0.75,1.7670067226890755,0.517,0.547,0.35874873146348485,0.792273949579832,0.3333333333333333,3.7141815126050415,2.9146352941176477,15.5,0.6666666666666666,0.3333333333333333,0.0,0,1,0,1.1519210084033615,23.8,71.0,69.0,Orthodox,grappler,98,,,,,67.82924369747899,,,2026-03-14,0.71141595882556,0.4311563715741165,12.358633305149363,0.26619785727675466,0.22600386938675815,4.630437927618648,0.09312856275094343,32.12547904763045,0.15946721096362218,1.0458864879764824,25.893857912126755,0.5991456119953532,0.19330621367597775,3.044200308941597
Gregory Rodrigues,Middleweight,mw,0.75,0.357,1.5164841628959276,0.509,0.515,0.7405922313299764,0.33554751131221716,0.3076923076923077,4.2895565610859725,3.758947963800905,22.929,0.5384615384615384,0.3076923076923077,0.15384615384615385,2,7,0,1.411266968325792,34.1,75.0,75.0,Orthodox,grappler,110,3.0,Brazil,,12.0,47.17443438914027,10.0,3.0,2026-03-07,0.7137458715671924,0.44154543574344923,4.4468356501253385,0.07421517530977656,0.15717669838366996,6.675792310127772,0.10520752917369511,53.217274455854415,5.649256591303334,1.0764593362901955,33.59470670162126,0.6157933082875404,0.3149029226981343,2.1319738900972767
Michael Johnson,Lightweight,lwx,0.811,0.389,0.6799203354297694,0.588,0.396,0.4628317178729016,0.08149266247379455,0.53125,4.255691823899371,3.8183459119496854,19.36,0.1875,0.53125,0.28125,4,6,5,0.529982180293501,40.0,73.0,70.0,Southpaw,striker,105,,,,,24.57442348008386,,,2026-03-07,0.5397568950585895,0.30717174118108903,2.699297361421438,0.048284011765432094,0.08205160458446713,3.9175620767436232,0.068259711759946,51.1089560226169,12.484180778010142,0.5343932113129164,34.2493529168062,0.6538727860323817,0.16713709990582798,9.350502898933662
Xiao Long,Bantamweight,bwx,0.88,0.3,1.2760058823529412,0.466,0.457,0.25140514003054926,0.247364705882353,0.75,4.364658823529411,3.9833058823529415,23.5,0.25,0.75,0.0,0,1,0,1.1743058823529413,28.2,70.0,68.0,Orthodox,striker,105,,,,,47.95058823529412,,,2026-03-07,0.5863416292663481,0.37051122560696825,3.4388041420056923,0.06791511779618113,0.1597672746023023,12.926633186666317,0.1991379156511844,44.42229416667664,6.1395338095931695,0.47765067697942215,31.96962567311091,0.6073523171252525,0.16914293696648053,2.6636752703238975
Max Holloway,Lightweight,lw,0.814,0.533,0.42109722222222223,0.586,0.481,0.3540272727231034,0.33320138888888884,0.53125,6.660076388888889,4.512229166666667,33.16,0.40625,0.53125,0.0625,1,11,1,0.28392361111111114,34.5,69.0,71.0,Orthodox,striker,105,,United States,"Waianae, United States",4.0,20.143055555555556,,,2026-03-07,0.6464514147714632,0.4069162777646393,5.349946868507301,0.060655359113113136,0.06590778497570449,6.564373729279028,0.07038438459457466,83.29027214095447,24.35781655245756,0.6596433565382717,40.72924589727594,0.6591659702822409,0.07969754738983927,2.0656035105456447
Ricky Turcios,Bantamweight,bw,0.441,0.217,1.2324,0.473,0.408,0.25570056112063766,0.4125,0.6666666666666666,4.0836,3.6733000000000002,18.88,0.0,0.6666666666666666,0.3333333333333333,0,0,2,1.3812000000000002,33.0,71.0,69.0,Orthodox,striker,105,,,,,48.3,2.0,4.0,2026-03-07,0.6678224690733741,0.35782102554214773,7.646927893943598,0.13639548735305812,0.16358458413894153,7.122336861261016,0.12728175423723523,41.48869688300588,2.2324640214500953,0.6365110899372852,34.36882446827617,0.5760544394503794,0.3218262294773252,6.018301999549921
Charles Oliveira,Lightweight,lw,0.549,0.398,2.2589146341463415,0.49,0.556,0.34270277965778373,2.4124939024390244,0.16216216216216217,3.3731890243902436,3.115689024390244,12.55,0.5675675675675675,0.16216216216216217,0.24324324324324326,5,4,4,1.485859756097561,36.7,74.0,70.0,Orthodox,grappler,105,,Brazil,"State of São Paulo, Brazil",3.0,78.16951219512195,,,2026-03-07,0.5972323332264834,0.4747522180673822,8.604385572222972,0.22245203070960218,0.2592528748240648,6.737359759240662,0.1732910279029572,24.588495553664632,-1.3075539912710026,2.2168582058519437,26.315971799197143,0.545316362606465,0.24152536270832506,7.987997212118417
Cody Garbrandt,Bantamweight,bw,0.818,0.227,0.9806666666666667,0.589,0.404,0.7711982621877722,0.07928571428571428,0.35294117647058826,3.0202857142857145,3.629190476190476,12.89,0.35294117647058826,0.35294117647058826,0.29411764705882354,4,6,1,1.1853333333333333,35.0,65.0,68.0,Orthodox,balanced,105,,,,,21.714285714285715,10.0,7.0,2026-03-07,0.7034688374023449,0.3531365043041015,2.8387626562638686,0.06438516214709046,0.07294023639030633,3.3765513875679027,0.0812823933479623,35.71140954328601,-8.034666255449828,0.8453937521004616,32.889603130256816,0.6473540667715653,0.4934761493751673,3.6957453130688847
Diyar Nurgozhay,Light Heavyweight,lhwx,0.778,0.75,1.4773227513227511,0.589,0.611,0.15948725950286255,0.1783280423280423,0.3333333333333333,4.224238095238095,3.5650423280423285,19.67,0.0,0.3333333333333333,0.6666666666666666,0,0,2,0.8906613756613756,29.2,74.0,74.0,Southpaw,balanced,105,,,,,37.118518518518535,,,2026-03-07,0.48558251850477546,0.4059948168726301,4.481506237931354,0.09409025213825288,0.1265725800327365,4.517861399535607,0.09290326045695373,42.083153243490266,10.457474224502734,0.26009397359507697,26.558318243362713,0.6096083317713406,0.7485484943546152,5.6980422723150586
Rob Font,Bantamweight,bw,0.371,0.295,0.8337600000000001,0.577,0.454,0.3614181554827378,0.3354,0.6190476190476191,4.93224,3.52492,24.5,0.3333333333333333,0.6190476190476191,0.047619047619047616,0,6,1,0.84528,39.0,71.0,68.0,Orthodox,striker,105,,,,,25.872,12.0,9.0,2026-03-07,0.7376865187029803,0.39761359794010454,3.682564261025715,0.05465214985591348,0.08638728193143869,4.72962439967682,0.06774237578878375,62.24099599458166,20.177813194786935,0.6844320221818108,32.258047028689774,0.654482698733749,0.25597187110127495,5.608527696371693
Brunno Ferreira,Middleweight,mw,0.588,0.238,1.1175562130177514,0.519,0.501,0.5563788519589802,0.5629467455621302,0.1111111111111111,3.100343195266272,3.2099319526627217,15.0,0.5555555555555556,0.1111111111111111,0.3333333333333333,2,3,1,1.38396449704142,33.3,72.0,70.0,Orthodox,balanced,110,-1.0,,,,28.174260355029585,6.0,3.0,2026-03-07,0.6845119491970553,0.4248622084471403,3.1859718941199477,0.06908854478306647,0.09398198286802263,2.9936185154418107,0.0644456679643278,40.32533692578764,-2.502620501482454,1.119216055148717,32.088132939482755,0.6060739386681406,0.2387192066052526,2.4582955266107245
Reinier de Ridder,Middleweight,mw,0.4,0.292,1.888723076923077,0.468,0.486,0.3447210789752457,0.4531307692307692,0.3333333333333333,2.6840461538461535,2.5865115384615387,11.278,0.5,0.3333333333333333,0.16666666666666666,1,1,0,2.049353846153846,35.5,78.0,76.0,Southpaw,wrestler,110,-2.0,Netherlands,,8.0,75.59653846153846,4.0,2.0,2026-03-07,0.6132152876507531,0.39472011543514973,4.206049176641647,0.10444565008990761,0.2520575301093818,5.255989784360069,0.13683355554574436,30.794366574952505,2.5108790623585233,0.7978380145504751,27.60028710704187,0.5489428996058614,0.21747782572968552,6.931498470308227
Rodolfo Bellato,Light Heavyweight,lhwx,0.923,0.385,1.416917695473251,0.471,0.59,0.2907123129466709,0.13869958847736624,0.4,4.642296296296296,5.288699588477367,25.2,0.4,0.4,0.0,0,2,0,1.192625514403292,30.4,75.0,75.0,Orthodox,balanced,105,,,,,42.881069958847746,,,2026-03-07,0.6048073879465444,0.4603885948357163,14.152282629502162,0.20931259589230267,0.1451120066921284,5.847225532972139,0.0994006496825241,42.06467474493687,-7.866408936497873,0.36896197946283765,49.156469744837665,0.545058033833588,0.582204384498034,10.098477322911712
Nyamjargal Tumendemberel,Flyweight,flwx,0.696,0.667,1.8409619047619046,0.588,0.392,0.2974603174603175,0.8552761904761904,0.6666666666666666,2.8634761904761907,3.140342857142857,8.86,0.3333333333333333,0.6666666666666666,0.0,0,0,0,1.2695809523809525,28.2,71.0,67.0,Orthodox,grappler,105,,,,,52.02095238095238,,,2026-03-07,0.6441630974178533,0.3346844504228406,6.3149742321170885,0.1994415167299606,0.17336865286389094,2.3149108034822317,0.06383374506438562,29.983178408892694,-5.146866149723293,1.104684838970553,25.516400107828677,0.6647001247608288,0.2652537938252224,3.3227984713699006
Raul Rosas Jr.,Bantamweight,bw,0.333,0.542,4.860363636363636,0.548,0.411,0.2495005101096706,0.6922727272727273,0.5714285714285714,2.306909090909091,2.1248181818181817,5.94,0.42857142857142855,0.5714285714285714,0.0,0,1,0,2.818363636363636,21.7,67.0,69.0,Switch,wrestler,105,,,,12.0,112.63636363636361,6.0,1.0,2026-03-07,0.6382403320040275,0.362414204141686,5.826752630857817,0.24187035495925843,0.3777852280050984,1.685078964782742,0.03571448807206435,24.080633530005343,1.1431491104091775,0.8684191726702593,19.65347678934197,0.6181907431123789,0.08802384497938655,4.312092726863565
Caio Borralho,Middleweight,mw,0.737,0.455,1.0919408284023668,0.598,0.551,0.32617801830987064,0.40440828402366863,0.7777777777777778,3.215266272189349,2.741931952662722,15.828,0.2222222222222222,0.7777777777777778,0.0,0,1,0,0.8709644970414202,33.1,75.0,73.0,Southpaw,grappler,110,1.0,Brazil,,5.0,68.53579881656805,8.0,1.0,2026-03-07,0.6460719578158873,0.46845717943508025,6.434361435612938,0.13594913517306864,0.22839084986309655,2.875960311576711,0.06041636393502377,38.91343847940644,3.6821085625569534,0.7304324249857767,23.933907854223186,0.6684478515668164,0.09036755825360425,3.4353701760991675
Marlon Vera,Bantamweight,bw,0.717,0.393,0.5774666666666666,0.489,0.469,0.49840018704021255,0.6621666666666666,0.5769230769230769,4.121199999999999,5.2851,19.59,0.4230769230769231,0.5769230769230769,0.0,0,7,0,0.47573333333333334,33.5,70.0,68.0,Switch,striker,112,,,,10.0,25.780000000000005,15.0,11.0,2026-02-28,0.5532509477186885,0.3745699964217973,6.058642631314532,0.1034250097155024,0.0915720836018694,5.635445620420339,0.09613466743770857,47.04023229433529,-14.035178659516635,1.1743370299790952,44.46110815609206,0.5971072268032678,0.06694207649244174,6.477267333183307
Jose Daniel Medina,Middleweight,mwx,0.364,0.5,1.123457142857143,0.427,0.43,0.10676959755630311,0.2071,0.25,3.0072714285714284,4.826157142857143,9.67,0.0,0.25,0.75,2,0,1,0.7373857142857143,35.1,74.0,72.0,Orthodox,balanced,112,,,,,34.38714285714286,,,2026-02-28,0.5803285082885379,0.35715291236030955,3.0309244850630113,0.07280925272155651,0.11462331118515576,3.3968242772642054,0.08703649582884833,30.537853630985726,-15.067715217769683,0.27237565027884975,39.79406688660238,0.511887206638336,0.7039407268490652,7.763082784853392
Erik Silva,Featherweight,fwx,0.6,0.75,2.0084083694083694,0.378,0.667,0.16130323227624369,0.35567099567099564,0.0,2.8202222222222217,2.9666738816738816,5.2,0.0,0.0,1.0,1,0,2,1.0092409812409813,39.3,71.0,69.0,Orthodox,wrestler,112,,,,,43.35180375180375,,,2026-02-28,0.5870342970800293,0.4609838497114742,3.3815877394426535,0.08693805582358573,0.14449760592729996,4.604810008528114,0.1727691164353185,27.673565141161173,-0.2510545187683781,0.46682874423952647,24.208894273036258,0.5304786355981723,0.2107259605653102,4.72469523836961
Daniel Zellhuber,Lightweight,lwx,0.818,0.0,0.5611938250428817,0.546,0.359,0.3150055228915023,0.3517032590051458,0.7142857142857143,4.741991423670669,5.407768439108062,25.05,0.14285714285714285,0.7142857142857143,0.14285714285714285,1,0,0,0.5096689536878217,27.0,77.0,73.0,Switch,striker,112,,,,,23.425385934819897,,,2026-02-28,0.6295132346411635,0.31870941009040626,4.464934196479022,0.0737412359294748,0.07817889029069347,3.5466128713984117,0.057401750109926916,59.794293784456684,-11.037595142957409,0.6424196042046676,39.36825264355432,0.653519968564933,0.31697465196895824,3.355677394560848
Kris Moutinho,Bantamweight,bwx,0.3,0.0,0.8775058823529412,0.305,0.332,0.12640514003054926,0.247364705882353,0.25,3.544658823529412,6.592805882352941,14.38,0.0,0.25,0.75,3,0,0,0.9453058823529412,33.9,68.0,67.0,Southpaw,striker,112,,,,,30.80058823529412,,,2026-02-28,0.5818858784183678,0.3006828777589309,2.5638041420056923,0.05550377027845064,0.10254505238008008,3.1141331866663173,0.06164177010693525,41.42229416667664,-36.61046619040683,0.35265067697942215,61.46962567311091,0.4784749835030375,0.5441429369664805,3.2261752703238975
Douglas Silva de Andrade,Featherweight,fwx,0.717,0.429,0.7548810325476993,0.566,0.386,0.4627290347740947,0.2775387205387205,0.5714285714285714,3.5921975308641976,4.056317620650954,16.94,0.21428571428571427,0.5714285714285714,0.21428571428571427,2,2,1,0.570260381593715,41.0,68.0,67.0,Orthodox,striker,112,,,,,24.09236812570146,,,2026-02-28,0.5438313931287357,0.30723957568583116,2.0150618986721427,0.04313816683535951,0.08026758749024626,3.290759447760933,0.06559893796716026,45.49527533267379,-0.19763231285436925,0.7148778449820381,36.114569995069665,0.6421234348104835,0.28194898466428725,7.137381481588182
Lone'er Kavanagh,Flyweight,flwx,0.941,0.455,1.1649666666666665,0.562,0.484,0.09956349206349206,0.35136666666666666,0.75,3.8501666666666665,3.7633,20.38,0.0,0.75,0.25,1,0,0,1.0516333333333334,27.0,67.0,66.0,Orthodox,balanced,112,,,,,37.79333333333334,,,2026-02-28,0.5922413103623502,0.3669222395201587,5.311316738816738,0.10260018897681658,0.12589628920462254,3.1134590409590412,0.05996286533669347,45.9742920967921,3.120118492618493,0.4391267066267066,29.71558635808636,0.6441861212805218,0.34748168498168497,5.285195915195916
Cristian Quinonez,Bantamweight,bw,0.8,0.529,2.8280000000000003,0.526,0.452,0.17900070140079702,0.668125,0.25,3.5095,3.259125,12.38,0.25,0.25,0.5,0,1,2,1.7065000000000001,30.1,70.0,68.0,Orthodox,balanced,112,,,,,61.275000000000006,2.0,2.0,2026-02-28,0.7147282502322789,0.4005613661263088,4.402409867429498,0.0916094839488315,0.20713698017367693,2.7154210765762703,0.055048409934814156,39.29837110375735,2.228080026812619,0.7487638624216065,26.41415558534521,0.6355690915775584,0.3085327868466565,3.444752499437402
David Martinez,Bantamweight,bw,1.0,0.286,1.2505714285714284,0.7,0.456,0.3882456995600946,0.23785714285714282,0.6666666666666666,4.265142857142857,3.2118571428571427,22.86,0.3333333333333333,0.6666666666666666,0.0,0,1,0,1.1674285714285715,27.9,67.0,65.0,Orthodox,striker,112,,,,8.0,36.6,3.0,0.0,2026-02-28,0.634058115705577,0.3778943613971531,5.551733726041875,0.09375679839462417,0.1251973650964471,3.5625220466994105,0.06166787975234172,52.106301669600235,10.99535676533687,0.6108321692981625,30.43250434243534,0.6829313004712458,0.13832318496760743,2.651145713642745
Punahele Soriano,Middleweight,mw,0.488,0.481,1.5176153846153848,0.475,0.56,0.6464807193168305,0.19375384615384614,0.45454545454545453,3.8811641025641026,3.0986076923076924,20.417,0.36363636363636365,0.45454545454545453,0.18181818181818182,1,4,1,1.1244358974358974,33.2,72.0,71.0,Southpaw,grappler,124,4.0,,,,72.84435897435898,7.0,4.0,2026-02-21,0.7510668185558151,0.4858841773591423,22.504032784427764,0.3753869428936236,0.24291798303588416,5.287326522906713,0.0929957693786079,30.429577716635002,-8.15941395842765,0.84022534303365,25.683524738027913,0.6129871275131721,0.16998521715312367,2.220998980205485
Michel Pereira,Middleweight,mw,0.759,0.565,1.0894331983805667,0.514,0.519,0.2682031283369003,0.5290161943319838,0.4666666666666667,3.7602348178137652,3.6978481781376518,19.378,0.3333333333333333,0.4666666666666667,0.13333333333333333,2,2,0,0.7274493927125507,32.4,73.0,73.0,Orthodox,balanced,124,1.0,,,,25.24554655870445,10.0,5.0,2026-02-21,0.49897286258806284,0.39071351463337867,2.8666261669379938,0.05449733414562283,0.08406062514054707,6.383664609122654,0.11408213523000488,47.14923987586405,6.4253559787662216,0.7968706477719428,35.65164470783143,0.596791410629616,0.12584181439542483,9.944031911826523
Yadier del Valle,Featherweight,fwx,0.556,1.0,1.1649797979797982,0.643,0.418,0.16130323227624369,1.5470995670995669,0.3333333333333333,2.617936507936508,2.653816738816739,4.6,0.6666666666666666,0.3333333333333333,0.0,0,0,0,0.7520981240981242,29.9,69.0,69.0,Southpaw,grappler,119,,,,,62.72323232323232,,,2026-02-21,0.5053333892921651,0.3281267068543314,5.181587739442653,0.21952286232143572,0.20906903449872852,3.061952865670971,0.07601804142337391,26.64499371258975,-0.7653402330540924,1.495400172810955,20.60889427303626,0.6487218788414155,0.2107259605653102,4.72469523836961
Phil Rowe,Welterweight,wwx,0.537,0.364,0.7330183150183149,0.509,0.47,0.32696784833955833,0.3343736263736264,0.5555555555555556,3.4021062271062275,4.000857142857143,14.8,0.4444444444444444,0.5555555555555556,0.0,0,4,0,0.6641684981684981,35.9,80.0,75.0,Orthodox,striker,119,,,,,40.57985347985348,,,2026-02-21,0.7075630483789597,0.4086238276613543,1.757532503536745,0.03731533789460285,0.13522138608451087,5.608274588292659,0.12044461983471859,39.99073200424136,-1.3846948165618078,0.6354789658559843,34.395522272706216,0.6111364706220687,0.3257736908798539,8.226379713034166
Jacobe Smith,Welterweight,wwx,1.0,1.0,2.6491768707482994,0.461,0.632,0.4657974326306084,0.7808367346938775,0.0,5.259625850340136,3.882448979591836,22.75,1.0,0.0,0.0,0,2,0,1.096312925170068,30.4,72.0,70.0,Southpaw,grappler,119,,,,,70.9482993197279,,,2026-02-21,0.664569654656347,0.4759109538415485,13.408274649425383,0.21429121536699314,0.2364254312998059,4.423938521114939,0.08368116826278026,42.27993086501966,5.811281054956643,1.0516037937325422,28.725969935025837,0.5918282746091218,0.14215114020544298,4.991848038492023
Ramiz Brahimaj,Welterweight,wwx,0.448,0.345,1.7645567765567767,0.471,0.487,0.19312169449340452,1.2641428571428572,0.3333333333333333,2.834413919413919,3.521087912087912,9.56,0.5555555555555556,0.3333333333333333,0.1111111111111111,1,1,0,1.474860805860806,33.6,72.0,70.0,Orthodox,grappler,119,,,,,49.71831501831502,,,2026-02-21,0.6880905347203995,0.41698115963915616,2.3159940419982834,0.05987734534033123,0.16570343736656212,5.266736126754197,0.15268849161347411,28.881501235010585,-4.7170025088695,1.2585558889329074,28.04475304193699,0.5815859139720481,0.19192753703370005,2.9186874053418586
Carlos Leal,Welterweight,wwx,0.909,0.111,0.8386547619047618,0.488,0.47,0.12632275355178232,0.25985714285714284,0.5,6.408547619047619,5.931392857142857,38.25,0.25,0.5,0.25,1,1,0,1.1467738095238096,32.1,74.0,71.0,Orthodox,striker,119,,,,,36.654761904761905,,,2026-02-21,0.6355367298037621,0.38428721442034064,2.450990318247211,0.05151580245710801,0.12218475238733015,10.99594620597557,0.13197272804046206,70.9324395068922,5.459870923087062,0.35765331951597434,47.82272369314761,0.5921594900672784,0.3118822476797626,3.43036703368052
Dan Ige,Featherweight,fwx,0.568,0.22,0.8711143434343436,0.559,0.452,0.3601649050373482,0.14830787878787877,0.6666666666666666,3.6131422222222214,3.710428686868687,16.66,0.2857142857142857,0.6666666666666666,0.047619047619047616,1,5,0,1.0719474747474746,34.9,71.0,67.0,Orthodox,striker,119,,,,,35.65850505050505,,,2026-02-21,0.6462493954158982,0.37584099516059205,6.7248445670439425,0.13676907165830618,0.118819329659644,4.0703468023878715,0.08179113296300716,39.302598239525125,-1.132295265255146,0.4907120483870674,36.13649039645016,0.6139993489199412,0.19400326895828685,5.687914666743491
Anthony Hernandez,Middleweight,mw,0.682,0.482,3.9873269230769233,0.509,0.607,0.09045067435952855,1.1187067307692309,0.16666666666666666,3.6500288461538464,2.7400697115384616,18.788,0.5833333333333334,0.16666666666666666,0.25,2,2,1,2.826221153846154,32.3,75.0,72.0,Orthodox,grappler,124,-1.0,United States,,6.0,110.13533653846154,9.0,3.0,2026-02-21,0.7621567421327456,0.5195068773234806,17.935598917219213,0.3235595578436148,0.3670056532880606,6.256584524315953,0.11535173655742187,30.553297291163496,-2.1295642223895594,1.2088760318213199,28.95472489644662,0.5815885564093672,0.2097872774446898,2.7583229075790063
Zach Reese,Middleweight,mwx,0.55,0.611,2.443638095238095,0.44,0.542,0.2045130650375354,0.8314,0.375,4.142514285714285,3.878104761904762,17.07,0.25,0.375,0.25,2,1,0,1.1805904761904762,,,,,grappler,119,,,,,46.92476190476191,,,2026-02-21,0.5446622526521286,0.4023458847648513,6.387282990042007,0.13133404204425606,0.15641554079010386,5.964549518176137,0.12779803744911727,36.75856908732382,7.354856521486879,0.8482504335192331,27.92937792440159,0.5276893757165014,0.13596048456604345,6.608721856568928
Carli Judice,Women's Flyweight,wflwx,0.828,0.5,0.9884111111111111,0.596,0.482,0.3496058023978358,0.2482,0.5,6.218211111111112,4.3414777777777775,37.4,0.5,0.5,0.0,0,2,0,0.6931555555555556,27.3,68.0,67.0,Southpaw,striker,119,,,,,38.65444444444444,,,2026-02-21,0.6515825856291413,0.37998278873045643,3.139365566095313,0.05689808953960686,0.12884940482340188,8.392438266797761,0.11133650917998847,70.75604523893415,24.563516261244462,0.5757445460873323,39.2091191441817,0.6331478865899625,0.06097624645576202,3.4531556151893823
Chidi Njokuani,Middleweight,mw,0.75,0.0,0.34923076923076923,0.572,0.6,0.4248007706966041,0.216521978021978,0.4,4.364604395604396,3.273508241758242,23.9,0.3,0.4,0.3,2,3,1,0.5351098901098902,37.1,80.0,75.0,Orthodox,striker,124,-2.0,,,,42.15467032967033,5.0,5.0,2026-02-21,0.44854625493496514,0.4324815797493704,5.6828922690297485,0.09189252670510259,0.1405172834114632,16.111421274542906,0.2355191201672003,43.6745475535375,6.614913615970374,0.6413128675360537,30.71449079074419,0.6503464198037018,0.19105558980691822,6.201070335934448
Juliana Miller,Women's Flyweight,wflwx,0.444,0.29,1.7669209876543208,0.447,0.399,0.04409404657585405,0.8856222222222222,0.6,3.1488543209876543,4.08698024691358,12.77,0.2,0.6,0.2,1,1,0,1.7633604938271603,30.1,66.0,67.0,Orthodox,grappler,119,,,,,84.6483950617284,,,2026-02-21,0.6483918310847613,0.3379668863208676,5.964906144221476,0.14719428145347094,0.2821339438886079,6.265073331170658,0.14341810501801006,32.33015987050557,-13.63755819513313,0.8861319042143809,35.765370863204254,0.5721876718404704,0.054201107960677355,6.531010119484579
Marc-Andre Barriault,Middleweight,mw,0.681,0.286,0.4821538461538461,0.492,0.47,0.3179990485962708,0.13525274725274725,0.47058823529411764,4.764545787545787,4.9579578754578755,25.513,0.23529411764705882,0.47058823529411764,0.23529411764705882,3,3,1,0.5045018315018316,36.0,74.0,73.0,Orthodox,striker,138,-2.0,,,,32.00787545787546,6.0,10.0,2026-02-07,0.705863565720079,0.4059760707646675,5.442440999865986,0.0805395842298756,0.1066248718876584,18.213474988889413,0.24607891844139104,47.80684122616786,-7.5882260875215835,0.45318293733172815,46.692444409946674,0.5906529775321767,0.24275500858922758,3.4911897477658225
Muin Gafurov,Bantamweight,bwx,0.667,0.188,1.1883385620915032,0.594,0.47,0.24056525267672757,0.21987973856209153,0.6,3.7023633986928104,3.006160784313726,17.31,0.0,0.6,0.4,0,0,2,1.357494117647059,30.1,68.0,67.0,Orthodox,striker,133,,,,,58.54496732026145,,,2026-02-07,0.6070869643912062,0.3720945448377582,4.45842419460335,0.09131199333393142,0.19499731151733612,7.088631208660658,0.13734770332640084,39.99930421653309,5.611209540151194,0.4416723966312812,23.998641623961834,0.6628011942338884,0.2785544055086665,3.3933523770400456
Jailton Almeida,Heavyweight,hwx,0.667,0.548,4.402083660130719,0.442,0.635,0.0725909720748415,1.2798666666666667,0.2727272727272727,2.766115032679738,2.0033477124183006,10.33,0.6363636363636364,0.2727272727272727,0.09090909090909091,1,3,0,2.3902013071895425,35.0,79.0,75.0,Orthodox,grappler,133,,,,,147.09516339869282,,,2026-02-07,0.8063327693557051,0.5687203439110088,18.013740995954226,0.5679000232260093,0.4903183149200174,3.6412298570377764,0.09777861559904588,14.328636953335758,0.9148569376983093,1.1859082225773847,18.90246612336848,0.5034103081559196,0.07112471688555905,8.275492249274118
Mario Bautista,Bantamweight,bw,0.558,0.383,1.826888888888889,0.548,0.49,0.23009350169784526,0.7536111111111111,0.5,5.010888888888889,3.8729444444444443,24.19,0.35714285714285715,0.5,0.14285714285714285,1,1,1,1.4695555555555557,33.0,69.0,69.0,Switch,balanced,133,,,,7.0,59.03333333333333,11.0,3.0,2026-02-07,0.6121800079595763,0.38995459428836726,4.609852414198056,0.0695952364127242,0.19814510946787073,8.032122629015976,0.11521343471850326,56.18906099235093,12.280580370339658,0.9188054442303915,34.68048491965163,0.6328926667867251,0.20432998411822723,2.762183906559992
Klaudia Sygula,Women's Bantamweight,wbwx,0.4,0.125,0.6903246753246753,0.562,0.482,0.052308802308802305,0.2153246753246753,0.6666666666666666,5.251792207792208,4.859675324675324,33.0,0.0,0.6666666666666666,0.3333333333333333,1,0,0,0.9344935064935065,27.5,69.0,68.0,Orthodox,striker,133,,,,,42.17272727272727,,,2026-02-07,0.6579645637372368,0.38909588418720803,3.6543490194148456,0.08131211444208096,0.14052922552852468,5.528404052253201,0.10727532913471216,63.037945976857245,9.88422314961365,0.24671430443147283,44.27461845233399,0.61287947589483,0.09584870239867417,8.722317898419714
Farid Basharat,Bantamweight,bwx,0.545,0.419,2.746204705882353,0.622,0.483,0.10112411202443941,0.4252917647058824,0.8333333333333334,3.6517270588235293,3.383644705882353,17.81,0.16666666666666666,0.8333333333333334,0.0,0,0,0,2.219044705882353,28.9,71.0,68.0,Orthodox,wrestler,133,,,,,81.4404705882353,,,2026-02-07,0.610588794267875,0.3866447269232272,4.5260433136045535,0.09071880569644472,0.2713693752373974,4.9288065493330535,0.09425620784756192,43.03783533334131,2.9991270476745355,0.5071205415835378,27.91320053848873,0.6759821097034056,0.13531434957318442,3.2559402162591184
Wang Cong,Women's Flyweight,wflw,0.842,0.667,0.9341111111111111,0.635,0.558,0.4791194126575038,0.30783333333333335,0.6,4.932027777777778,2.56925,28.42,0.2,0.6,0.2,0,1,1,0.6882777777777779,34.1,66.0,66.0,Southpaw,striker,133,3.0,China,"Liaoning, China",12.0,39.413888888888884,4.0,1.0,2026-02-07,0.5321375024067265,0.39148607041873396,4.4930011911045,0.07184938809947768,0.1313049144439723,5.804963580011253,0.08302476574597166,63.68527025832637,29.93603881187286,0.7869606324545302,21.98018766503964,0.7081108531804511,0.1759390532307199,1.0469191128072708
Eduarda Moura,Women's Flyweight,wflw,0.8,0.333,2.5613333333333332,0.585,0.377,0.06245274599083714,0.2878333333333334,0.8,3.1798055555555553,2.8248055555555553,12.64,0.2,0.8,0.0,0,1,0,2.454388888888889,32.3,67.0,66.0,Orthodox,wrestler,133,-1.0,Brazil,"Riachuelo, Brazil",13.0,96.02499999999999,3.0,2.0,2026-02-07,0.7712426048251149,0.3612379369097309,9.889826587929896,0.2344651576042576,0.32001743648982767,3.6819477069953797,0.07380186423220082,34.121778194834306,0.6304832563173046,0.35045269594659373,23.26987020472218,0.7004469754397079,0.15609778338945005,2.832633398521556
Jean Matsumoto,Bantamweight,bwx,0.548,0.486,2.804449673202614,0.475,0.409,0.11236012447159933,0.5771019607843137,0.8,4.486252287581699,4.56449411764706,25.43,0.2,0.8,0.0,0,0,0,2.062494117647059,26.8,68.0,66.0,Orthodox,wrestler,133,,,,,62.04496732026145,,,2026-02-07,0.5921056909829665,0.3377211055395583,2.39798463416379,0.05089723400531442,0.20662734814737277,7.244308864338312,0.11178937346095487,55.43886465609352,-0.06644613750448435,0.6706101255690101,49.877762503082714,0.5632566796570031,0.15034927730353825,2.9629494466371153
Michal Oleksiejczuk,Middleweight,mw,0.529,0.421,0.8767832167832168,0.6,0.532,0.802145944988748,0.0696048951048951,0.2222222222222222,4.362657342657343,3.4783234265734264,22.967,0.4444444444444444,0.2222222222222222,0.2777777777777778,0,8,5,0.7220699300699301,31.0,74.0,72.0,Southpaw,balanced,138,3.0,,,,27.65297202797203,10.0,7.0,2026-02-07,0.663606343681848,0.4406280571632994,9.602749625746204,0.14679172402459317,0.09217766520123415,3.0254499019818497,0.05023635737559977,52.815621170432955,9.84130866470842,0.8717445520683977,33.20922141229176,0.6664035387955546,0.0533990116953116,1.996135668321922
Javid Basharat,Bantamweight,bw,0.839,0.36,1.5767272727272728,0.639,0.534,0.23624293435209476,0.15136363636363634,0.7142857142857143,4.776,3.2320909090909096,24.44,0.0,0.7142857142857143,0.14285714285714285,1,0,0,1.3547272727272726,30.8,69.0,69.0,Orthodox,balanced,133,,,,,47.345454545454544,4.0,2.0,2026-02-07,0.5911981397465241,0.41173714541077744,6.9138738429790285,0.10454978079657903,0.16025787110274148,4.853639570843348,0.07385063422256456,55.156391105762914,14.347694564954633,0.37788886963995627,26.892113152978336,0.6964875495775595,0.19408445103999258,2.005274545045383
Jamie Mullarkey,Lightweight,lwx,0.706,0.308,2.245831298557159,0.544,0.466,0.2376616895136081,0.18945504994450613,0.46153846153846156,4.107112097669257,4.246144284128746,17.86,0.15384615384615385,0.46153846153846156,0.38461538461538464,4,2,1,2.0614328523862375,31.8,74.0,72.0,Orthodox,wrestler,140,,,,,56.375249722530526,,,2026-01-31,0.5439341691276732,0.34691459263551117,3.442038358889345,0.06605401771215151,0.18793891338432164,5.02352703708796,0.09365441962130218,45.42782034792575,0.026646751814819923,0.4014196731319897,36.61012986179565,0.6128865083055058,0.566666924294819,5.586623630359363
Benoit Saint Denis,Lightweight,lwx,0.722,0.358,3.5283207547169813,0.422,0.585,0.5897720386147021,1.4108584905660377,0.08333333333333333,5.245806603773585,4.101028301886792,21.95,0.75,0.08333333333333333,0.16666666666666666,2,5,0,2.5882099056603773,30.5,73.0,71.0,Southpaw,grappler,140,,,,,96.31745283018869,,,2026-01-31,0.6275519491080906,0.4658054300479663,17.02628101606019,0.2655822385396579,0.3211752199297162,10.230760463918944,0.15985098854949695,35.875622431359425,-1.1837413976253253,1.699438597507934,33.13385551062541,0.5278357697049181,0.18203490576454395,5.602183711152928
Rafael Fiziev,Lightweight,lw,0.904,0.667,1.11921875,0.499,0.526,0.288537714978334,0.18570312500000002,0.5,4.694671875000001,4.557015625,21.28,0.25,0.5,0.25,3,3,0,0.6500781250000001,33.3,71.0,68.0,Switch,striker,140,,Kyrgyzstan,"Korday, Kyrgyzstan",11.0,28.171875,,,2026-01-31,0.48243138800381746,0.3997072824856611,2.8595932919792633,0.049746904271260745,0.09072940621035011,6.4647310935805145,0.10289936623357043,53.795848803634044,1.8105771078943715,0.43563336302192196,38.87053299860058,0.5922531512399446,0.28214887351903023,2.854111277106079
Oban Elliott,Welterweight,wwx,0.524,0.364,1.0742486772486772,0.608,0.491,0.23133451109364778,0.23098412698412696,0.6,3.789375661375661,2.983349206349206,16.36,0.2,0.6,0.2,0,1,1,0.956021164021164,28.5,72.0,72.0,Orthodox,balanced,140,,,,,64.13756613756613,,,2026-01-31,0.6523973171760498,0.41045893165904807,7.178658060664187,0.14768410970471707,0.21384676402683317,4.607507738644952,0.09172344086673248,39.47962876803116,9.329409074490085,0.4369616808395962,26.318611536766127,0.6474759498114769,0.2296096169851858,5.144453236287446
Dan Hooker,Lightweight,lw,0.771,0.333,0.8598103448275862,0.491,0.487,0.5053007721954116,0.5809051724137931,0.36,4.794577586206896,4.770905172413793,21.29,0.36,0.36,0.28,4,7,2,0.7207327586206896,36.3,75.0,72.0,Switch,striker,140,,New Zealand,"Aukland, New Zealand",9.0,47.76724137931034,,,2026-01-31,0.6255215629334913,0.41378180775532575,4.9520727902219175,0.0803701641197273,0.1577341736786416,5.516778157370683,0.08731495907573146,52.98626425142725,3.1049076980175627,1.0101346489995398,44.55978509010942,0.5571923531289523,0.13419870694593936,7.646018132372305
Benoît Saint Denis,Lightweight,lw,0.722,0.358,3.63996875,0.422,0.585,,1.495203125,0.08333333333333333,5.381671875,3.992265625,21.95,0.75,0.08333333333333333,0.16666666666666666,2,5,0,2.652578125,30.5,73.0,71.0,Southpaw,grappler,140,,France,"Nîmes, France",5.0,97.546875,,,2026-01-31,,,,,,,,,,,,,,
Yizha,Featherweight,fwx,0.778,0.286,2.074232323232323,0.464,0.5,0.5911403282417131,0.31121212121212116,0.75,3.4914444444444444,3.6074646464646465,14.6,0.25,0.75,0.0,0,1,0,1.9830858585858584,29.4,71.0,67.0,Orthodox,wrestler,140,,,,,54.53282828282828,,,2026-01-31,0.6439237138438666,0.4070172561627382,4.533889272012321,0.1027436123335195,0.18176873851972078,4.554208757462099,0.09815664389881729,38.164369498516024,1.205327296077669,0.8584751512095856,29.207782488906727,0.5976797209093155,0.3343852154946464,6.159108333573409
Kaan Ofli,Featherweight,fwx,0.0,0.071,0.9482323232323233,0.54,0.455,0.14114032824171321,0.5007121212121212,0.5,3.054444444444444,3.6439646464646467,10.22,0.25,0.5,0.25,1,0,0,1.3610858585858585,33.0,66.0,67.0,Orthodox,balanced,140,,,,,58.73282828282828,,,2026-01-31,0.5128188895436879,0.3356685608052322,3.2338892720123216,0.07795206974864755,0.19573170148268376,6.620875424128766,0.18608100363675653,30.831036165182695,-7.778006037255664,0.5751418178762523,30.29111582224006,0.6150697070493016,0.5177185488279797,5.009108333573408
Rose Namajunas,Women's Flyweight,wflw,0.621,0.483,1.3976521739130434,0.637,0.411,0.2604628757603896,0.34119565217391307,0.631578947368421,3.4222282608695656,3.1852717391304344,16.51,0.2631578947368421,0.631578947368421,0.10526315789473684,1,2,1,1.0014130434782609,34.0,65.0,65.0,Orthodox,striker,147,-1.0,United States,"Milwaukee, United States",5.0,57.67065217391304,12.0,7.0,2026-01-24,0.7048459668447234,0.35773671732521545,5.069725103765529,0.09958267575206564,0.19225665044149914,3.81446815035637,0.07422151628563473,42.44413266837201,2.601783303196626,0.6019369762606754,25.021750452779482,0.7434739800026612,0.014497890394629526,2.4945501290281036
Paddy Pimblett,Lightweight,lw,0.444,0.211,1.120625,0.427,0.526,0.40774326909391906,1.0476041666666667,0.375,5.2115625,3.8286874999999996,25.26,0.625,0.375,0.0,0,2,0,1.1584375,31.5,73.0,70.0,Orthodox,grappler,147,,England,"Liverpool, England",6.0,55.895833333333336,,,2026-01-24,0.625571757671267,0.4329785955236802,10.9213436875513,0.15688231386926788,0.1821878193915779,5.858128300212615,0.08432960040149089,54.06332472063486,12.752918599999512,1.340712905081861,32.8800089104148,0.5339216424214465,0.3054748138148473,5.578508018597579
Natalia Silva,Women's Flyweight,wflw,0.903,0.3,0.7649166666666667,0.663,0.453,0.22865774131130967,0.12670833333333334,0.75,4.373770833333333,2.5496875,22.82,0.25,0.75,0.0,0,2,0,0.715375,29.4,65.0,64.0,Southpaw,striker,147,8.0,Brazil,"Timóteo, Brazil",1.0,33.18541666666666,8.0,0.0,2026-01-24,0.6020606028636648,0.35957744258128804,3.691720590298072,0.061588395967840805,0.11070932556361895,3.1397075334932882,0.051429233724604166,58.77152845132053,24.34786244223798,0.3553719894924128,21.32415590029488,0.7333979184547165,0.027787623256373257,0.785189334605453
Umar Nurmagomedov,Bantamweight,bw,0.794,0.466,3.2626153846153847,0.612,0.565,0.19003593458983958,0.29423076923076924,0.6666666666666666,3.902769230769231,2.364076923076923,18.81,0.3333333333333333,0.6666666666666666,0.0,0,1,0,2.343230769230769,30.5,69.0,68.0,Orthodox,wrestler,147,,,,3.0,92.39999999999999,8.0,1.0,2026-01-24,0.6671650825955938,0.46717836581094035,12.365980036761348,0.2200838871959727,0.309244058805103,3.6414425559995984,0.06560903765805658,40.19544730645423,11.196569957328476,0.46965350113518983,18.908711129443205,0.7037536595353168,0.23424502859202528,1.5873033132632532
Andrey Pulyaev,Middleweight,mw,0.556,0.0,0.6984615384615385,0.573,0.478,0.367458684250351,0.21875824175824174,0.6666666666666666,2.972065934065934,3.1005879120879123,12.5,0.3333333333333333,0.6666666666666666,0.0,0,1,0,0.855934065934066,28.4,78.0,76.0,Southpaw,balanced,152,-1.0,,,,33.98076923076923,1.0,2.0,2026-01-24,0.6093997423863678,0.39111224469305217,3.7586416809166385,0.08177668520936836,0.11323694777530734,5.4906996919429565,0.1288684854031394,35.33123796421786,1.0691129462264617,0.5861971636435358,28.00041015291695,0.6414880093499417,0.4892540367566936,3.1878549575831827
Tereza Bleda,Women's Flyweight,wflwx,1.0,0.19,1.6337555555555558,0.404,0.487,0.05669234559752663,0.7340857142857142,0.3333333333333333,3.312384126984127,3.5628317460317467,11.0,0.0,0.3333333333333333,0.6666666666666666,2,0,0,1.849320634920635,24.6,71.0,69.0,Orthodox,grappler,189,,,,,94.99079365079365,,,2025-12-13,0.6034456877341883,0.3726267652327954,8.620499422476277,0.23953255414806973,0.3166578231995341,6.321970264095399,0.14917777192326084,29.129357824088004,-8.086593660618574,0.6824835628753184,28.610421879064802,0.575229288292109,0.25336060819434025,4.4974839683797025
Giga Chikadze,Featherweight,fwx,0.688,0.4,0.5263661616161617,0.611,0.422,0.47966107321176565,0.3026060606060606,0.6666666666666666,3.830722222222222,3.588232323232323,17.85,0.25,0.6666666666666666,0.08333333333333333,1,3,0,0.4055429292929293,37.8,74.0,72.0,Orthodox,striker,189,,,,,17.01641414141414,,,2025-12-13,0.5888031481748114,0.34140212330827097,4.503308272369797,0.08939771495109354,0.056611641987133116,1.5680134696401407,0.031472442469444924,46.7640029310762,2.9822091025842887,0.7496921210593382,32.160709426271545,0.6574788076545439,0.22855624411095957,3.4818268940594312
Morgan Charriere,Featherweight,fwx,0.833,0.467,1.842385858585859,0.539,0.5,0.5282968779779859,0.42536969696969695,0.3333333333333333,3.925355555555555,4.286171717171717,15.77,0.5,0.3333333333333333,0.16666666666666666,1,3,0,1.1588686868686868,30.7,69.0,68.0,Orthodox,wrestler,189,,,,,49.06626262626263,,,2025-12-13,0.609385546417559,0.39352364625434266,3.5717268022252417,0.07858647022097531,0.16354832414910997,3.624905467508141,0.07529110195500438,41.46995713727436,-2.2941997015994033,0.8806262748138224,34.073918298817695,0.5980569280922167,0.4244312493187941,4.622671282243342
Cesar Almeida,Middleweight,mwx,0.469,0.0,0.7159619047619048,0.461,0.577,0.23379519782782499,0.3318666666666667,0.6,3.3104634920634926,2.9320285714285714,14.67,0.4,0.6,0.0,0,2,0,0.6002317460317461,38.2,74.0,73.0,Orthodox,striker,189,,,,,33.51079365079366,,,2025-12-13,0.5181986601018281,0.4267907519437515,5.110821764500454,0.11703124797820001,0.11173306673248412,6.963843802012627,0.16439990851801495,32.33920322754287,2.3009198064269487,0.5198894669145331,26.205837232535448,0.5468541387202678,0.45905842386583573,5.483851364314126
Nazim Sadykhov,Lightweight,lwx,0.688,0.455,1.4207132075471698,0.47,0.482,0.4023765205247821,0.3229735849056604,0.16666666666666666,4.571290566037736,5.322645283018868,21.0,0.6666666666666666,0.16666666666666666,0.16666666666666666,1,3,0,0.9947358490566038,32.1,69.0,70.0,Southpaw,balanced,196,,,,,41.007924528301885,,,2025-12-06,0.644694680923638,0.39100584659802634,5.692399276045952,0.10003908285791033,0.13677545678265082,8.91746849052206,0.1473048210485214,45.166030855210046,-14.078601620815908,0.679940916851855,41.04353944637129,0.5999994164018184,0.543004100971522,3.500556874907621
Edson Barboza,Lightweight,lwx,0.731,0.5,0.5545870020964361,0.557,0.447,0.536808963091977,0.11438155136268345,0.5,4.136580712788261,4.618345911949685,18.66,0.28125,0.5,0.21875,5,9,2,0.36553773584905663,40.4,75.0,71.0,Orthodox,striker,196,,,,,21.10775681341719,,,2025-12-06,0.4587611928685079,0.3065947123721318,2.5404980392234235,0.04676419408636383,0.0703607038071466,3.0708905686342067,0.05527978250367013,50.24989042106765,0.03663781020573779,0.6381937438716189,44.709580464615456,0.6129691895677453,0.31780279828394464,9.128183847856441
Marvin Vettori,Middleweight,mw,0.685,0.439,1.370146853146853,0.561,0.459,0.10537175144036094,0.38624125874125875,0.8888888888888888,4.4690209790209785,4.298141608391608,23.613,0.1111111111111111,0.8888888888888888,0.0,0,0,0,1.0755244755244755,32.2,74.0,72.0,Southpaw,grappler,201,-4.0,,,,54.080244755244756,9.0,8.0,2025-12-06,0.7555169075998354,0.4045489788904977,5.13178188381072,0.08029705259642346,0.1802069907144306,4.345097995823491,0.06805278931977685,57.553157827324455,0.10758432453246657,0.4916859010420049,40.514793259799085,0.6435114249969062,0.0533990116953116,2.6770740847442087
Ibo Aslan,Light Heavyweight,lhwx,0.875,0.0,0.5296954732510287,0.561,0.464,0.4944160166503746,0.13869958847736624,0.2,4.726740740740741,4.047588477366255,19.44,0.4,0.2,0.4,1,2,1,0.5320699588477366,30.2,77.0,75.0,Orthodox,striker,196,,,,,20.769958847736632,,,2025-12-06,0.6992518323909889,0.41652772784602266,2.3374678146873498,0.053757040336747136,0.07138772685673746,6.58796627371288,0.1251502087654165,43.546156226418354,9.578035507946572,0.5726656831665413,28.674988263356184,0.6085595666863512,0.619241421535071,5.339218063652453
Merab Dvalishvili,Bantamweight,bw,0.76,0.352,5.1254285714285714,0.54,0.416,0.10866693386697028,0.36261904761904756,0.8235294117647058,4.339809523809524,2.933,22.03,0.11764705882352941,0.8235294117647058,0.058823529411764705,0,1,1,4.803904761904762,35.4,68.0,66.0,Orthodox,wrestler,196,,,,1.0,95.54285714285714,14.0,3.0,2025-12-06,0.6591473525948925,0.3472869587356495,12.672346616163619,0.19533761661061347,0.31947810884923145,8.793969933933818,0.1358313363312503,42.65414137285994,6.515459057833379,0.46619575711299294,25.87444022298865,0.6399929047436106,0.08658391879872629,1.8146676188332962
Jan Blachowicz,Middleweight,mw,0.695,0.487,0.9538165680473372,0.522,0.503,0.33771323550329957,0.3406656804733728,0.5909090909090909,3.297248520710059,2.962965976331361,16.46,0.3181818181818182,0.5909090909090909,0.09090909090909091,1,5,1,0.6965207100591717,42.8,78.0,74.0,Orthodox,balanced,201,-2.0,,,,39.10636094674556,12.0,8.0,2025-12-06,0.6188844570129309,0.414858258987518,5.67998228405631,0.11599276603867684,0.1302703972134171,5.140582151493799,0.10469573234705841,38.638858939084294,8.17634542691445,0.6786556466219776,26.5678759935509,0.613327776580139,0.1257698597128827,9.924202708360307
Manuel Torres,Lightweight,lw,0.9,0.667,1.9761499999999999,0.511,0.596,1.4366603439653345,0.8875250000000001,0.0,5.877675,4.082425000000001,17.0,0.8333333333333334,0.0,0.16666666666666666,1,4,0,0.890125,31.2,73.0,70.0,Switch,balanced,196,,Mexico,"Chihuahua, Mexico",15.0,31.575,,,2025-12-06,0.6514704229310107,0.48241702747112897,8.700349267166821,0.16669014919214103,0.10029204993656016,6.556069749728823,0.12188179499159298,39.72335808581447,10.171923372630994,1.9720133808350753,25.292852797760922,0.5790975792973443,0.7139381976304484,6.441578043369726
Petr Yan,Bantamweight,bw,0.864,0.492,1.6672,0.596,0.549,0.4853933840085947,0.17124999999999999,0.6875,4.9277999999999995,4.09165,25.1,0.25,0.6875,0.0,0,4,0,1.1546,33.4,67.0,67.0,Switch,balanced,196,,,,,44.07,12.0,4.0,2025-12-06,0.6801414943431058,0.45628767980179247,9.263550153868351,0.12909578603152505,0.14784042425337882,8.143927051320164,0.11266205461661631,53.98227947598569,1.677438907276772,0.6460572691065737,37.82945533758636,0.6651024028235503,0.0897924250834902,2.210659620464616
Mairon Santos,Featherweight,fwx,0.692,0.0,0.7587323232323233,0.656,0.481,0.4138676009689859,0.31121212121212116,0.5,3.555944444444444,3.0949646464646463,14.18,0.5,0.5,0.0,0,2,0,0.6740858585858586,26.0,72.0,67.0,Orthodox,striker,196,,,,,32.98282828282828,,,2025-12-06,0.5585268048168206,0.37582532347384323,3.279343817466867,0.07446823474307342,0.1098899506409329,4.363299666553009,0.0950832332911601,38.982551316697844,5.009872750623123,0.6812024239368584,24.366873397997637,0.6764655184451132,0.18438521549464643,3.0091083335734083
Muhammad Naimov,Featherweight,fwx,0.735,0.346,1.6921689623507807,0.447,0.405,0.20870811750912477,0.3529724517906336,0.42857142857142855,2.854141414141414,3.2527924701561064,9.72,0.2857142857142857,0.42857142857142855,0.2857142857142857,1,2,1,1.342971533516988,31.9,70.0,69.0,Orthodox,balanced,196,,,,,61.123875114784205,,,2025-12-06,0.60489595128869,0.3405711562157335,4.533737652372597,0.1321074341254986,0.20364662464733901,4.860636672093648,0.1419719552140838,27.604389938314686,-2.7627922695192706,0.5091940493645472,20.984447870720043,0.614527559262719,0.24015894460216708,3.2490484850230845
Payton Talbott,Bantamweight,bw,0.72,0.5,1.1964000000000001,0.451,0.59,0.5032005611206377,0.31049999999999994,0.5,5.1216,3.1993,24.13,0.5,0.5,0.0,0,2,0,0.8352,27.8,70.0,70.0,Switch,striker,196,,,,11.0,50.82000000000001,5.0,1.0,2025-12-06,0.6868448246403128,0.4689159763076895,12.671927893943598,0.1858887367767894,0.17167625080560822,6.882336861261015,0.10318823405868341,46.16869688300588,14.742464021450099,0.7790110899372853,27.55132446827617,0.568927079936385,0.09682622947732519,7.015801999549922
Henry Cejudo,Bantamweight,bw,0.714,0.303,1.7711999999999999,0.559,0.463,0.3324698457777101,0.17925,0.6875,3.7037999999999998,3.75565,17.21,0.25,0.6875,0.0625,1,4,0,1.7786000000000002,39.4,64.0,64.0,Orthodox,balanced,196,,,,,55.10999999999999,10.0,6.0,2025-12-06,0.5625721901389568,0.36269865033307813,6.60987699045006,0.12083173504671034,0.18635116888106498,9.052472778456593,0.16583942617107617,39.20087018063337,-4.378333206666257,0.5147229362729904,29.850444842833735,0.6773691150560881,0.1527609408256191,2.910509695427135
Arman Tsarukyan,Lightweight,lw,0.75,0.376,2.94396875,0.549,0.5,0.358850214978334,0.26220312500000004,0.5833333333333334,4.054921875,2.279265625,17.72,0.4166666666666667,0.5833333333333334,0.0,0,4,0,2.360828125,29.7,72.0,67.0,Orthodox,wrestler,210,,Georgia,Georgia,2.0,101.521875,,,2025-11-22,0.6581999822746143,0.42873730064611404,14.250218291979262,0.2671326348728504,0.3354169062103501,4.4256685935805145,0.08026108919000705,36.428661303634044,12.709014607894371,0.576258363021922,18.972095498600577,0.6257086114952293,0.07121137351903024,2.572861277106079
Nurullo Aliev,Lightweight,lwx,0.8,0.545,1.7390188679245284,0.587,0.42,0.17921920514529313,0.37439083557951486,1.0,3.3525579514824804,3.1136361185983827,11.67,0.0,1.0,0.0,0,0,0,1.219622641509434,25.5,72.0,70.0,Orthodox,wrestler,210,,,,,94.15417789757412,,,2025-11-22,0.7059217576774106,0.3801539465988927,7.241889075670043,0.17776383893359246,0.31385504815103965,4.189790151295249,0.08924236601908084,34.962461661289076,-0.4199803374293149,0.520794716381771,24.864397011299644,0.6605440293948449,0.18231355083843814,3.506290041076821
Bogdan Grad,Featherweight,fwx,0.75,0.4,3.0194083694083695,0.488,0.587,0.16130323227624369,0.35567099567099564,0.3333333333333333,3.366222222222222,3.2036738816738817,12.0,0.3333333333333333,0.3333333333333333,0.3333333333333333,1,1,0,2.1968124098124098,30.7,70.0,68.0,Orthodox,wrestler,210,,,,,78.06608946608945,,,2025-11-22,0.6368773112087578,0.4520762866862641,10.104036719034488,0.26433209036047745,0.26017107531505507,6.1109324575077055,0.14922123574458065,28.18785085544689,-4.365340233054092,0.46682874423952647,26.339506517934215,0.5997473385302415,0.39439942995306526,5.459389115920629
Jack Hermansson,Middleweight,mw,0.808,0.299,1.2897926421404682,0.57,0.453,0.06292220825010682,0.3358829431438127,0.3684210526315789,4.342933110367894,3.28078762541806,22.783,0.3157894736842105,0.3684210526315789,0.3157894736842105,5,3,1,1.3988929765886287,37.5,77.0,73.0,Orthodox,grappler,215,-2.0,,,,46.28110367892977,11.0,8.0,2025-11-22,0.5769779501388316,0.35547993728664173,9.61227090855875,0.14761175583703642,0.15431927900155856,5.085780057472242,0.0803509462710517,50.43989473013057,8.637055168889338,0.3988709704094694,34.699557721398165,0.6237632556350565,0.320453497009126,4.094980431324938
Ryan Loder,Middleweight,mwx,1.0,0.143,1.5059510204081634,0.5,0.691,0.12202239720720355,0.8221142857142859,0.0,4.215881632653061,3.3438938775510203,14.0,0.3333333333333333,0.0,0.6666666666666666,2,1,0,1.4024408163265305,35.0,76.0,74.0,Southpaw,grappler,210,,,,,64.37102040816328,,,2025-11-22,0.7251608004648736,0.5155861425900852,16.356770840072013,0.3871338679942348,0.21456949849732085,5.846370602587663,0.14318949276991533,21.471832721126543,-7.1131031060224945,0.6327150288901139,27.478933584688434,0.5295192504994252,1.197360830684646,4.336380325546734
Bekzat Almakhan,Bantamweight,bw,0.417,0.0,0.8777142857142858,0.366,0.342,0.5719191689478497,0.23785714285714282,0.6666666666666666,2.975142857142857,3.5975714285714284,7.14,0.3333333333333333,0.6666666666666666,0.0,0,1,0,0.7988571428571429,28.7,68.0,67.0,Orthodox,balanced,210,,,,,28.11428571428571,1.0,2.0,2025-11-22,0.6522724014198626,0.3355047510075427,3.89867250155208,0.08143536982319559,0.09642185489236546,2.644154699760635,0.05416787975234172,34.47364860837575,1.6280098265613605,0.7945056386859176,37.963116587333296,0.5191860731196318,0.13832318496760743,14.222574285071317
Erin Blanchfield,Women's Flyweight,wflw,0.783,0.34,1.7323846153846154,0.588,0.444,0.04323651645519495,0.6763461538461539,0.5555555555555556,4.652865384615384,3.7523269230769234,24.73,0.4444444444444444,0.5555555555555556,0.0,0,0,0,1.6320384615384618,27.1,66.0,64.0,Orthodox,grappler,217,2.0,United States,United States,4.0,95.66346153846153,8.0,1.0,2025-11-15,0.6902874934217933,0.3739757997246205,10.456693132303116,0.1504379571725076,0.3188159598353076,5.24219372107288,0.07783428783832512,54.095719646296956,2.1672576389889033,0.7193751124093494,37.931550040293715,0.666009556812505,0.025650113775113777,0.7247901550204182
Chepe Mariscal,Featherweight,fwx,0.593,0.394,2.0109858585858587,0.524,0.555,0.11291226259337057,0.35696969696969694,0.8333333333333334,3.997355555555555,3.1785717171717174,20.29,0.16666666666666666,0.8333333333333334,0.0,0,1,0,1.6310686868686868,33.6,69.0,67.0,Orthodox,wrestler,217,,,,,70.60626262626263,,,2025-11-15,0.6441681551132112,0.4494938896032267,10.128287888198093,0.17975296014674413,0.23543067709028645,10.222190535381445,0.17582132464853567,36.46090736351871,3.0324971309797824,0.432662473908845,24.07210834406656,0.644161225732122,0.14750817239571715,3.0425807845057853
Viacheslav Borshchev,Lightweight,lwx,0.443,0.0,0.44093800539083566,0.574,0.501,0.44675245971550365,0.21298113207547173,0.6,4.73777897574124,4.2933180592991915,22.92,0.2,0.6,0.2,0,2,2,0.3779541778975742,34.4,69.0,71.0,Orthodox,striker,217,,,,,23.862803234501346,,,2025-11-15,0.5444265560186681,0.3626464521666351,3.4780873949778788,0.05975390462449567,0.07960609550409124,3.75560936136191,0.06076218486482799,57.57051654493025,15.647152688428198,0.6353973581908855,39.1286270770784,0.6329507768666781,0.2697282039906476,13.038859306252695
Valentina Shevchenko,Women's Flyweight,wflw,0.764,0.615,2.371608695652174,0.635,0.526,0.09052498756163194,0.29741304347826086,0.631578947368421,3.1174021739130433,2.151836956521739,14.67,0.3157894736842105,0.631578947368421,0.05263157894736842,0,4,1,1.3607608695652176,38.3,66.0,65.0,Southpaw,wrestler,217,3.0,Kyrgyzstan,"Bishkek, Kyrgyzstan",,86.83152173913042,15.0,3.0,2025-11-15,0.6560895059143496,0.44087730541417636,8.021609161736544,0.17644342369977012,0.28930482159401816,4.458029226960925,0.09592796201381958,34.285540535866836,9.849319535080683,0.38794111704742484,13.716160390667685,0.7712286520235078,0.04754136865549909,1.8635770441419752
Tracy Cortez,Women's Flyweight,wflw,0.581,0.444,1.7722499999999999,0.576,0.484,0.046839559493127854,0.36670833333333336,0.875,3.8537708333333334,3.0963541666666665,18.92,0.0,0.875,0.125,0,0,1,1.3720416666666668,32.5,65.0,65.0,Orthodox,grappler,217,-1.0,United States,"Phoenix, United States",8.0,91.38541666666667,6.0,2.0,2025-11-15,0.6565993190349205,0.3981330776723562,11.20808422666171,0.19811628020257208,0.30460831546260886,5.317889351675107,0.09336157483233674,41.28061936041144,0.9078624422379784,0.41355380767423106,29.985974082113064,0.6618418777734614,0.18778762325637324,1.265189334605453
Daniel Marcos,Bantamweight,bwx,0.857,0.529,1.646822459893048,0.584,0.553,0.30405222305252066,0.2919016042780749,0.5714285714285714,4.422388235294118,3.893495187165776,22.78,0.2857142857142857,0.5714285714285714,0.0,0,1,0,1.1518588235294118,33.3,69.0,67.0,Orthodox,balanced,224,,,,,54.118609625668455,,,2025-11-08,0.6166631704220733,0.4427660006881704,3.0312514972162607,0.057439549116035056,0.18035263068719629,8.279975650908836,0.1316904958726231,50.746516969704224,1.1469336797041232,0.5746550378032161,30.962758065292782,0.6650597796900201,0.1230130450665313,1.93721837841738
Miles Johns,Bantamweight,bwx,0.769,0.224,1.2277529411764707,0.671,0.434,0.19555551119174522,0.1236823529411765,0.5,3.3443294117647056,3.1314029411764706,14.82,0.16666666666666666,0.5,0.25,1,2,2,1.4596529411764707,32.2,68.0,67.0,Orthodox,striker,224,,,,,48.12529411764706,,,2025-11-08,0.7298792746129107,0.37681004642194366,1.678960894532258,0.03668045656779675,0.16026762422925572,2.9853754168625706,0.06287316248617983,41.457470612750086,5.319766904796586,0.30867827966618167,27.690695189496633,0.7026897701234585,0.21692440965971085,2.589190576338419
Joseph Morales,Flyweight,flwx,0.267,0.429,1.1528592592592593,0.578,0.405,0.27368606701940035,1.898659259259259,0.2,2.7110370370370367,2.943822222222222,8.78,0.6,0.2,0.2,1,0,0,0.9910074074074076,31.8,69.0,66.0,Switch,grappler,224,,,,,42.96074074074074,,,2025-11-08,0.6214503869622185,0.32895804789961175,6.498948212281545,0.21637066926644502,0.14311389049907566,3.2660946460946456,0.10549892888883274,26.039826593159926,-2.727985841319174,1.9544374144374146,23.279951406618075,0.6646459266854782,0.3914936914936915,6.7008009274675935
Jamall Emmers,Featherweight,fwx,0.8,0.533,2.3873737373737374,0.593,0.475,0.4147908092823498,0.4317459207459207,0.5555555555555556,4.540735042735043,3.687978243978244,22.21,0.2222222222222222,0.5555555555555556,0.2222222222222222,1,2,1,1.451975912975913,36.9,74.0,70.0,Orthodox,wrestler,224,,,,,74.98943278943278,,,2025-11-08,0.5839239894061428,0.38457964793082344,5.726927811116894,0.09863702318821811,0.2499359578474935,6.538622393256029,0.1063641662602583,49.46552293026087,7.815424085035651,0.7979280282747249,31.006408657140977,0.6465804054599403,0.22277956581047068,3.2728116060856602
Ismael Bonfim,Lightweight,lwx,0.727,0.333,1.287014675052411,0.565,0.547,0.32457790029819095,0.18019287211740043,0.2,4.862656184486373,4.048494758909854,25.22,0.2,0.2,0.6,2,1,1,1.0968176100628932,30.5,71.0,68.0,Orthodox,striker,224,,,,,28.897693920335428,,,2025-11-08,0.6365266562230499,0.41878527360477275,3.1881359477433664,0.059888621806751204,0.09641400864422424,5.888355302859267,0.09051414846725657,57.37821092174335,12.302978256073494,0.479136631259896,30.450086564344172,0.6493418194684352,0.14179942842989635,5.838225587504194
Montserrat Conejo Ruiz,Women's Strawweight,wswx,0.444,0.5,1.5485811965811966,0.441,0.294,0.04530424903231921,0.48183760683760685,0.4,2.99777207977208,5.352051282051282,9.5,0.0,0.4,0.6,3,0,0,1.0619145299145298,33.4,61.0,60.0,Southpaw,balanced,231,,,,,63.2928774928775,,,2025-11-01,0.6074007454772961,0.27164643222808044,2.057439411644029,0.04495470727846709,0.21107447840071097,3.2161030989173853,0.06670269751761469,35.27114267673002,-10.121445925868995,0.4688867038769327,53.82532434249223,0.5368774593544912,0.19868078064698377,21.441525961425498
ChangHo Lee,Bantamweight,bwx,0.5,0.333,2.1625781512605045,0.358,0.653,0.14446301717777058,0.4485596638655463,0.6666666666666666,3.7141815126050415,3.311063865546219,17.88,0.3333333333333333,0.6666666666666666,0.0,0,1,0,1.9910638655462185,32.1,69.0,68.0,Orthodox,wrestler,231,,,,,76.87210084033616,,,2025-11-01,0.5917291939775049,0.46226748268522755,8.876490448006505,0.17432199120734018,0.256063393196282,14.273295070475791,0.2692749969618938,29.01833619048759,-2.947675646179235,0.5637436308336253,27.018857912126755,0.5502962850305247,0.19330621367597775,3.044200308941597
Isaac Dulgarian,Featherweight,fwx,0.0,0.5,3.0452323232323235,0.407,0.636,0.14114032824171321,1.2257121212121211,0.25,3.384944444444444,2.7974646464646464,14.0,0.5,0.25,0.25,0,1,1,2.0115858585858586,30.0,71.0,67.0,Orthodox,grappler,231,,,,,124.48282828282828,,,2025-11-01,0.7709156064913365,0.5015800465797318,19.448174986298035,0.45960690559602996,0.41491159566257796,2.668494471747814,0.055313479235691757,24.2357980699446,-1.9446727039223308,1.2656180083524426,26.10063963176387,0.5276164000837995,0.18438521549464643,6.866251190716265
Jeremiah Wells,Welterweight,wwx,0.5,0.467,2.4037489177489175,0.482,0.46,0.330507457128569,1.0245324675324674,0.42857142857142855,2.9733982683982685,2.3021038961038958,10.06,0.42857142857142855,0.42857142857142855,0.14285714285714285,0,2,1,1.618108225108225,39.6,74.0,69.0,Switch,grappler,231,,,,,106.36709956709957,,,2025-11-01,0.7537944668535872,0.41497692208073644,10.254129322361608,0.31809844921781766,0.3545055774938159,3.0027336043458703,0.06702049238665654,25.592910550467057,2.3344515804269546,1.2146569596479813,18.689253595016442,0.6121351315321832,0.32909618013073644,3.432312388131287
Nasrat Haqparast,Lightweight,lwx,0.86,0.2,0.5941122144985105,0.634,0.457,0.502316216854083,0.0853545183714002,0.7333333333333333,5.890995034756703,5.61033962264151,29.47,0.13333333333333333,0.7333333333333333,0.13333333333333333,2,2,0,0.6716504468718968,30.8,72.0,70.0,Southpaw,striker,238,,,,,19.29364448857994,,,2025-10-25,0.7208377152345348,0.39628510202463363,4.612662734249628,0.06295434667478218,0.06430116732434424,4.98682019424451,0.06455169875890948,71.7728736868461,0.8854366069858757,0.5755282473096275,51.81984709834585,0.6871530546433732,0.19182188992108662,2.3707384361861976
Ludovit Klein,Lightweight,lwx,0.761,0.519,1.4133207547169813,0.53,0.536,0.4299709022510657,0.10135849056603774,0.75,3.8485566037735848,3.6510283018867926,18.0,0.16666666666666666,0.75,0.08333333333333333,0,2,1,0.9374599056603774,31.3,72.0,67.0,Southpaw,balanced,238,,,,,68.26745283018867,,,2025-10-25,0.5997633880314862,0.4212169169305154,5.418326470605644,0.10247406048582766,0.22754595856607984,5.622095691191671,0.1041849041809669,43.19451447681397,5.636571102374675,0.5169101884170249,29.362548692443596,0.6368143125783781,0.07976217849181669,5.3465018929711094
Aleksandar Rakic,Light Heavyweight,lhwx,0.857,0.217,0.7856839506172839,0.512,0.503,0.41288892622954104,0.17708641975308642,0.5454545454545454,4.023177777777778,3.1904864197530864,18.65,0.18181818181818182,0.5454545454545454,0.2727272727272727,3,2,0,0.931241975308642,34.4,78.0,76.0,Orthodox,striker,238,,,,,75.22864197530865,,,2025-10-25,0.5445584632048437,0.38915424442351315,11.022138808470531,0.20423262380931387,0.25206720401527705,5.485258396706361,0.10425065545070794,36.56957407773135,5.834000791947431,0.5444541107546257,22.478497231517984,0.6173587621700382,0.31855339992958964,4.212932547593181
Chris Barnett,Heavyweight,hwx,0.353,0.0,0.4761254901960784,0.364,0.476,0.24734799657380072,0.118,0.3333333333333333,3.558172549019608,5.481321568627452,13.69,0.3333333333333333,0.3333333333333333,0.3333333333333333,1,2,1,0.43050196078431374,40.0,75.0,69.0,Orthodox,striker,238,,,,,23.842745098039213,,,2025-10-25,0.6036947735644433,0.3890265896602692,7.453578526898374,0.17901826349328825,0.07955439545694912,4.414592038303917,0.09754557057922433,32.6533949904432,-10.306835472573415,0.34589530089904424,46.046006877360426,0.49963862573503504,0.3836101522514155,14.282469143141949
Hamdy Abdelwahab,Heavyweight,hwx,1.0,0.65,2.220156862745098,0.514,0.558,0.2611080726403278,0.1475,0.75,4.06121568627451,3.7734019607843137,21.33,0.0,0.75,0.0,0,0,0,1.2561274509803921,33.4,72.0,74.0,Southpaw,wrestler,238,,,,,70.12843137254902,,,2025-10-25,0.7073484529106104,0.46488909458543565,15.240050081699891,0.25897296981604856,0.23379128491947698,4.970163124802973,0.0922400741790866,36.634051430361694,-9.248928956101384,0.3842922030468822,31.442123981315905,0.6073810836276494,0.1333588441604232,3.266547967388972
JunYong Park,Middleweight,mw,0.545,0.429,1.5386606334841626,0.514,0.516,0.154648763033567,0.7156063348416288,0.6153846153846154,4.221497737556561,3.5922420814479636,22.485,0.23076923076923078,0.6153846153846154,0.15384615384615385,1,0,1,1.237678733031674,34.7,73.0,70.0,Orthodox,grappler,243,-1.0,,,,77.9156108597285,9.0,4.0,2025-10-25,0.7676710212426506,0.4517803515872906,6.281633205511129,0.10228540534148244,0.25968921854324895,4.883202546949773,0.08018415357411654,52.15711402804693,5.386078592831217,0.8703859978639159,34.2675485656396,0.5987316260280239,0.06910460337040325,3.3982076563310435
Ikram Aliskerov,Middleweight,mw,1.0,0.714,1.7338034188034188,0.412,0.65,0.8750869131470983,0.17014529914529913,0.2,4.430495726495726,3.611012820512821,26.571,0.6,0.2,0.2,1,3,0,1.0546153846153845,32.9,76.0,72.0,Southpaw,wrestler,243,2.0,,,,53.62948717948718,4.0,1.0,2025-10-25,0.6394136586541523,0.5014905322449533,9.101959402617702,0.1375825831198313,0.17874117102100623,3.5860203953207113,0.06516533333027925,53.771518416613894,6.170818005795184,1.04521684156402,33.30190630941159,0.5609275921404675,0.3686261555726664,3.66991893526311
Cody Gibson,Bantamweight,bwx,0.696,0.378,2.015717647058824,0.575,0.461,0.2670367033940801,0.5742084033613446,0.5,3.6565193277310923,3.392889075630252,16.32,0.2,0.5,0.3,1,1,2,1.6344605042016807,38.8,71.0,70.0,Orthodox,wrestler,245,,,,,66.60033613445378,,,2025-10-18,0.6853358499697547,0.3939390642113281,3.0234724967305255,0.06355090096293478,0.2219088611003055,9.56197221056257,0.19390135440218442,36.97507718615288,2.670642696390902,0.7859302569752542,29.573552332686752,0.6424917917738052,0.29145830164318365,3.177944310314954
Manon Fiorot,Women's Flyweight,wflw,0.875,0.29,1.1466923076923077,0.669,0.42,0.12015959337827188,0.11696153846153848,0.6666666666666666,4.951942307692307,3.3314038461538464,26.89,0.3333333333333333,0.6666666666666666,0.0,0,3,0,1.1751153846153846,36.3,65.0,67.0,Orthodox,striker,245,1.0,France,"Nice, France",2.0,47.40961538461538,8.0,1.0,2025-10-18,0.6506148092559663,0.3464643440712812,4.533616209226191,0.06802418827492704,0.15808288948685262,7.422667093853945,0.1011490898184742,62.32057171730287,17.782642254373517,0.23712659169929015,27.69782222964283,0.7450858534982243,0.1025731906981907,1.1863286165588798
Stephanie Luciano,Women's Strawweight,wswx,0.778,0.667,1.34289010989011,0.653,0.389,0.20110546304155325,0.353076923076923,0.6666666666666666,4.4139926739926745,3.86778021978022,23.78,0.3333333333333333,0.6666666666666666,0.0,0,0,0,0.9368901098901098,26.5,65.0,66.0,Orthodox,balanced,245,,,,,46.36227106227107,,,2025-10-18,0.5871883990348362,0.3206022374011742,3.895279243542323,0.07155994746732104,0.15459575794377126,5.456418270036638,0.09299833156347383,52.99146915579575,8.343855238168432,0.5314257621274849,32.70398844034715,0.6696113992107696,0.07687528940326485,4.031961950404211
Kyle Prepolec,Lightweight,lwx,0.455,0.0,0.7716415094339624,0.489,0.341,0.15681680450213148,0.20271698113207548,0.5,3.68611320754717,4.920056603773585,14.45,0.0,0.5,0.5,1,0,1,0.9269198113207548,36.8,70.0,70.0,Southpaw,striker,245,,,,,27.93490566037736,,,2025-10-18,0.6191415559371861,0.32026200083985323,2.961652941211287,0.059114787638321974,0.09310801561700816,3.3478845642015242,0.06523891213551873,42.84215395362794,-10.61748279525065,0.3306953768340496,35.65407465761446,0.6232272320470017,0.15952435698363338,5.408912876851309
Matt Frevola,Lightweight,lwx,0.379,0.405,2.065070754716981,0.567,0.397,0.6409084022510657,0.5491084905660377,0.4166666666666667,3.566556603773585,3.9622783018867924,14.17,0.25,0.4166666666666667,0.3333333333333333,4,3,0,1.4609599056603775,36.0,71.0,69.0,Orthodox,wrestler,245,,,,,40.967452830188684,,,2025-10-18,0.6533785841099176,0.34611632228520145,7.480826470605644,0.17073386440739627,0.13658241689941317,4.895533191191671,0.1085813502593983,33.23357697681397,-7.652491397625325,1.1028476884170249,34.565673692443596,0.6261855935054059,0.8297621784918167,4.9715018929711094
Danny Barlow,Middleweight,mwx,1.0,0.0,0.8054571428571429,0.523,0.515,0.25676959755630313,0.2071,0.5,4.587771428571429,4.320657142857143,25.0,0.25,0.5,0.25,1,1,0,0.6708857142857143,30.9,79.0,74.0,Southpaw,striker,245,,,,,32.83714285714286,,,2025-10-18,0.649087128978193,0.41739927294261636,3.8309244850630115,0.0781885630663841,0.10945664451848909,3.4468242772642053,0.08241580617367592,52.68785363098573,4.482284782230317,0.4223756502788497,37.24406688660238,0.5746734367201527,0.3539407268490652,4.413082784853392
Jhonata Diniz,Heavyweight,hwx,0.692,0.0,0.5290283224400871,0.584,0.588,0.25987384234695804,0.1311111111111111,0.4,3.7535250544662304,3.6165795206971674,17.25,0.2,0.4,0.4,2,1,0,0.3756688453159041,35.0,79.0,76.0,Orthodox,striker,252,,,,,25.047494553376904,,,2025-10-11,0.6983160429522118,0.48001214898107747,3.2689334059554582,0.07269014386225248,0.08352435202718943,3.723478333158198,0.07473641322628416,43.841379049210396,9.084285372354325,0.3693708471527842,35.78188798339191,0.6071347733636566,0.11854119480926507,11.54248708212353
Saimon Oliveira,Bantamweight,bw,0.333,0.143,0.978,0.416,0.432,0.17900070140079702,1.0431249999999999,0.25,3.1995,3.839125,10.75,0.0,0.25,0.75,2,0,1,1.0865,35.2,72.0,64.0,Orthodox,grappler,252,,,,,38.475,0.0,4.0,2025-10-11,0.5773662582191241,0.35461013539246944,5.152409867429498,0.12020943696738917,0.13088698017367692,4.59042107657627,0.1154782901321362,34.23587110375735,-1.146919973187381,1.1237638624216064,34.47665558534521,0.5653445511539212,0.4960327868466565,9.632252499437403
Ricardo Ramos,Featherweight,fwx,0.679,0.575,2.3026241360978204,0.548,0.364,0.2886295439795329,0.9070893141945774,0.4666666666666667,3.0951345029239765,3.9695114300903773,12.9,0.2,0.4666666666666667,0.3333333333333333,2,2,3,1.2639308878256248,30.9,72.0,69.0,Orthodox,wrestler,252,,,,,40.587506645401376,,,2025-10-11,0.62072923495661,0.3150540926019035,3.0611282503549333,0.0752990408094992,0.13521219097830917,3.5545734666393893,0.08627323722920642,34.61929309954494,-9.813716180938435,1.088797686757177,32.294618093801134,0.6317373512436336,0.2304372384425676,4.475821505477429
Lucas Almeida,Featherweight,fwx,0.545,0.0,0.6069858585858586,0.434,0.376,0.5282968779779859,0.24896969696969692,0.3333333333333333,4.232555555555555,4.401371717171718,18.46,0.16666666666666666,0.3333333333333333,0.5,2,1,1,0.5126686868686868,35.4,71.0,71.0,Orthodox,striker,252,,,,,29.386262626262624,,,2025-10-11,0.569385546417559,0.31535815086497754,5.5101883406867795,0.10931817753804848,0.09785601645680227,2.517213159815834,0.050169150735492184,45.485341752658975,3.6596464522467507,0.7421647363522839,36.42776445266385,0.5468684730837278,0.7013543262418709,10.991902051474112
Abus Magomedov,Middleweight,mw,1.0,0.591,1.9042937062937064,0.559,0.494,0.24386408249086508,0.3638461538461538,0.42857142857142855,2.9238601398601403,3.0921013986013985,13.471,0.2857142857142857,0.42857142857142855,0.2857142857142857,1,1,1,1.2317762237762238,35.1,78.0,74.0,Orthodox,wrestler,264,-1.0,,,,61.805944055944046,4.0,3.0,2025-10-04,0.5935997566674662,0.3976173954900677,4.88250459908599,0.11327829551036818,0.20593465304061445,2.7460869697391,0.06055029063169211,36.23017282214934,-3.669254328337172,0.6076602271314481,30.700795765759985,0.6126149745945291,0.4436964191125483,4.2746242778203145
Veronica Hardy,Women's Flyweight,wflwx,0.516,0.412,0.9548063492063493,0.503,0.46,0.10771125216384268,0.3939714285714286,0.7,3.2649777777777778,3.466987301587302,14.44,0.1,0.7,0.2,1,0,1,0.7318031746031747,30.6,64.0,64.0,Southpaw,balanced,259,,,,,43.63111111111111,,,2025-10-04,0.6407409685995046,0.3726505614007064,5.1685263552290674,0.11767313212374707,0.14550830187439542,5.776631390551101,0.1263228662670393,34.97170839050205,4.483914054044453,0.4750286295102216,29.170290304611765,0.5996391703603414,0.034843569403292585,7.92561273248917
Andre Muniz,Middleweight,mw,0.333,0.521,3.1685164835164836,0.512,0.456,0.10337219926803264,0.8986648351648352,0.3,2.2281758241758243,2.667793956043956,8.947,0.3,0.3,0.4,3,0,1,2.12510989010989,35.6,78.0,73.0,Southpaw,grappler,264,-2.0,,,,83.86895604395605,6.0,4.0,2025-10-04,0.5859183585881419,0.36237781416821796,3.5231178329395223,0.10382951907527241,0.2795398398024406,2.329466387324861,0.0617031502645949,27.574923493387125,1.8724324129628547,1.0022151231751513,26.112987031345693,0.5985795025104687,0.30947664243849715,12.08264928330287
Chris Gutierrez,Bantamweight,bw,0.679,0.308,0.5602105263157895,0.634,0.576,0.41371458104093706,0.14289473684210527,0.7333333333333333,4.3155789473684205,2.8285789473684213,21.31,0.2,0.7333333333333333,0.06666666666666667,0,3,1,0.5169473684210527,35.2,67.0,69.0,Orthodox,striker,259,,,,,19.45263157894737,10.0,4.0,2025-10-04,0.4319721608288997,0.41436485576560866,2.7671800945567813,0.046621146247710694,0.066513816213478,1.8651397014155724,0.03179428207282687,57.565479562484285,23.438138958657944,0.5521110999669921,21.5428023517243,0.7197555864522132,0.10735215085272755,5.093279247883419
Cory Sandhagen,Bantamweight,bw,0.564,0.346,1.2271999999999998,0.567,0.45,0.25983557467796586,0.28325,0.5,4.6878,3.4756500000000004,22.43,0.4375,0.5,0.0625,0,6,1,1.0746,34.2,70.0,71.0,Switch,striker,259,,,,4.0,53.67,11.0,5.0,2025-10-04,0.6451764593780709,0.36604645807448294,8.812434535207093,0.13508979202553104,0.17986296200411128,2.461168430630508,0.03973498168954338,53.703171970914696,12.091232010725047,0.5259761332039368,29.321544587079263,0.6580502998109579,0.09547193826807436,2.5749598233043725
Brogan Walker,Women's Flyweight,wflwx,0.111,0.75,1.1713269841269844,0.475,0.32,0.05669234559752663,0.2836571428571429,0.6666666666666666,2.9455269841269844,3.7248317460317466,9.0,0.0,0.6666666666666666,0.3333333333333333,1,0,0,0.7538920634920636,37.9,67.0,64.0,Switch,balanced,259,,,,,47.119365079365075,,,2025-10-04,0.527310183027255,0.27552571785550495,3.273560646966072,0.08231411121534109,0.15706598646484024,5.362786590626011,0.1297316096199557,32.86405170163902,-6.555981415720616,0.31513662409980825,34.89613616477909,0.5837711983837393,0.21254428166372802,7.946463560216436
Patchy Mix,Bantamweight,bw,0.0,0.625,1.8573333333333333,0.431,0.439,0.23866760186772937,0.27749999999999997,1.0,4.432666666666667,4.7655,26.5,0.0,1.0,0.0,0,0,0,1.3053333333333335,32.8,72.0,68.0,Southpaw,balanced,259,,,,,55.699999999999996,0.0,2.0,2025-10-04,0.6620746150736972,0.38110526961808944,5.286546489905997,0.08968298387129632,0.1890530106019396,4.370561435435027,0.07206378423936723,53.981161471676465,-8.195893297583174,0.49835181656214206,40.21887411379361,0.608238709920885,0.16137704912887532,3.759669999249869
Rolando Bedoya,Lightweight,lwx,0.75,0.0,0.7716415094339624,0.528,0.478,0.15681680450213148,0.3277169811320755,1.0,5.17511320754717,4.824556603773585,31.17,0.0,1.0,0.0,0,0,0,0.9004198113207548,29.4,74.0,71.0,Orthodox,striker,266,,,,,30.284905660377362,,,2025-09-27,0.5814897885406907,0.37895292854780127,2.961652941211287,0.059114787638321974,0.10101205602104857,6.791066382383343,0.09363328875409069,64.46715395362794,3.3825172047493495,0.4556953768340496,42.50634738488719,0.6188417035057201,0.4095243569836334,2.9430037859422185
Ramon Taveras,Featherweight,fwx,0.727,0.0,0.8671226551226552,0.534,0.418,0.3041603751333865,0.35567099567099564,1.0,3.818365079365079,5.028102453102453,19.33,0.0,1.0,0.0,0,0,0,0.8566695526695527,32.4,70.0,68.0,Southpaw,striker,266,,,,,33.966089466089464,,,2025-09-27,0.71833403182804,0.3876505163781409,3.981587739442653,0.08523286446322197,0.11316427259396662,3.2333814370995424,0.06477366361227947,46.61642228401831,-16.65105451876838,0.6096858870966694,37.380322844464835,0.6368317419512787,0.2107259605653102,3.8675523812267523
Jack Jenkins,Featherweight,fwx,0.7,0.571,1.5513858585858586,0.58,0.597,0.4305593214169,0.3671696969696969,0.5,4.299755555555555,3.5553717171717176,20.82,0.16666666666666666,0.5,0.3333333333333333,1,1,1,0.9608686868686869,32.6,68.0,67.0,Switch,balanced,266,,,,,52.90626262626263,,,2025-09-27,0.5578601226887455,0.4405525691435817,7.057699652903976,0.12728427923296373,0.17625420650205115,5.881014064793209,0.10288101514227184,44.82561324587165,8.750144189803311,0.7503095327323744,27.88387304994891,0.6439749834354365,0.14750817239571715,5.689639608035198
Charlie Campbell,Lightweight,lwx,0.5,0.364,2.0111617250673857,0.556,0.523,0.4363620622881502,0.23167654986522912,0.3333333333333333,4.460843665768194,4.008493261455526,22.4,0.3333333333333333,0.3333333333333333,0.3333333333333333,0,1,1,1.6387654986522915,31.0,72.0,72.0,Orthodox,wrestler,266,,,,,59.95417789757413,,,2025-09-27,0.565615635228431,0.38857597569761354,4.156174789955757,0.07903934913767409,0.19985504815103963,8.189790151295249,0.133119917039489,47.848175947003355,5.008591091142114,0.6350804306674852,33.49296843987107,0.621552012779021,0.18231355083843814,3.9920043267911067
Diego Ferreira,Lightweight,lwx,0.579,0.3,0.9561491464510332,0.559,0.398,0.25146905835670175,0.5184159928122193,0.35294117647058826,4.5889955076370175,3.5896406109613657,20.42,0.4117647058823529,0.35294117647058826,0.23529411764705882,4,5,0,0.8706837376460018,41.4,74.0,69.0,Orthodox,striker,280,,,,,34.4418688230009,,,2025-09-13,0.6913350244926525,0.3551670693443702,9.053060769584249,0.15187681649844761,0.11482302774625296,4.211133057950546,0.07102314087163834,46.79450476428934,11.395094273488471,0.701167161099688,33.01620251253847,0.6144172384010357,0.3164102813571736,7.847961342013075
Dustin Stoltzfus,Middleweight,mwx,0.5,0.359,1.9074040816326527,0.477,0.443,0.24734660233030986,0.8419142857142857,0.4,3.3581551020408162,3.4673755102040817,14.78,0.2,0.4,0.4,2,1,2,1.5376489795918367,34.6,75.0,72.0,Orthodox,grappler,280,,,,,69.72122448979592,,,2025-09-13,0.5465539896682111,0.33287916256991845,4.384130761650914,0.09970438897911024,0.23233133309959214,5.245390270237931,0.12254012453621818,34.88498468354464,-2.3057751554957195,0.9941525455009576,32.33574008426968,0.540570851133128,0.3960406637895279,4.2435007217795775
Joaquim Silva,Lightweight,lwx,0.706,0.5,0.6438207547169812,0.539,0.431,0.37840840225106576,0.7028584905660378,0.5,3.6003066037735847,4.163278301886793,14.97,0.25,0.5,0.25,3,3,0,0.4544599056603774,37.4,69.0,68.0,Southpaw,striker,280,,,,,24.092452830188677,,,2025-09-13,0.5963646315355693,0.339821800741527,4.030826470605644,0.08635026687038594,0.08039491689941317,6.808033191191672,0.14669546004585185,36.57107697681397,-3.808741397625325,0.9903476884170248,36.590673692443595,0.607602889318721,0.30476217849181675,7.10900189297111
Quang Le,Bantamweight,bwx,1.0,0.333,2.3290058823529414,0.497,0.389,0.12640514003054926,0.45486470588235295,0.25,3.2776588235294115,4.206305882352941,11.33,0.25,0.25,0.5,2,0,0,1.9243058823529413,34.7,70.0,67.0,Orthodox,wrestler,280,,,,,61.90058823529412,,,2025-09-13,0.6167963643518717,0.3301491490710139,2.730470808672359,0.06040573106276437,0.2062487560837838,4.093299853332984,0.09160766951017481,35.71396083334331,-10.277132857073497,0.5193173436460888,33.636292339777576,0.5962737501521285,0.6691429369664805,3.497008603657231
Dusko Todorovic,Middleweight,mw,0.429,0.303,1.6885164835164836,0.515,0.541,0.10337219926803264,0.37723626373626373,0.2,3.611032967032967,3.27207967032967,18.625,0.4,0.2,0.4,4,3,0,1.7936813186813185,31.3,74.0,73.0,Orthodox,grappler,285,1.0,,,,67.29752747252748,4.0,6.0,2025-09-13,0.7074851060925128,0.45088585040843554,11.361463697601177,0.2091817270725653,0.22438633103051078,11.584635560257192,0.21206128009370778,31.219190410680362,-3.9922292411724833,0.4805985818217679,30.687705076458478,0.6080987000199809,0.6196270183783469,6.6832131930773055
Claudio Puelles,Lightweight,lwx,0.6,0.338,2.7532409288824384,0.481,0.467,0.0965026489243886,0.8184412191582003,0.4444444444444444,2.33022351233672,3.0925732946298985,7.0,0.3333333333333333,0.4444444444444444,0.2222222222222222,2,0,0,2.4218737300435413,30.2,72.0,70.0,Southpaw,grappler,280,,,,,100.08301886792454,,,2025-09-13,0.6233033066901298,0.3828377070772934,7.3309168601434,0.2986812453311795,0.3335139222485531,2.5436662687576423,0.07347164190325088,21.56841581092823,-7.7478823890505675,0.8356118706938632,24.331665280331915,0.5998161097184099,0.45937284844477766,8.687333433489526
Rhys McKee,Middleweight,mw,0.476,0.0,0.4889230769230769,0.473,0.408,0.5304353646895313,0.15313076923076924,0.5,3.962046153846154,5.287111538461539,21.929,0.16666666666666666,0.5,0.3333333333333333,2,0,0,0.8775538461538461,30.0,78.0,74.0,Orthodox,striker,292,-1.0,,,,40.55653846153846,1.0,5.0,2025-09-06,0.6660032724391872,0.35792107353381936,3.0489063194987898,0.06101566661724189,0.13510514915700084,5.498846927217213,0.09602227202975458,50.88008086066678,-3.8319780804986197,0.6835523002647609,56.75742996418472,0.5600997013047113,0.24604925430111407,11.74578418459394
Nassourdine Imavov,Middleweight,mw,0.814,0.321,0.824576923076923,0.587,0.55,0.20583528974414395,0.7879567307692308,0.5833333333333334,3.847278846153846,3.042319711538462,20.103,0.3333333333333333,0.5833333333333334,0.0,0,4,0,0.8192211538461538,29.5,75.0,75.0,Orthodox,grappler,292,5.0,Russia,,3.0,45.26033653846154,9.0,2.0,2025-09-06,0.6705792240287298,0.46134220812939963,6.811473043093338,0.12003750386073131,0.15093339221579952,8.21287823060966,0.14209424807815918,42.67917141703762,2.9106455678202314,0.9938410667863548,27.423256364978094,0.6613400030852856,0.07342364108105345,1.7408403900964884
Kaue Fernandes,Lightweight,lwx,0.769,1.0,1.3621415094339624,0.625,0.554,0.9068168045021314,0.20271698113207548,0.5,4.197613207547169,2.783056603773585,20.38,0.5,0.5,0.0,0,2,0,0.7964198113207548,31.3,73.0,69.0,Orthodox,striker,287,,,,,38.634905660377356,,,2025-09-06,0.5533739130772872,0.3919368213130601,6.7116529412112875,0.12046448088985572,0.12878983379882633,3.9785663823833426,0.07098803433330397,47.34215395362794,17.507517204749348,1.0806953768340497,23.94384738488719,0.6497318908231287,0.15952435698363338,3.5680037859422185
Trey Waters,Welterweight,wwx,0.9,0.333,0.907891156462585,0.551,0.468,0.14436886120203693,0.4915510204081633,0.6666666666666666,5.15334013605442,4.812877551020408,31.14,0.0,0.6666666666666666,0.3333333333333333,1,0,0,0.8515986394557824,31.3,77.0,77.0,Orthodox,striker,287,,,,,32.41972789115646,,,2025-09-06,0.7319727626885507,0.41968899697369494,2.9848052616702816,0.06084112679239605,0.1080070639528671,4.332101786421061,0.08015978793930294,63.586053313999244,7.0969953406709285,0.5924201202631544,40.7565821799238,0.6263004670405604,0.14215114020544298,4.0734806915532475
Paul Craig,Middleweight,mw,0.353,0.188,1.2296092307692308,0.434,0.454,0.1225038162054829,1.0306123076923077,0.14285714285714285,2.3457384615384616,2.7188046153846153,10.795,0.42857142857142855,0.14285714285714285,0.38095238095238093,6,3,2,2.010021538461538,37.8,76.0,75.0,Orthodox,grappler,292,-4.0,,,,37.330615384615385,9.0,10.0,2025-09-06,0.5232295525712709,0.34285357191928945,6.196265824502813,0.18211267375886067,0.12444352486426555,4.545472836820951,0.13181239206489803,24.44390047613485,0.29358239417417853,1.1529813596663439,27.76934561204752,0.5225279435657503,0.3054526687534127,12.58798400350791
Rinat Fakhretdinov,Welterweight,wwx,0.917,0.345,2.9389307359307355,0.544,0.529,0.4287694892141305,0.31307792207792207,0.7142857142857143,4.676307359307359,3.7797402597402594,22.71,0.2857142857142857,0.7142857142857143,0.0,0,1,0,2.596199134199134,34.7,74.0,72.0,Orthodox,wrestler,287,,,,,112.7943722943723,,,2025-09-06,0.6814706428965125,0.43918599900546834,9.08200365391241,0.1446257178491638,0.376045238812889,9.930206866377956,0.1577145471491952,43.9749292670446,5.591136072405565,0.7093093660650936,32.052889958652806,0.6287475717235709,0.0904598164943728,4.379839126099202
Westin Wilson,Featherweight,fwx,0.333,0.167,1.5452323232323233,0.304,0.319,0.14114032824171321,2.811212121212121,0.0,2.6774444444444443,5.330964646464647,3.75,0.25,0.0,0.75,3,0,0,1.3330858585858585,37.4,73.0,73.0,Southpaw,grappler,301,,,,,30.23282828282828,,,2025-08-23,0.5783985996886154,0.3145729897096612,2.7338892720123216,0.06164772192256059,0.10068540518638745,2.8292087574620997,0.08354477175269856,25.414369498516027,-10.19467270392233,2.2834751512095854,37.83278248890673,0.45015479213438675,1.3093852154946464,9.384108333573408
Maheshate,Lightweight,lwx,0.471,0.0,0.6173132075471699,0.512,0.318,0.36545344360170523,0.1621735849056604,0.6666666666666666,4.112890566037736,5.598645283018868,18.87,0.16666666666666666,0.6666666666666666,0.16666666666666666,1,1,0,0.8471358490566038,26.6,71.0,72.0,Orthodox,striker,301,,,,,20.967924528301886,,,2025-08-23,0.6456343772696946,0.3030753840389011,2.4893223529690296,0.049411971453413764,0.06983186703906107,4.172853105906674,0.07565491618306885,49.27372316290236,-15.213986236200522,0.5045563014672397,47.74507790790975,0.6097510870560547,0.7276194855869067,5.614403028753775
Austin Hubbard,Lightweight,lwx,0.682,0.288,1.6075707547169813,0.552,0.42,0.07840840225106574,0.17335849056603775,0.75,4.009806603773585,4.109278301886793,19.44,0.08333333333333333,0.75,0.16666666666666666,0,1,2,1.6874599056603774,34.5,71.0,70.0,Orthodox,balanced,301,,,,,51.092452830188684,,,2025-08-23,0.5501418714184101,0.32806957211768434,3.8714514706056438,0.07055417838507738,0.17035845856607984,4.145533191191671,0.07298933210165287,49.45232697681397,-0.9024913976253253,0.2356601884170248,35.128173692443596,0.64085999808786,0.07976217849181669,3.9402518929711094
Rongzhu,Lightweight,lwx,0.833,0.625,1.73571320754717,0.542,0.504,0.33721814948405815,0.1621735849056604,0.5,5.009290566037736,5.126445283018868,26.53,0.16666666666666666,0.5,0.3333333333333333,1,1,1,1.051735849056604,26.3,71.0,69.0,Orthodox,balanced,301,,,,,47.84792452830188,,,2025-08-23,0.7089377549228095,0.41894867171013395,7.134028235321971,0.10715879241664428,0.15958088664690423,3.2975589882596155,0.05424665969767715,59.29725257466706,-4.646927412671109,0.47632100734959265,43.44625437849798,0.6253363856265943,0.1276194855869067,3.2073442052243637
Kiefer Crosbie,Welterweight,wwx,0.4,0.0,0.7133197278911564,0.467,0.641,0.14436886120203693,0.29697959183673467,0.0,4.236625850340135,4.821020408163265,16.67,0.0,0.0,1.0,1,0,2,0.8104557823129254,36.2,70.0,71.0,Switch,striker,301,,,,,34.04829931972789,,,2025-08-23,0.5727329199624693,0.46010571870401523,2.8011317922825265,0.05887520280812344,0.1134492408236154,5.066795663972082,0.09997630170077085,44.422788007876804,5.382709626385214,0.40874665087539924,42.22596993502584,0.5622927933785904,0.14215114020544298,14.420419467063452
Jared Cannonier,Middleweight,mw,0.647,0.4,0.6137179487179487,0.564,0.497,0.3471856954746584,0.06380448717948718,0.5,3.9151858974358977,3.8420464743589746,20.164,0.35,0.5,0.15,3,7,0,0.5288141025641026,41.4,77.0,71.0,Switch,striker,313,-1.0,United States,,11.0,32.92355769230769,11.0,9.0,2025-08-16,0.6295268218816609,0.4077674401924658,4.732028686988664,0.08300464971723108,0.10980539164393639,6.554066781734728,0.11233257653526525,47.43890957016464,-3.640275800520014,0.41098441863100393,39.30613055689586,0.6319121820686432,0.37681794651305206,3.2658566030655862
Drakkar Klose,Lightweight,lwx,0.692,0.268,1.5025371809101,0.493,0.551,0.21283357645020093,0.09539622641509435,0.6923076923076923,4.219523862375139,3.7712619311875697,19.45,0.15384615384615385,0.6923076923076923,0.15384615384615385,2,2,0,1.5842563817980022,38.3,70.0,69.0,Orthodox,balanced,308,,,,,61.269367369589354,,,2025-08-16,0.5528009457448622,0.40894402172838085,5.008692293190339,0.08975751780377694,0.20435029611923378,15.853549955346171,0.2734389165976628,36.69577298352545,-2.349403668353247,0.2946587869593389,25.489618020695577,0.6352698075480373,0.2141077187944371,2.646975043651953
Dricus Du Plessis,Middleweight,mw,0.348,0.512,1.822087912087912,0.53,0.488,0.3712293421251755,0.5779505494505495,0.4,4.3874615384615385,3.798508241758242,24.062,0.6,0.4,0.0,0,4,0,1.2808241758241758,31.6,76.0,73.0,Switch,wrestler,313,-1.0,South Africa,,2.0,37.511813186813185,9.0,1.0,2025-08-16,0.6064902236978221,0.39154983668495025,6.6739636976011765,0.1052482683931814,0.12513037864955842,5.624814131685764,0.0888776564306977,53.5182975535375,3.708663615970374,0.949348581821768,41.20109793360133,0.5931061806516046,0.08391273266406109,4.004641764505877
Jessica Andrade,Women's Strawweight,wswx,0.75,0.541,2.0022714932126697,0.542,0.487,0.3015143600379669,0.31886877828054294,0.4,6.089410256410257,5.427601809954751,28.5,0.3,0.4,0.3,4,6,5,1.1540361990950228,34.7,62.0,61.0,Orthodox,wrestler,308,,,,,59.812820512820515,,,2025-08-16,0.6279200631732987,0.3945381325961205,8.697189844258714,0.10639151952211229,0.19946946977273722,13.47999787912519,0.16278043541100945,59.8052289438403,2.2932201960935013,0.5882714804380116,49.716629973012644,0.617144335778382,0.1812684419359663,4.683050989789102
Rafael Cerquiera,Light Heavyweight,lhwx,0.4,0.0,0.681037037037037,0.367,0.446,0.15948725950286255,0.1783280423280423,0.3333333333333333,2.82452380952381,4.433328042328043,5.8,0.0,0.3333333333333333,0.6666666666666666,2,0,0,0.6048042328042327,,,,,balanced,315,,,,,28.375661375661384,,,2025-08-09,0.6247242067405606,0.38369378126474246,2.76722052364564,0.06503456206561367,0.09738210384226033,3.232147113821322,0.0711114929024743,27.25458181491884,-8.313954346925838,0.26009397359507697,33.544032529077,0.5159654746284834,0.8342627800689009,9.426613700886488
Julija Stoliarenko,Women's Flyweight,wflwx,0.545,0.208,0.9350991452991454,0.466,0.389,0.030526647629437416,1.126123076923077,0.4444444444444444,3.056283760683761,4.317063247863247,12.52,0.2222222222222222,0.4444444444444444,0.3333333333333333,2,0,1,1.0947880341880343,33.2,66.0,67.0,Orthodox,grappler,315,,,,,36.748888888888885,,,2025-08-09,0.6108782865656599,0.3193601980711374,1.9714777110037092,0.04587206055681171,0.12259597073381509,4.096445526820599,0.09401242641208861,36.05866520198145,-3.859814168904507,1.0597988415482482,36.86715024257335,0.5783441848968324,0.03752384397277663,12.015128730226431
Toshiomi Kazama,Bantamweight,bwx,0.0,0.167,1.8210058823529414,0.36,0.457,0.12640514003054926,1.190864705882353,0.0,2.5281588235294117,5.653305882352941,4.2,0.25,0.0,0.75,3,0,0,1.9578058823529412,29.1,69.0,67.0,Orthodox,grappler,315,,,,,54.70058823529412,,,2025-08-09,0.6413061682734402,0.3664723514431414,3.1638041420056924,0.10312281789749825,0.18221171904674674,2.9266331866663173,0.057293944019978726,25.747294166676642,-12.31046619040683,0.9526506769794221,47.96962567311091,0.5011431667984552,1.3691429369664805,20.663675270323896
Rinya Nakamura,Bantamweight,bwx,1.0,0.875,2.032227450980392,0.641,0.525,0.5669055790170539,0.9354352941176471,0.6,3.1868078431372546,2.5456052287581703,11.64,0.4,0.6,0.0,0,2,0,1.077494117647059,31.2,68.0,67.0,Southpaw,grappler,322,,,,,98.65607843137256,,,2025-08-02,0.5905939088356507,0.39508841671601136,9.248633984813141,0.2489894624697339,0.3286932452132698,3.2075123275417767,0.0682890613510922,29.637998855227718,2.4876664166080698,1.3740733290322136,20.700273325593535,0.6809313575922675,0.30186442881868975,3.5798325635202324
Elves Brener,Lightweight,lwx,0.76,0.167,1.21011320754717,0.508,0.475,0.35045344360170516,0.1621735849056604,0.5,4.500490566037736,5.177445283018868,22.56,0.3333333333333333,0.5,0.16666666666666666,1,2,0,1.6121358490566038,28.7,72.0,70.0,Orthodox,striker,322,,,,,34.107924528301886,,,2025-08-02,0.5953324088466843,0.375198671710134,4.28182235296903,0.07554667775608695,0.11369853370572773,3.3703531059066743,0.05789506183266803,54.93622316290235,-1.6689862362005203,0.48955630146723966,50.35507790790975,0.5864684275987905,0.3526194855869067,7.2044030287537755
Nathan Fletcher,Bantamweight,bwx,0.5,0.385,2.44629243697479,0.575,0.598,0.14446301717777058,0.5715596638655462,0.3333333333333333,3.5971815126050415,3.1083495798319336,12.67,0.3333333333333333,0.3333333333333333,0.3333333333333333,1,0,0,1.794778151260504,28.5,70.0,67.0,Orthodox,wrestler,322,,,,,64.05781512605043,,,2025-08-02,0.6564802324127539,0.44445083221551585,4.858633305149362,0.11418476001747743,0.21338482176771056,10.416152213332934,0.25156901872959975,30.196907619059022,-0.6976756461792349,0.6173150594050539,25.893857912126755,0.6221047956688227,0.407591927961692,3.9013431660844544
Elizeu Zaleski dos Santos,Middleweight,mw,0.671,0.208,0.8219650349650348,0.556,0.419,0.17487321771602077,0.3968776223776224,0.5555555555555556,3.7612937062937064,3.2860506993006995,19.289,0.2777777777777778,0.5555555555555556,0.16666666666666666,3,4,0,1.167979020979021,38.6,73.0,71.0,Orthodox,balanced,327,-2.0,,,,41.725699300699304,11.0,6.0,2025-08-02,0.5865329301811673,0.33583893564138506,4.693658716655293,0.08550456322434657,0.13911705914062808,10.307268083800032,0.18173465214230597,41.415621170432956,3.4049450283447835,0.5717445520683978,31.872857775928118,0.6295887604455932,0.43521719351349347,4.777953850140103
Robert Whittaker,Middleweight,mw,0.82,0.381,0.7626153846153846,0.596,0.432,0.4925024261646285,0.054689560439560435,0.5833333333333334,3.9894450549450546,3.148039835164835,20.5,0.25,0.5833333333333334,0.16666666666666666,3,6,1,0.6746978021978022,34.6,73.0,72.0,Orthodox,balanced,334,-2.0,Australia,,10.0,26.548763736263737,17.0,7.0,2025-07-26,0.6975502840286477,0.37195955775323675,4.569507359004669,0.07862983581204841,0.08861918592341866,4.333261657679617,0.07408496604964,50.93880438901365,11.791640481454573,0.5471870460129248,27.351122946392504,0.6838433226838058,0.33583391735243867,3.11124945368151
Martin Buday,Heavyweight,hwx,0.933,0.25,0.5001045751633987,0.561,0.521,0.18597681033164712,0.20166666666666666,0.75,4.19981045751634,4.352601307189542,20.14,0.125,0.75,0.125,1,0,0,0.4084183006535948,34.6,77.0,76.0,Orthodox,striker,329,,,,,58.91895424836601,,,2025-07-26,0.6424371384258286,0.4222716581613108,2.9695571973237365,0.061352842761526444,0.1963767296288577,12.253918273678172,0.2105988546142689,41.625081905955405,-6.070714542162826,0.3633376591741119,33.74713027325822,0.6502764939181005,0.08890589610694881,3.332460549687886
Said Nurmagomedov,Bantamweight,bw,0.632,0.154,1.0402666666666667,0.556,0.486,0.2788003740804251,0.9543333333333331,0.5454545454545454,3.325066666666667,2.4362,13.38,0.45454545454545453,0.5454545454545454,0.0,0,2,0,1.5328000000000002,34.2,70.0,68.0,Orthodox,grappler,329,,,,,33.6,7.0,4.0,2025-07-26,0.5636170479730906,0.36982007930281663,4.489618595962399,0.10082352564750166,0.11348231535188695,5.364891240840677,0.12636660972035552,34.425797922003916,9.346642680966731,1.1160073932915233,16.44588297885078,0.6815316793474065,0.06455081965155013,3.712201333033281
Da'Mon Blackshear,Bantamweight,bwx,0.714,0.333,1.5578605042016809,0.522,0.459,0.07223150858888529,1.1977798319327733,0.5,4.157947899159663,4.084317647058824,19.95,0.4,0.5,0.1,1,1,0,1.4073176470588236,31.9,72.0,70.0,Switch,grappler,329,,,,,61.74319327731093,,,2025-07-26,0.5713635854717956,0.3597776387641254,4.679316652574681,0.0854098993195442,0.2056750948665393,7.808725457315817,0.13524509134366502,44.86468757576328,0.23557776132596692,1.1755406465856437,31.813812072946494,0.6330986691731354,0.19405570424058624,5.0285936609643045
Mohammad Yahya,Featherweight,fwx,0.429,0.2,1.0831226551226554,0.431,0.398,0.16130323227624369,0.5716709956709956,0.3333333333333333,3.6593650793650787,4.993816738816739,17.33,0.0,0.3333333333333333,0.6666666666666666,2,0,0,1.0233838383838383,32.1,73.0,69.0,Switch,striker,329,,,,,31.00894660894661,,,2025-07-26,0.6488474838932162,0.365195088709443,3.124444882299796,0.07045453934006925,0.10340236783206185,3.2333814370995424,0.06562625929246137,44.9021365697326,-6.293911661625521,0.6811144585252408,46.451751415893405,0.5618992187428934,1.4964402462795958,13.724695238369609
Lukasz Brzeski,Heavyweight,hwx,0.316,0.0,0.43284135472370766,0.553,0.493,0.09898768919296569,0.10727272727272727,0.42857142857142855,4.387793226381461,3.8150196078431375,21.31,0.0,0.42857142857142855,0.5714285714285714,3,0,1,0.4543654188948306,34.1,78.0,75.0,Orthodox,striker,336,,,,,21.084313725490194,,,2025-07-19,0.520352944420713,0.3623413289461094,1.9927636957817385,0.04629852350258075,0.0703641357300936,4.160118636220344,0.07564231354803279,52.59399544585745,12.448331388569624,0.1885761476704598,36.00685939899898,0.6026551352951316,0.6844008377110771,7.277769151108064
Stephen Thompson,Middleweight,mw,0.633,0.357,0.38012426035502955,0.549,0.46,0.4402773380674022,0.05889644970414201,0.5909090909090909,3.8269408284023667,2.9561967455621305,19.591,0.2727272727272727,0.5909090909090909,0.13636363636363635,2,6,1,0.35213609467455625,42.4,75.0,72.0,Orthodox,striker,348,-3.0,,,,22.352514792899406,12.0,9.0,2025-07-12,0.659130438108722,0.38750665770149045,2.7330958371698646,0.05046643993783072,0.07463751158053146,4.213842224753873,0.07497586594633275,50.45937175959712,19.081107331676353,0.4991684671347981,24.461648887323797,0.6509871105619786,0.2759530098960329,6.512114796272395
Mike Davis,Lightweight,lwx,0.591,0.5,2.361466552315609,0.561,0.545,0.5382910093348834,0.7099759862778731,0.42857142857142855,4.459445969125214,4.591313893653517,21.94,0.42857142857142855,0.42857142857142855,0.14285714285714285,0,2,1,1.5743053173241852,33.7,72.0,72.0,Orthodox,wrestler,343,,,,,70.07084048027444,,,2025-07-12,0.6360386526334466,0.4408920730961693,10.002414260274875,0.1622100641972606,0.23359799360453362,5.120775550824249,0.08434279119839914,46.74883923900214,-5.812714760182291,1.195051183152036,39.26219203749371,0.6462748417752141,0.11601771416991519,5.549457298867068
Calvin Kattar,Featherweight,fwx,0.773,0.294,0.5863083466241361,0.548,0.38,0.3113871930782577,0.18472089314194576,0.6666666666666666,4.274608187134502,6.003985114300904,20.79,0.26666666666666666,0.6666666666666666,0.06666666666666667,1,4,0,0.5312993088782562,38.2,72.0,71.0,Orthodox,striker,343,,,,,17.0611908559277,,,2025-07-12,0.7453804228034021,0.34690182818899684,3.8218839487980207,0.06878406478191745,0.05694032737971072,1.839622052414053,0.0340706029567289,54.246139900830926,-25.786334755514883,0.47434116109160607,50.21626675904695,0.6393825797117252,0.12802781749830577,1.9220881673276613
Felipe Lima,Bantamweight,bw,0.857,0.273,1.812,0.647,0.45,0.20457223017233944,0.5507142857142856,0.6666666666666666,3.510857142857143,3.246142857142857,13.11,0.3333333333333333,0.6666666666666666,0.0,0,0,0,1.7845714285714287,28.1,68.0,66.0,Orthodox,balanced,357,,,,,46.885714285714286,2.0,1.0,2025-06-28,0.6150811181268845,0.371217586395505,3.8170398484908548,0.07155643519849826,0.15934702496039269,4.174766944658595,0.08917998628987199,40.69813840429411,3.9749486020715645,0.7128729856246931,29.616177811823096,0.6684604217819855,0.13832318496760743,5.794002856499888
Viviane Araujo,Women's Flyweight,wflwx,0.75,0.434,1.6153699346405228,0.559,0.475,0.07929799596340048,0.5740941176470589,0.9230769230769231,3.827922875816993,4.641813071895426,18.83,0.07692307692307693,0.9230769230769231,0.0,0,1,0,1.2208379084967318,39.6,68.0,64.0,Orthodox,balanced,357,,,,,59.87267973856209,,,2025-06-28,0.7086586468249876,0.39579902469086514,2.4526713137435614,0.04776459113416186,0.19963836171507768,2.5711904612764207,0.04847178394241958,50.496388577288954,-6.439837397864872,0.6333489399091032,42.93427701476556,0.6342075422265697,0.08464879316713048,4.982259744307198
Mohammed Usman,Heavyweight,hwx,0.667,0.143,0.8109254901960785,0.512,0.392,0.21476881105343876,0.118,0.8333333333333334,3.8497725490196073,4.112721568627451,18.24,0.16666666666666666,0.8333333333333334,0.0,0,1,0,1.0791019607843135,37.2,79.0,74.0,Orthodox,striker,364,,,,,51.50274509803921,,,2025-06-21,0.6223102139413915,0.3539096852880457,2.827334183006971,0.06254127907864528,0.17177159002708486,3.1114246174894378,0.061967462569075725,46.76018232075994,-2.634437282528167,0.31331611537868226,35.50664036152332,0.6031636155765627,0.10668707532833857,2.619120726852354
Nikolas Motta,Lightweight,lwx,0.824,0.0,0.5611938250428817,0.483,0.413,0.8483143193581936,0.14743053173241852,0.14285714285714285,4.372264150943396,5.179950257289881,17.77,0.2857142857142857,0.14285714285714285,0.42857142857142855,3,2,0,0.44285077186963984,33.4,70.0,69.0,Orthodox,striker,364,,,,,24.443567753001716,,,2025-06-21,0.7132922007730707,0.36418652343197694,6.70637696423758,0.1283920218636832,0.08145088145742149,3.9949014249501236,0.07457886889132377,43.19988819005109,-6.106421053888584,0.9747714628723159,38.63398690928859,0.601431244512262,0.5565771547293558,4.252254501664271
Court McGee,Middleweight,mw,0.708,0.248,1.6437582417582417,0.61,0.369,0.17413507922585306,0.42240384615384613,0.75,4.186587912087912,3.4763255494505496,21.651,0.125,0.75,0.125,3,0,0,2.133554945054945,40.5,75.0,71.0,Orthodox,grappler,376,-1.0,,,,65.63447802197803,11.0,13.0,2025-06-14,0.5361884358060599,0.28380090183093515,5.8797114406373225,0.09559498822735256,0.21886408388260234,4.157751453597983,0.06830321267881166,52.763294184932015,7.371232318189269,0.5961666378496595,36.14295968108638,0.6631589248239423,0.3276706520463163,1.8581882291917142
Kamaru Usman,Middleweight,mw,0.898,0.441,2.4116187290969897,0.552,0.519,0.4119730349494332,0.13679598662207357,0.6842105263157895,3.862150501672241,2.6653528428093645,19.873,0.2631578947368421,0.6842105263157895,0.05263157894736842,1,4,0,1.8590234113712374,38.1,76.0,72.0,Switch,wrestler,376,1.0,Nigeria,,,111.04632107023411,16.0,3.0,2025-06-14,0.6356956600483824,0.4243101491062625,13.751558429525762,0.23538804794049648,0.37011278610593656,9.244796538209215,0.1589955945621917,34.93141473865051,2.5521886921460815,0.5483557809741808,22.774160346601178,0.6645162098377946,0.08598239820457852,2.506040363698005
Vanessa Demopoulos,Women's Flyweight,wflwx,0.278,0.103,0.6212349206349207,0.406,0.399,0.11076375521634574,0.3118285714285714,0.8,3.6371206349206346,5.190558730158729,17.35,0.1,0.8,0.1,0,0,1,1.078231746031746,37.7,59.0,62.0,Orthodox,striker,371,,,,,42.345396825396826,,,2025-06-14,0.631421020255166,0.32586048344668445,5.482934169636883,0.10870242803109176,0.14117035586978277,7.159415273334985,0.1381890488649292,39.49246541125907,-21.37689180676141,0.4048210593026514,50.93158456590603,0.517568144667745,0.11726115182087501,9.473231780108218
Miranda Maverick,Women's Flyweight,wflw,0.452,0.404,1.9374375000000001,0.617,0.445,0.03512966961984589,0.36803125000000003,0.75,3.334578125,2.421765625,15.58,0.25,0.75,0.0,0,1,0,1.60428125,29.0,65.0,63.0,Southpaw,wrestler,371,-1.0,United States,"Jefferson City, United States",9.0,82.4140625,8.0,4.0,2025-06-14,0.5751754457918492,0.3416110060367873,6.3142449881781,0.1290137038464528,0.2746986608393809,3.5820533773926937,0.07085718115715783,40.12410088394495,9.942715013496667,0.40289262848294594,24.856753288857526,0.6749135823283668,0.08902253562409812,2.4298010918631805
Ariane da Silva,Women's Flyweight,wflwx,0.68,0.385,0.6488493827160495,0.506,0.411,0.222047023287927,0.32886666666666664,0.5714285714285714,3.991427160493827,4.315545679012345,18.57,0.14285714285714285,0.5714285714285714,0.2857142857142857,3,0,1,0.5077358024691359,32.4,67.0,66.0,Orthodox,striker,378,,,,,42.279753086419746,,,2025-06-07,0.5192087875432043,0.3019886826277427,3.9952735849312497,0.07556913125294289,0.1408960317733638,7.596639229687893,0.13876393872051776,43.3804645506374,-0.8828816616691285,0.5225531315943699,36.359608508525206,0.5982241895046703,0.160433887313672,9.268069162306391
Jeka Saragih,Featherweight,fwx,0.667,0.5,1.3572323232323233,0.276,0.522,0.44114032824171323,0.31121212121212116,0.0,2.848444444444444,4.168464646464646,4.8,0.25,0.0,0.75,2,1,1,0.7830858585858587,31.5,69.0,68.0,Orthodox,balanced,378,,,,,32.032828282828284,,,2025-06-07,0.4992319330219488,0.366437791574463,4.233889272012322,0.16581438858922726,0.10676873851972078,3.0542087574620997,0.09187810508603189,25.264369498516025,-1.9446727039223308,0.7084751512095857,30.257782488906727,0.4426316439862386,0.4843852154946464,12.909108333573409
Julianna Pena,Women's Bantamweight,wbwx,0.241,0.545,1.4995795454545453,0.572,0.445,0.02288510101010101,0.6604545454545455,0.4166666666666667,3.2625340909090914,3.0154204545454544,14.94,0.3333333333333333,0.4166666666666667,0.25,0,2,3,0.9713409090909091,36.8,69.0,66.0,Orthodox,balanced,378,,,,,75.28181818181818,,,2025-06-07,0.7423689355987143,0.388719473914554,9.774203832357632,0.22056304370661806,0.25101041874448715,6.4286199546789575,0.14155597419881533,30.44486841032959,-1.3880103265894823,0.6533920536433148,27.179094436532488,0.6494889553626484,0.3146610800266927,6.140587944194989
Yanal Ashmouz,Lightweight,lwx,0.643,0.385,2.3931415094339625,0.502,0.508,0.15681680450213148,0.20271698113207548,0.75,3.4966132075471696,4.4635566037735845,13.3,0.25,0.75,0.0,0,1,0,1.9089198113207548,31.2,69.0,69.0,Orthodox,wrestler,378,,,,,56.93490566037736,,,2025-06-07,0.6374183800729973,0.40492005680938464,6.411652941211287,0.1455809530518558,0.18978983379882636,7.616066382383343,0.173575792071207,33.39215395362794,-16.01748279525065,0.3306953768340496,38.08134738488719,0.6064767588583193,0.15952435698363338,4.768003785942218
Billy Ray Goff,Welterweight,wwx,0.5,0.071,1.0043197278911564,0.591,0.466,0.4015117183448941,0.29697959183673467,0.3333333333333333,5.370197278911563,4.545877551020408,31.4,0.3333333333333333,0.3333333333333333,0.3333333333333333,0,1,1,1.8677414965986394,28.0,72.0,70.0,Switch,striker,385,,,,,57.31972789115646,,,2025-05-31,0.5686382884793029,0.3745078926170587,3.315417506568241,0.06433471145234546,0.19106828844266305,6.609652806829224,0.10428931352970625,61.30850229359108,9.154138197813785,0.6658895080182564,46.854541363597264,0.6040623219719746,0.14215114020544298,3.7061337527777374
Kurt Holobaugh,Lightweight,lwx,0.361,0.333,1.0051640058055153,0.485,0.45,0.190908243329983,0.6550566037735849,0.5555555555555556,4.489531204644413,4.407265602322206,20.73,0.1111111111111111,0.5555555555555556,0.3333333333333333,1,0,2,0.8468737300435415,39.8,70.0,71.0,Orthodox,striker,385,,,,,46.359941944847606,,,2025-05-31,0.622954399304609,0.36543932360748144,4.0882899218642885,0.07281557781791473,0.1544534175358745,8.721075815732405,0.144337560881298,47.14412271272209,6.064066531594005,0.7699384137160585,41.755654334755754,0.5646827143339685,0.19257442947244569,9.1921981340064
Rayanne dos Santos,Women's Strawweight,wswx,0.8,0.1,0.8851758241758242,0.597,0.434,0.05824832018441041,0.20307692307692302,1.0,4.35870695970696,5.171065934065934,24.33,0.0,1.0,0.0,0,0,0,1.127175824175824,31.0,62.0,62.0,Orthodox,striker,385,,,,,35.647985347985355,,,2025-05-31,0.6582054628825235,0.36296505300681087,2.6095649578280375,0.05349019236005472,0.11888147222948553,6.313561127179495,0.10414561469897869,54.13432629865289,-9.94185904754585,0.24571147641319918,45.27541701177573,0.6521142919222412,0.07687528940326485,4.46053337897564
Sodiq Yusuff,Lightweight,lwx,0.55,0.25,0.737366576819407,0.541,0.485,0.3574667454297894,0.41226684636118593,0.6,4.726350404312669,4.162603773584906,22.46,0.3,0.6,0.1,1,2,0,0.7050970350404313,33.1,71.0,69.0,Orthodox,striker,399,,,,,48.648517520215634,,,2025-05-17,0.5876547563897256,0.37822072609837154,5.978087394977878,0.09738973817869657,0.16224498439298013,7.5948950756476235,0.11840862006228359,50.24908797350168,4.843581259856771,0.7246830724765998,31.450055648506968,0.6469274761143753,0.44829963256207617,3.753145020538411
Connor Matthews,Featherweight,fwx,0.0,0.5,2.055122655122655,0.553,0.404,0.16130323227624369,0.35567099567099564,0.0,3.9829365079365076,5.23981673881674,13.8,0.0,0.0,1.0,2,0,1,1.1806695526695528,34.1,71.0,68.0,Switch,wrestler,399,,,,,36.40894660894661,,,2025-05-17,0.6233458116524135,0.36724235311283476,3.6387305965855106,0.08287689958851645,0.12135474878444281,3.061952865670971,0.06359568117492673,40.016422284018326,-8.479625947339807,0.46682874423952647,34.7517514158934,0.6261028312223679,0.7250116748510244,7.038980952655324
Jose Aldo,Bantamweight,bw,0.917,0.5,0.5853333333333334,0.602,0.435,0.2794788763644181,0.17240740740740743,0.6521739130434783,3.5994814814814813,3.9086296296296297,17.08,0.17391304347826086,0.6521739130434783,0.17391304347826086,4,4,0,0.4215555555555556,39.8,70.0,67.0,Orthodox,striker,406,,,,,31.73333333333333,14.0,9.0,2025-05-10,0.6679544236735451,0.3823112405794945,3.438735600663593,0.06574113559779658,0.11814607195019401,2.449435593247165,0.047052988792950785,46.165058854934195,-0.05150183921913957,0.466581697632656,36.6618595077066,0.6643507831713459,0.1329079799751931,7.318838996551542
Brad Katona,Bantamweight,bwx,0.615,0.341,1.8263113122171946,0.503,0.525,0.07778777848033801,0.1522244343891403,0.8888888888888888,4.477251583710407,4.4639574660633485,23.28,0.0,0.8888888888888888,0.1111111111111111,1,0,0,1.6848036199095022,34.5,64.0,66.0,Orthodox,balanced,406,,,,,74.73882352941176,,,2025-05-10,0.6819880411685353,0.43565478524940704,7.476187164311194,0.11861294665826937,0.24905336556722876,8.945620422563888,0.13755757379817882,47.64448871795485,-5.692594578711896,0.21701580121810593,43.864385029606716,0.5795176346174871,0.18716488428706496,4.297646320199322
JeongYeong Lee,Featherweight,fwx,0.738,0.667,1.0842323232323232,0.513,0.488,0.14114032824171321,0.31121212121212116,0.75,3.474944444444444,3.8729646464646468,14.6,0.0,0.75,0.25,1,0,0,0.7330858585858586,30.6,73.0,70.0,Orthodox,striker,406,,,,,41.48282828282828,,,2025-05-10,0.6336497412411268,0.39507760669496483,5.283889272012321,0.11986690000475236,0.13826873851972077,5.6042087574621,0.1221292466385433,36.36436949851603,-5.994672703922331,0.40847515120958566,33.85778248890672,0.5831387194579367,0.18438521549464643,4.809108333573408
Santiago Ponzinibbio,Middleweight,mw,0.711,0.273,0.6537179487179487,0.616,0.416,0.610300449573019,0.06380448717948718,0.45,4.164352564102564,4.072046474358975,21.66,0.35,0.45,0.2,4,7,0,0.737147435897436,38.6,73.0,72.0,Orthodox,striker,418,-1.0,,,,19.756891025641025,12.0,8.0,2025-05-03,0.6951342508091357,0.36052585846644053,2.7025204902673523,0.047513429154055924,0.06596841532335353,1.8983290768166956,0.034225992145321626,57.86431940623021,2.421199609316051,0.6740991727293646,35.71678629460077,0.6967926597195261,0.39894909405403567,3.629791029295095
Serhiy Sidey,Bantamweight,bwx,0.2,0.25,1.71729243697479,0.548,0.402,0.14446301717777058,0.8539882352941177,1.0,4.058324369747899,4.003206722689076,22.44,0.0,1.0,0.0,0,0,0,1.818349579831933,30.0,72.0,71.0,Switch,grappler,413,,,,,47.72924369747899,,,2025-05-03,0.6086874832130219,0.342993106267994,3.072919019435077,0.06555452105373143,0.1589403773232661,6.059009356190076,0.10578996714023028,48.911193333344734,-0.12624707475066352,0.9744579165479111,39.965286483555325,0.6123121689407122,0.3361633565331206,3.4727717375130256
Ivana Petrovic,Women's Flyweight,wflwx,0.611,0.381,1.7034111111111112,0.561,0.411,0.0496058023978358,0.6467,0.75,2.8422111111111112,3.0404777777777783,9.0,0.25,0.75,0.0,0,0,0,1.3681555555555556,32.0,70.0,68.0,Southpaw,wrestler,413,,,,,78.95444444444445,,,2025-05-03,0.6188038175562556,0.3317804549315844,5.739365566095313,0.1785063287949049,0.2631271826011797,4.19243826679776,0.0949966398989427,29.756045238934146,-2.111483738755539,0.6507445460873322,23.9091191441817,0.6658712935869344,0.06097624645576202,4.953155615189383
Don'Tale Mayes,Heavyweight,hwx,0.312,0.467,0.823328431372549,0.476,0.412,0.2086790363201639,0.07375,0.5,3.0706078431372545,3.647450980392157,13.16,0.16666666666666666,0.5,0.25,0,2,3,0.563063725490196,34.4,81.0,78.0,Orthodox,balanced,413,,,,,39.68921568627451,,,2025-05-03,0.5718350414790582,0.33837150221388435,2.1434625408499453,0.05142643443296488,0.13225154523751628,5.063206562401486,0.12054523379381882,34.81702571518085,-1.249464478050692,0.27027110152344114,30.80699949065795,0.5779283466918734,0.2073044220802116,6.141086483694486
Alatengheili,Bantamweight,bwx,0.75,0.438,1.7439266968325795,0.573,0.327,0.1608647015572611,0.1522244343891403,0.8888888888888888,3.098174660633484,4.724265158371041,13.6,0.1111111111111111,0.8888888888888888,0.0,0,1,0,1.35249592760181,34.5,66.0,65.0,Orthodox,balanced,420,,,,,45.800361990950236,,,2025-04-26,0.6435941427685727,0.2912616050399981,2.657725625849657,0.06062675456049452,0.152684134797998,1.967158884102349,0.03933020989464754,39.33679641026255,-20.89567150178882,0.30009272429502903,40.624385029606714,0.6438126213966412,0.10408796121014187,3.5499540125070133
Anthony Smith,Middleweight,mw,0.5,0.229,0.51342175066313,0.444,0.501,0.3516279582673261,0.397631299734748,0.28,2.8725676392572943,4.316521220159151,14.0,0.44,0.28,0.28,6,5,1,0.6574668435013262,36.8,76.0,76.0,Orthodox,balanced,425,-3.0,,,,20.902254641909813,13.0,12.0,2025-04-26,0.6289766209044271,0.41285375366696064,2.424499716083327,0.05564231974676051,0.06962711766223893,3.5020654428827824,0.08127038974427175,37.16185054308707,-3.9962485991867167,0.7492544877760259,39.18975417484202,0.5506031384384563,0.25602683645851226,17.795344300106283
Cameron Saaiman,Bantamweight,bw,0.5,0.273,1.1064,0.502,0.487,0.28166209958217603,0.4965,0.3333333333333333,4.8996,4.0512999999999995,23.15,0.3333333333333333,0.3333333333333333,0.3333333333333333,2,2,0,1.0272000000000001,25.5,67.0,68.0,Southpaw,striker,420,,,,,55.86,3.0,3.0,2025-04-26,0.5934544683693191,0.38485603450889155,11.610389432405137,0.17656622067025685,0.18820958413894157,4.906952245876401,0.07776469190637343,47.44254303685203,4.96707940606548,0.7143957053219006,35.69286292981464,0.6032907163000214,0.37374930640040216,5.871186614934537
Evan Elder,Lightweight,lwx,0.4,0.154,0.9531257861635221,0.574,0.509,0.37748795320824385,0.44741509433962257,0.6,4.972656184486373,4.586272536687631,25.21,0.2,0.6,0.2,1,0,0,1.0573731656184486,29.2,72.0,70.0,Switch,striker,420,,,,,36.175471698113206,,,2025-04-26,0.5341664932122023,0.36127186225532043,4.1801994398068585,0.07300603093818736,0.12059096337673451,4.036503451007416,0.06604726853869515,58.224771768304194,8.824142277237517,0.770141922265187,38.545324659582256,0.6344607586249401,0.2608470474775154,6.671558920837528
Sean Woodson,Featherweight,fwx,0.868,0.556,0.8678470418470419,0.59,0.466,0.3279043633908691,0.43854978354978347,0.6,5.2541111111111105,4.231122655122656,27.73,0.2,0.6,0.2,1,2,1,0.5803347763347764,34.0,78.0,74.0,Orthodox,striker,434,,,,,30.333044733044733,,,2025-04-12,0.6853645521766001,0.398682851344536,2.139145518072975,0.042162082430090106,0.10117920589405291,4.781525883384936,0.06931043954853365,66.98952982332784,16.476670542813615,0.7279198666252578,31.986864718935717,0.673199055453147,0.27019814511782,2.3788311356683214
Darren Elkins,Featherweight,fwx,0.561,0.34,2.7082311348781936,0.512,0.384,0.10286893172250836,1.0173440285204993,0.6,3.4405163398692804,3.40722697563874,15.66,0.23333333333333334,0.6,0.16666666666666666,4,4,1,2.4242554961378495,42.1,71.0,70.0,Orthodox,grappler,434,,,,,95.8724301841949,,,2025-04-12,0.7436403361930042,0.34424089172843636,9.803484782269154,0.20951276106531824,0.31948015725747814,9.00625345376817,0.19125093657321693,28.60291666218953,-4.702152091325378,1.0365142770647942,33.582171731135944,0.575578459109448,0.2523630847603502,7.18635366362718
Diana Belbita,Women's Flyweight,wflwx,0.641,0.625,1.0026074074074074,0.515,0.419,0.14418164604300163,0.16546666666666668,0.625,5.560140740740741,5.706985185185185,31.17,0.0,0.625,0.375,0,0,3,0.6247703703703704,30.0,68.0,67.0,Orthodox,striker,441,,,,,33.80296296296296,,,2025-04-05,0.5769908859630996,0.32127189087178526,3.1595770440635422,0.050409778053142534,0.11270207235140373,11.40606995564295,0.1422576133689525,65.22625238151166,1.564566396385196,0.2949408085026659,56.10607942945447,0.5931694855164621,0.04065083097050801,8.52432596568181
Istela Nunes,Women's Strawweight,wswx,0.476,0.0,0.5774700854700855,0.597,0.474,0.1841931379212081,0.1579487179487179,0.4,4.143327635327635,4.170384615384616,18.75,0.0,0.4,0.6,2,0,1,0.5524700854700854,33.9,66.0,64.0,Orthodox,striker,441,,,,,34.01509971509972,,,2025-04-05,0.564905618771643,0.3508314851971584,2.057439411644029,0.042550548733957666,0.11338929321552577,6.132769765584052,0.11134207373593827,47.77114267673002,5.1563318519087815,0.3299978149880438,40.07532434249223,0.6270356271983473,0.33756966953587264,7.691525961425498
Victor Henry,Bantamweight,bwx,0.81,0.429,1.3000042780748664,0.48,0.532,0.3933664176298732,0.4007197860962567,0.5714285714285714,5.923570053475936,4.690858823529412,32.68,0.14285714285714285,0.5714285714285714,0.14285714285714285,0,1,1,1.020131550802139,39.1,68.0,67.0,Switch,balanced,441,,,,,49.47315508021391,,,2025-04-05,0.588787738835083,0.40097283964453684,5.079895835334283,0.07315806334992575,0.16475365850927676,10.36769494915445,0.1256970156479658,65.52243403509497,12.115833201235223,0.7588655641190055,40.11188087231033,0.5914118392082052,0.1230130450665313,2.841524598513074
Vinc Pichel,Lightweight,lwx,0.316,0.51,2.261570754716981,0.548,0.461,0.15098904741235605,0.25135849056603776,0.75,3.865056603773585,3.4125283018867925,18.29,0.08333333333333333,0.75,0.16666666666666666,1,1,1,1.4902099056603775,43.6,72.0,70.0,Orthodox,wrestler,448,,,,,65.94245283018869,,,2025-03-29,0.4996476472907454,0.32904366134425744,7.65018130931532,0.14199125625302342,0.21973093840478952,8.808839642804573,0.1610012070910198,38.429141492943,-0.2764833331091962,0.38308962390089574,31.480996273088756,0.624387618744177,0.07976217849181669,4.4573889897453025
Ronaldo Rodriguez,Flyweight,flwx,0.444,0.286,0.989390476190476,0.408,0.45,0.11378684807256235,0.4297047619047619,0.6666666666666666,3.4489047619047617,4.045057142857143,16.25,0.3333333333333333,0.6666666666666666,0.0,0,0,0,1.0934380952380953,27.1,65.0,66.0,Orthodox,balanced,448,,,,,65.47809523809524,,,2025-03-29,0.607367634815939,0.3438186992720121,8.748647701504844,0.18646739407841859,0.21819008143531954,2.544502640216926,0.05596419525935194,36.825015143586576,-9.233600843600843,0.5307052471338186,39.062318475175616,0.5552457025310762,0.5866823652537939,6.835553573410716
Gabriel Miranda,Featherweight,fwx,0.0,0.385,3.1322323232323233,0.379,0.44,0.14114032824171321,1.260712121212121,0.0,3.504944444444444,4.980964646464646,8.5,0.25,0.0,0.75,3,0,0,1.6665858585858584,36.2,71.0,71.0,Orthodox,grappler,448,,,,,42.33282828282828,,,2025-03-29,0.6058495800807724,0.383234286219059,2.7338892720123216,0.06164772192256059,0.14110207185305412,4.2042087574621,0.1188388893997574,31.164369498516027,-4.694672703922331,0.9084751512095857,34.95778248890673,0.515184938559882,1.6843852154946464,9.759108333573408
Guram Kutateladze,Lightweight,lwx,0.75,0.15,1.027014675052411,0.548,0.45,0.2505038262241169,0.18019287211740043,0.8,3.793211740041929,4.186828092243186,17.27,0.0,0.8,0.2,1,0,0,1.281817610062893,34.4,72.0,71.0,Orthodox,striker,455,,,,,38.61991614255765,,,2025-03-22,0.5344642413853047,0.33640308252692946,4.077024836632256,0.08043150578575853,0.12867738312982094,8.480947895451859,0.16198902170424434,40.63747018100261,-6.88220692911169,0.40506255718582185,38.783419897677504,0.6221027383668453,0.5862438728743408,6.0604478097264165
Caolan Loughran,Bantamweight,bwx,0.875,0.343,2.377505882352941,0.521,0.427,0.12640514003054926,0.247364705882353,1.0,4.234158823529412,4.511305882352942,23.67,0.0,1.0,0.0,0,0,0,2.216305882352941,30.1,68.0,66.0,Orthodox,wrestler,455,,,,,75.50058823529412,,,2025-03-22,0.6512826940950365,0.3665718440309436,7.063804142005692,0.11888405196859148,0.25157283015785786,5.301633186666317,0.09074464824533084,48.67229416667664,-4.3604661904068305,0.35265067697942215,38.84462567311091,0.6302478207082118,0.16914293696648053,2.9136752703238975
Josiane Nunes,Women's Bantamweight,wbwx,0.583,0.0,0.35932727272727266,0.519,0.431,0.4223304473304473,0.1507272727272727,0.6666666666666666,4.883454545454546,5.208672727272727,27.29,0.16666666666666666,0.6666666666666666,0.16666666666666666,1,1,0,0.39674545454545457,32.5,67.0,62.0,Southpaw,striker,462,,,,,30.810909090909092,,,2025-03-15,0.6447553469244902,0.3611416889556156,3.3776871707332488,0.06764551485481603,0.10263831501282442,8.72345426514867,0.1358138155918235,57.86763361237149,-6.436400938127588,0.5584142988163167,47.047590059490936,0.6115343660964083,0.1956655202505005,4.900265386036657
SeungWoo Choi,Featherweight,fwx,0.705,0.545,1.0155239057239058,0.47,0.389,0.533608175062247,0.16597979797979795,0.45454545454545453,3.6155037037037037,3.368181144781145,16.0,0.09090909090909091,0.45454545454545453,0.45454545454545453,3,1,2,0.6468457912457912,33.6,74.0,72.0,Orthodox,striker,462,,,,,49.59084175084175,,,2025-03-15,0.6054931420561505,0.3247639918890077,5.766407611739905,0.12263572946981009,0.1653192531364437,7.450578003979786,0.15473082271255034,35.50433039920855,2.512841224574757,0.676186747311779,28.119150660750257,0.5587563995692333,0.7400054482638114,7.196524444572485
Armen Petrosyan,Middleweight,mw,0.417,0.333,0.5564755244755245,0.531,0.53,0.13156461725022336,0.1392097902097902,0.5714285714285714,4.930314685314685,3.331374125874126,29.235,0.0,0.5714285714285714,0.42857142857142855,1,0,2,0.5203216783216784,34.3,71.0,75.0,Orthodox,striker,474,-3.0,,,,29.09685314685315,3.0,4.0,2025-03-08,0.4397716670499678,0.33873160038475897,4.096408342401497,0.06835212874398985,0.09700417175719202,4.655177878830009,0.07182796062146002,65.2034348542349,20.81202909412272,0.27076183140952287,28.34250699570651,0.6381587329699543,0.2190974886312649,2.1409344382481215
Julian Marquez,Middleweight,mw,0.458,0.0,0.4074358974358974,0.496,0.45,0.2539342324793714,1.5942756410256411,0.125,3.9000384615384616,4.206092948717949,20.933,0.375,0.125,0.5,4,0,0,0.6409615384615385,34.8,72.0,74.0,Orthodox,grappler,481,-4.0,,,,26.01378205128205,3.0,5.0,2025-03-01,0.7267836076871648,0.40346996389210155,6.53837431386804,0.11488990289017825,0.08664053435041075,11.129991486966723,0.1862932406889863,40.82863881246042,-4.057600781367898,1.8481983454587294,47.133572589201556,0.5655196802721968,0.764564854774738,5.326248725256857
Andrea Lee,Women's Flyweight,wflwx,0.538,0.524,1.5689604938271604,0.615,0.455,0.08038035662126036,0.5769777777777778,0.8571428571428571,4.433982716049383,3.9383234567901235,23.1,0.14285714285714285,0.8571428571428571,0.0,0,1,0,1.035846913580247,37.4,69.0,66.0,Orthodox,balanced,476,,,,,48.03530864197531,,,2025-03-01,0.48359107192548884,0.31758308137431535,4.845273584931251,0.07727853296234459,0.1600534391807712,7.363305896354559,0.11405013400671304,53.3304645506374,2.933785004997538,0.6475531315943699,35.976275175191866,0.675516997936297,0.027100553980338678,2.9347358289730585
Dylan Budka,Middleweight,mwx,0.4,0.5,1.7309510204081633,0.404,0.257,0.12202239720720355,0.2366857142857143,0.3333333333333333,2.3725959183673475,3.3528938775510206,3.17,0.0,0.3333333333333333,0.6666666666666666,2,0,0,1.0810122448979593,26.4,75.0,72.0,Switch,balanced,490,,,,,57.64244897959184,,,2025-02-15,0.6961597263510175,0.3221550201411056,3.1781994115005845,0.07335835779015325,0.1921885461163685,4.45351345973052,0.17984362810826118,22.11468986398369,-6.14881739173678,0.31128645746154254,28.76464787040272,0.508662556173343,0.4473608306846459,5.9435231826895905
Anshul Jubli,Lightweight,lwx,1.0,0.2,1.4651617250673856,0.464,0.573,0.17921920514529313,0.5231051212938006,0.0,5.0934150943396235,4.5476361185983825,23.5,0.3333333333333333,0.0,0.6666666666666666,2,1,0,1.4103369272237198,31.4,69.0,72.0,Switch,balanced,497,,,,,59.86846361185984,,,2025-02-08,0.65989483627055,0.434406688675469,10.241889075670043,0.164824194990909,0.19956933386532533,4.332647294152392,0.07482638686146034,47.033890232717646,-0.34855176600074345,0.5922232878103424,36.792968439871075,0.5823521074647827,0.6108849794098666,4.077718612505392
Justin Tafa,Heavyweight,hwx,0.533,0.0,0.34008963585434177,0.471,0.544,0.6134903272230445,0.08428571428571428,0.3,3.994408963585434,4.760658263305323,13.81,0.4,0.3,0.2,2,4,0,0.33078711484593837,32.5,74.0,72.0,Southpaw,striker,497,,,,,25.673389355742295,,,2025-02-08,0.6001529782630767,0.4283931650259175,2.6371714752570803,0.062233907768188046,0.08548986122382811,5.250807499887413,0.12000115583342764,35.90695796020668,-4.695816546343648,0.6838812588839327,30.279427989323374,0.5875799027809637,0.34406219666309895,4.741598838507984
Gabriel Santos,Featherweight,fwx,0.875,0.542,2.6587323232323232,0.454,0.606,0.27750396460534954,0.8957121212121212,0.5,4.063944444444444,4.127964646464647,20.27,0.25,0.5,0.25,1,0,0,1.6740858585858587,29.6,70.0,69.0,Orthodox,grappler,497,,,,,75.58282828282827,,,2025-02-08,0.592000991317913,0.4516253313074573,7.233889272012322,0.13563875331269512,0.25185964761062984,5.590572393825736,0.10178094514582263,42.9370967712433,-1.1264908857405125,1.0902933330277675,37.45778248890673,0.5598682792063644,0.45711248822191913,6.9636537881188625
Kevin Jousset,Welterweight,wwx,1.0,0.4,0.9681547619047618,0.51,0.516,0.12632275355178232,0.43185714285714283,0.5,5.336047619047619,5.287392857142857,32.0,0.25,0.5,0.25,1,0,0,0.8622738095238096,33.1,75.0,74.0,Orthodox,striker,497,,,,,34.85476190476191,,,2025-02-08,0.5896829716338274,0.4010782323758042,2.450990318247211,0.05151580245710801,0.11616623386881163,8.30844620597557,0.11706259732150781,64.2449395068922,1.2515375897537289,0.524319986182641,50.15605702648094,0.5927290959000421,0.29104891434642927,3.24286703368052
Damir Hadzovic,Lightweight,lwx,0.348,0.545,1.092366576819407,0.595,0.478,0.27594500629935464,0.22440970350404313,0.5,3.5584932614555256,3.8568894878706206,14.3,0.2,0.5,0.3,2,2,1,0.6893827493261455,39.9,70.0,69.0,Orthodox,striker,504,,,,,28.862803234501346,,,2025-02-01,0.7200907094943717,0.4118346676598804,5.046410376344338,0.11193880179419527,0.09618218246061297,4.784336069436444,0.10428249434258428,36.51849791138988,0.5850408871859637,0.46847189235237613,35.18064571061877,0.6400156932151274,0.18432447728257312,9.902213343519776
Lucas Alexander,Featherweight,fwx,0.6,0.0,0.7587323232323233,0.565,0.575,0.3554260425274275,0.31121212121212116,0.25,4.237444444444444,3.4074646464646463,18.71,0.0,0.25,0.75,2,0,1,0.7260858585858586,30.9,73.0,71.0,Orthodox,striker,504,,,,,38.78282828282828,,,2025-02-01,0.5712739177547732,0.4113095864462579,4.448174986298036,0.09218207306759876,0.1291973099482922,3.311351614604957,0.06547861399188432,45.664369498516024,17.341041581791956,0.6227608654953,28.24349677462101,0.602731281667398,0.39867092978036067,10.723394047859122
Jairzinho Rozenstruik,Heavyweight,hwx,0.723,0.0,0.2505923632610939,0.524,0.485,0.544924761235556,0.06210526315789473,0.26666666666666666,3.555090815273478,2.892327141382869,14.5,0.5333333333333333,0.26666666666666666,0.2,2,8,1,0.20084313725490194,38.3,78.0,74.0,Orthodox,striker,504,,,,,11.206707946336428,,,2025-02-01,0.6122091969979127,0.3890492263155912,2.964850808393762,0.06843993732833302,0.03726368515357408,4.01994484511828,0.08895569313145271,37.81805261464146,7.557726507647715,0.596791763512,19.91371164538379,0.6350502458244991,0.12581053500253114,3.9698158624300315
Jamal Pogues,Heavyweight,hwx,0.667,0.385,1.220156862745098,0.471,0.459,0.13610807264032782,0.1475,1.0,3.6192156862745097,3.8899019607843135,16.92,0.0,1.0,0.0,0,0,0,0.9641274509803921,30.6,77.0,75.0,Orthodox,striker,504,,,,,42.07843137254902,,,2025-02-01,0.6580681265559305,0.3990956140922589,3.2400500816998905,0.073512686564817,0.14031906269725478,5.720163124802973,0.11466733711012109,41.259051430361694,-5.623928956101384,0.2592922030468822,29.567123981315905,0.6113839042681006,0.1333588441604232,3.641547967388972
Abdul Razak Alhassan,Middleweight,mw,0.509,0.333,0.7577350427350428,0.549,0.498,0.9554005994306921,0.18229487179487178,0.2857142857142857,2.7808034188034187,3.0065064102564105,13.125,0.42857142857142855,0.2857142857142857,0.21428571428571427,2,6,1,0.7356410256410256,39.4,73.0,70.0,Orthodox,balanced,530,-2.0,,,,35.8647435897436,6.0,7.0,2025-01-11,0.7518653319156863,0.44834362141637446,5.906138431467582,0.14451809363080376,0.11961529450521212,6.253327657977817,0.1535105838296159,29.552425874973615,-4.730067187578598,1.137687785861375,26.916826170578815,0.6478580083308452,0.2597099031831587,4.253610261282349
Trey Ogden,Lightweight,lwx,1.0,0.325,1.7639210977701543,0.556,0.502,0.11404858509245926,0.6100668953687821,0.8571428571428571,3.532264150943396,3.729041166380789,15.71,0.0,0.8571428571428571,0.0,0,0,0,1.6551234991423671,36.6,72.0,71.0,Orthodox,balanced,525,,,,,69.81629502572899,,,2025-01-11,0.5466255341064041,0.3678217800488603,3.063020320880936,0.06227631938434435,0.23275624276278278,3.5753210053697035,0.070722119580029,43.33974832991123,-0.17635112381865492,0.695051183152036,25.731889007190684,0.6750870593510907,0.11601771416991519,6.867639117048887
Joe Solecki,Lightweight,lwx,0.143,0.467,1.8532409288824385,0.505,0.533,0.0965026489243886,1.0109027576197387,0.6666666666666666,2.593300435413643,2.589957910014514,9.18,0.2222222222222222,0.6666666666666666,0.1111111111111111,1,0,0,1.3190275761973878,32.8,70.0,69.0,Orthodox,grappler,525,,,,,102.36763425253993,,,2025-01-11,0.7725064496513442,0.4616912859308723,8.053324886899254,0.2625778738855782,0.3412715993540563,2.8679289625855535,0.07502561956570897,25.053213621812993,0.6829476504751241,1.0531551969328417,23.72418580328722,0.5856491955514957,0.19257442947244569,7.492897434705701
Josefine Knutsson,Women's Strawweight,wswx,0.267,0.75,1.171032967032967,0.498,0.541,0.05824832018441041,0.20307692307692302,1.0,4.47270695970696,3.4854945054945055,25.67,0.0,1.0,0.0,0,0,0,0.8413186813186811,30.4,60.0,63.0,Orthodox,balanced,553,,,,,67.83369963369965,,,2024-12-14,0.6090530497379382,0.3869334593624125,7.895279243542324,0.12203417284141291,0.22618305953107282,8.456418270036638,0.13004339597836467,48.42004058436718,13.200998095311292,0.24571147641319918,31.703988440347153,0.5889930556166475,0.07687528940326485,7.889104807547069
Billy Quarantillo,Featherweight,fwx,0.614,0.255,1.5706572390572393,0.43,0.522,0.23241769887177088,0.9733797979797979,0.36363636363636365,6.168970370370371,5.358447811447812,30.82,0.36363636363636365,0.36363636363636365,0.2727272727272727,2,3,1,1.6463791245791244,37.5,70.0,70.0,Orthodox,grappler,553,,,,,65.57750841750841,,,2024-12-14,0.6752566446955222,0.4376777132621559,12.61521713554943,0.1535431341949292,0.2185877716549622,12.937482765884548,0.15254227662010797,55.77575897063711,0.5485555102890426,1.08213912826416,47.74891256551216,0.5243798065993748,0.3340530673114305,5.612000635048675
Fernando Padilla,Featherweight,fwx,1.0,0.0,0.7587323232323233,0.521,0.403,0.6411403282417132,0.6187121212121212,0.25,4.9239444444444445,4.843464646464646,24.67,0.5,0.25,0.25,1,1,0,0.6665858585858586,29.5,76.0,73.0,Orthodox,striker,553,,,,,30.73282828282828,,,2024-12-14,0.6394346357246514,0.35449043660385227,7.233889272012322,0.1224585327333714,0.102490960741943,5.4542087574621,0.09075197895990578,49.664369498516024,-4.944672703922331,1.1584751512095857,38.45778248890673,0.6139724559520505,0.4343852154946464,3.5091083335734083
Ottman Azaitar,Lightweight,lwx,1.0,0.0,0.6859035639412999,0.525,0.446,0.41717049289078356,0.18019287211740043,0.0,4.2915450733752625,4.127383647798742,13.83,0.4,0.0,0.6,3,2,0,0.5412620545073376,36.3,71.0,68.0,Switch,striker,553,,,,,24.119916142557653,,,2024-12-14,0.6406547692625796,0.38427871735908603,4.854802614410033,0.10609400132777215,0.08046750658661107,7.092059006562971,0.15780239101158955,35.526359069891505,3.7844597375549776,0.5717292238524885,31.283419897677504,0.5746883669486786,0.9751327617632296,9.171558920837528
Bryan Battle,Welterweight,wwx,0.536,0.174,0.919941391941392,0.442,0.529,0.29636056089016566,0.4278351648351648,0.3333333333333333,4.7957216117216115,4.104703296703296,20.89,0.5555555555555556,0.3333333333333333,0.0,0,3,0,1.197937728937729,31.7,77.0,73.0,Orthodox,striker,560,,,,,61.97216117216117,,,2024-12-07,0.5382919559340636,0.4032265071216697,1.8362369569780408,0.036933576555662664,0.20652664924240563,11.655400094365534,0.19344587142539085,46.52320163986888,10.853847693559649,0.6573413140341219,30.53463158444711,0.5755854724023496,0.18585466253977295,7.351885785908659
Clay Guida,Lightweight,lwx,0.694,0.336,2.644905660377358,0.609,0.332,0.20526401850238285,0.5512374597330879,0.5405405405405406,2.8662416014726184,3.2700354348826504,12.43,0.1891891891891892,0.5405405405405406,0.2702702702702703,2,2,8,2.3703989875747813,44.5,70.0,67.0,Orthodox,wrestler,560,,,,,96.00924988495169,,,2024-12-07,0.6007234849290454,0.25308136344908155,7.710062887034145,0.2027954586057727,0.32013890279211293,5.119736005374562,0.13300533071140666,26.182418710070596,-7.737321583967083,0.7049665251414983,33.404857711606624,0.6528687486914292,0.20579232142560275,3.9849448771940748
Kron Gracie,Featherweight,fwx,0.0,0.25,0.9342323232323233,0.516,0.423,0.14114032824171321,0.6622121212121211,0.5,3.364444444444444,4.839964646464646,12.6,0.25,0.5,0.25,1,0,0,0.7830858585858587,37.9,70.0,69.0,Southpaw,balanced,560,,,,,31.48282828282828,,,2024-12-07,0.6926843139743297,0.3892792358444787,2.8838892720123215,0.06561597589081455,0.10493540518638746,4.2542087574620995,0.09783048603841285,37.11436949851603,-11.24467270392233,0.7084751512095857,40.45778248890673,0.5999864419660366,0.18438521549464643,5.259108333573408
Jonathan Martinez,Bantamweight,bw,0.684,0.357,0.6233684210526317,0.57,0.496,0.5828875133717641,0.1507894736842105,0.6666666666666666,4.347157894736842,3.9654210526315783,21.12,0.26666666666666666,0.6666666666666666,0.06666666666666667,1,4,0,0.5327368421052632,32.2,70.0,68.0,Southpaw,striker,581,,,,,41.242105263157896,10.0,5.0,2024-11-16,0.5726267928805511,0.3909221749409776,6.6017665607221945,0.10735134464084861,0.1383183274916735,4.402733686377978,0.07198174600262801,50.7421712918076,2.6862592594098245,0.7212840322978193,27.802200847964897,0.7051512683724542,0.2765250831835546,1.991775488484921
Stipe Miocic,Heavyweight,hwx,0.65,0.342,1.6435763000852517,0.523,0.527,0.4013792053904246,0.051304347826086956,0.3157894736842105,4.527509803921569,3.9873572037510656,20.55,0.47368421052631576,0.3157894736842105,0.21052631578947367,4,9,0,1.3778704177323102,43.8,80.0,76.0,Orthodox,balanced,581,,,,,66.31858482523444,,,2024-11-16,0.7161173043757989,0.45086293935724603,9.29822505060014,0.15749962198687822,0.2211244851814961,7.196365523445222,0.12115497658074874,43.07768248509475,0.7226440543107876,0.4442258594448783,37.191936646562404,0.5723764752214239,0.34984619956600344,5.54346655121249
Damon Jackson,Lightweight,lwx,0.379,0.328,2.1287295597484275,0.491,0.429,0.06969635755650289,1.0257631027253669,0.42857142857142855,3.216383647798742,3.620136268343815,13.1,0.21428571428571427,0.42857142857142855,0.2857142857142857,2,1,2,1.8767421383647798,37.9,71.0,71.0,Switch,grappler,581,,,,,96.60440251572328,,,2024-11-16,0.6127845696933772,0.34697060789261364,5.230268690717562,0.12589009718791322,0.32204279351632425,8.184918392170374,0.20016787140479309,29.35278526971278,-1.181246833731472,0.9749327122846672,28.198161561741976,0.6070912266155225,0.29670616582785136,6.220188062569301
Cody Stamann,Bantamweight,bwx,0.763,0.371,2.081844582043344,0.605,0.469,0.17787695646715646,0.10415356037151705,0.7333333333333333,4.193751083591331,3.8916024767801862,20.42,0.06666666666666667,0.7333333333333333,0.2,0,1,3,1.7732866873065016,36.6,64.0,66.0,Orthodox,wrestler,588,,,,,55.49498452012384,,,2024-11-09,0.631232729198873,0.3820049790009903,5.816338586107659,0.10068959616716097,0.18495895095597092,7.527280455327645,0.12687742840993135,45.77476097876689,-0.8803070940217127,0.2731382351824714,31.429039064578554,0.68740489946956,0.07121807872272864,3.3653147952610314
Caio Machado,Light Heavyweight,lhwx,0.7,0.0,0.681037037037037,0.624,0.48,0.15948725950286255,0.1783280423280423,1.0,4.307380952380952,3.820042328042329,25.33,0.0,1.0,0.0,0,0,0,0.6523756613756613,31.9,78.0,76.0,Southpaw,striker,595,,,,,27.089947089947096,,,2024-11-02,0.5281465557164486,0.36467035186395463,3.052934809359926,0.06879396056185427,0.0931598816200381,4.232147113821322,0.08426938763931639,51.083153243490266,10.028902795931305,0.26009397359507697,31.62974681479128,0.6247617709247797,0.4628342086403294,4.055185129457916
Trevin Giles,Middleweight,mw,0.721,0.5,1.005068376068376,0.58,0.544,0.28040059943069207,0.28496153846153843,0.35714285714285715,2.9036923076923076,2.349284188034188,13.914,0.21428571428571427,0.35714285714285715,0.42857142857142855,3,3,3,0.7387521367521368,32.2,74.0,72.0,Orthodox,balanced,600,-3.0,,,,47.92029914529914,7.0,7.0,2024-11-02,0.7217286928810321,0.4684131617344191,7.07002732035647,0.16581755873588144,0.15973566487558247,3.331105435755594,0.07622207012768677,33.15242587497361,3.7615994790880682,0.5654655636391528,17.089048392801036,0.7130970862729478,0.3319321254053808,2.8397213723934596
Rodrigo Nascimento,Heavyweight,hwx,0.591,0.375,1.101437908496732,0.445,0.474,0.09073871509355187,0.33299999999999996,0.5,3.74381045751634,4.237934640522876,15.7,0.125,0.5,0.25,2,0,0,0.8150849673202615,33.6,80.0,74.0,Orthodox,balanced,595,,,,,56.452287581699345,,,2024-11-02,0.6893369993926362,0.4103024473811465,3.626700054466594,0.08065687372025317,0.18817567142779948,5.763442083201983,0.12051839605569681,38.57270095357446,-1.9659526374009222,0.37286146869792147,34.49474932087727,0.5481224874380711,0.38890589610694876,5.194365311592648
Jack Shore,Featherweight,fwx,0.741,0.396,2.696142968142968,0.564,0.583,0.27566677542147383,0.6158997668997668,0.3333333333333333,3.6552735042735045,2.8142859362859363,16.0,0.3333333333333333,0.3333333333333333,0.3333333333333333,1,0,2,2.026591297591297,31.4,71.0,68.0,Orthodox,grappler,595,,,,,75.05866355866357,,,2024-11-02,0.6697633573841363,0.47316134417662375,6.969106684874715,0.14807691978451282,0.2501071024923223,5.852939654941712,0.12137137469163733,36.01024136971615,6.145935678705138,0.8178028902548499,18.24674726590064,0.7045764142404661,0.3022790137309712,2.795814918562657
Pedro Munhoz,Bantamweight,bw,0.831,0.14,0.6001538461538461,0.566,0.42,0.38413696795238195,0.4278846153846153,0.6363636363636364,5.167538461538461,5.775884615384616,25.3,0.2727272727272727,0.6363636363636364,0.0,0,3,0,1.0027692307692306,39.8,65.0,66.0,Orthodox,striker,595,,,,,18.623076923076926,10.0,10.0,2024-11-02,0.5476430680836415,0.32679351271569096,3.254160301089418,0.047840846990463835,0.06571213824907057,3.341924433818339,0.04779199798702165,65.81189196354927,-12.993924094314064,0.8201324704886994,58.465039325405364,0.6138679962197809,0.03724085749127892,1.5129152989721921
Chad Anheliger,Bantamweight,bwx,0.273,0.364,1.2344496732026142,0.541,0.44,0.3345823466938216,0.4471019607843137,0.6,3.386807843137255,3.3117163398692813,15.2,0.2,0.6,0.2,0,1,1,1.0808274509803921,39.6,64.0,66.0,Orthodox,balanced,595,,,,,45.600522875817,,,2024-11-02,0.6563072372956896,0.3721845406754507,5.16782590400506,0.11268951120267737,0.15189189841192302,5.823673943703394,0.12159071827117018,37.04203925926813,2.4573633863050395,0.7579117128705976,27.97300059832081,0.6259533026142124,0.15034927730353825,7.256600240287909
Garrett Armfield,Bantamweight,bwx,0.647,0.5,1.3933385620915033,0.562,0.537,0.3901379022493771,0.5265464052287583,0.4,4.634585620915033,3.7228274509803927,24.25,0.2,0.4,0.4,0,1,2,1.0441607843137257,29.7,70.0,66.0,Orthodox,balanced,595,,,,,53.32274509803922,,,2024-11-02,0.6994886444217523,0.4319209445334389,6.306714792893948,0.10470132768546508,0.17757091075760206,4.823673943703393,0.08147396016743431,51.98648370371257,10.568474497416151,0.8690228239817086,32.278556153876366,0.6361766581414354,0.15034927730353825,2.7843780180656865
Alexandr Romanov,Heavyweight,hwx,0.286,0.553,3.5472324929971992,0.541,0.517,0.07777604150875875,0.7007142857142856,0.4,3.798694677871148,2.629943977591036,16.4,0.4,0.4,0.2,1,1,1,1.9200728291316527,35.5,75.0,74.0,Southpaw,grappler,595,,,,,104.60196078431373,,,2024-11-02,0.7102204574123349,0.44332053753151024,16.88717147525708,0.3477885611492403,0.34867438503335196,4.661521785601699,0.09476545179571498,27.790886531635255,-0.03510226062936222,0.6838812588839327,21.788356560751943,0.620757396219284,0.07620505380595612,2.7594559813651265
Jessica Penne,Women's Strawweight,wswx,0.471,0.14,1.1613254437869822,0.437,0.341,0.03136448009929792,0.20488757396449703,0.5555555555555556,3.2931499013806707,5.683804733727811,14.17,0.1111111111111111,0.5555555555555556,0.3333333333333333,2,0,1,2.066094674556213,43.4,67.0,65.0,Orthodox,balanced,609,,,,,54.27199211045365,,,2024-10-19,0.5860861456998586,0.28041809030794934,3.405150361907405,0.07659246473359776,0.18098077044240973,6.453121543397655,0.14223949449612466,36.687714160813094,-28.35999768112001,0.22260718295158885,51.05800046453476,0.5551330162353488,0.041394386601757996,5.565705264264475
Robelis Despaigne,Heavyweight,hwx,0.5,0.0,0.6801792717086835,0.465,0.598,0.3392255524052726,0.16857142857142857,0.6666666666666666,3.1082464985994394,3.3060308123249302,9.14,0.3333333333333333,0.6666666666666666,0.0,0,1,0,0.48300280112044813,37.8,84.0,79.0,Orthodox,balanced,609,,,,,28.918207282913162,,,2024-10-19,0.6409875176121262,0.45215010718617255,3.4988327464325275,0.08614767978976975,0.09639638911432293,5.374063979366663,0.13889937049038467,31.275650614290914,3.021632213435152,0.480007415727049,28.056304958238588,0.5717179944090114,0.15241010761191223,11.488299717832293
Daniel Pineda,Featherweight,fwx,0.547,0.24,1.4432143658810324,0.458,0.496,0.21828459032965034,1.3368720538720538,0.42857142857142855,3.0594197530864196,3.4099842873176205,12.03,0.35714285714285715,0.42857142857142855,0.14285714285714285,2,1,0,1.5557048260381594,40.9,69.0,67.0,Orthodox,grappler,609,,,,,62.20347923681257,,,2024-10-19,0.6599387230790071,0.41557427975255523,10.937284120894365,0.2967126224857426,0.20725524181123392,2.8796483366498222,0.07186990368653844,25.528608666007123,-7.5087434239654804,1.3482111783153714,28.081236661736327,0.5520953850029344,0.39306009577539847,5.537381481588182
Tamires Vidal,Women's Bantamweight,wbwx,0.357,0.0,0.44915909090909084,0.495,0.534,0.195770202020202,0.5349090909090909,0.25,3.326568181818182,4.418340909090909,12.6,0.25,0.25,0.5,1,1,1,0.6926818181818182,27.9,68.0,66.0,Orthodox,balanced,609,,,,,43.46363636363636,,,2024-10-19,0.48582451275060157,0.340404988370535,2.77568039198799,0.0668867365004572,0.14486932233745908,6.093603545721551,0.1408987412757014,36.098827729750084,-9.266929744088054,0.6658750163775387,34.980916145792236,0.6099229395045684,0.0838676145988399,8.20390316111725
Cory McKenna,Women's Strawweight,wswx,0.667,0.455,1.849323076923077,0.449,0.366,0.04077382412908729,0.4079538461538461,0.6666666666666666,3.3285948717948712,4.202046153846153,13.07,0.16666666666666666,0.6666666666666666,0.16666666666666666,0,0,1,1.3359230769230768,26.9,58.0,63.0,Orthodox,wrestler,616,,,,,87.80358974358975,,,2024-10-12,0.762700771180193,0.342769323851947,3.2866954704796263,0.07586919000568662,0.29261703056063987,4.679492789025647,0.10197657384533765,37.79402840905702,-6.239301333282097,0.41199803348923947,34.032791908243006,0.5884377808201515,0.0538127025822854,4.222373365282948
Jared Gooden,Welterweight,wwx,0.65,0.455,1.0336580086580087,0.453,0.488,0.19793169955281134,0.42062337662337657,0.7142857142857143,4.2773073593073585,5.775376623376624,20.11,0.2857142857142857,0.7142857142857143,0.0,0,1,0,0.8137445887445888,32.5,77.0,72.0,Orthodox,striker,616,,,,,30.639826839826842,,,2024-10-12,0.5919902609705922,0.3931152284063959,3.4795081102403955,0.06559260771365766,0.10211079634903472,5.800082089194355,0.10351078566292146,48.753895398951904,-10.498881752906378,0.578293323284345,52.62864753441038,0.5589987678958196,0.0904598164943728,6.812994206313106
Jonathan Pearce,Featherweight,fwx,0.5,0.5,3.9402198912198916,0.549,0.533,0.08685558661028506,0.7903613053613052,0.3333333333333333,4.054042735042734,3.1874397824397827,19.05,0.3333333333333333,0.3333333333333333,0.3333333333333333,1,2,2,2.472437451437451,34.1,71.0,72.0,Switch,wrestler,616,,,,,102.26635586635585,,,2024-10-12,0.6775978916344164,0.44523648707883434,13.050814450793006,0.23683208726896204,0.3409076177665218,9.271415915523235,0.16668345211697444,32.850138314876254,-2.0226325951262925,0.7979280282747249,30.459849952687538,0.604180848017718,0.11346782491978241,4.037993792320478
Dan Argueta,Bantamweight,bwx,0.556,0.356,3.315604705882353,0.508,0.434,0.10112411202443941,1.0690917647058824,0.5,2.9791270588235292,3.594844705882353,11.93,0.0,0.5,0.16666666666666666,0,0,1,2.9660447058823527,32.9,68.0,67.0,Southpaw,grappler,616,,,,,93.26047058823531,,,2024-10-12,0.6586687707453817,0.36159893378609204,5.771043313604554,0.1483136307479002,0.31070270857073073,5.941306549333054,0.14639381443386007,30.197835333341317,-12.248372952325465,1.1221205415835378,34.65570053848873,0.5922590712538901,0.13531434957318442,3.330940216259118
Carla Esparza,Women's Strawweight,wswx,0.472,0.363,2.8814615384615387,0.544,0.395,0.020386912064543645,0.28467692307692305,0.6875,2.549897435897436,3.1567230769230767,10.47,0.125,0.6875,0.1875,2,1,1,2.5254615384615384,38.7,63.0,61.0,Orthodox,wrestler,623,,,,,75.73179487179488,,,2024-10-05,0.7144514308862637,0.3406672810882268,8.471858373537685,0.2603130585833975,0.25249858620230575,4.4767676711085675,0.12587629090474944,23.294886544954046,-6.7668847091942395,0.29025433589355587,31.749587443483204,0.6076766679823729,0.0269063512911427,10.504803703918068
Roosevelt Roberts,Lightweight,lwx,0.476,0.192,1.0095094339622643,0.536,0.414,0.08960960257264657,0.5708382749326145,0.4,3.086350404312668,3.46688948787062,12.0,0.2,0.4,0.3,1,0,2,1.2322398921832884,32.4,73.0,74.0,Orthodox,balanced,630,,,,,55.148517520215634,,,2024-09-28,0.6981989740768004,0.35962894642284804,5.161760864365633,0.1301517607366375,0.18373024516395517,3.258160381770073,0.07648059344037941,32.99143491227719,-1.2916228217758818,0.5971320520684363,23.707708709731453,0.6643977367718042,0.2952384080722803,6.508247061354737
Taylor Lapilus,Bantamweight,bwx,0.775,0.333,0.7643372549019608,0.628,0.481,0.25818313683196037,0.344243137254902,0.875,4.308439215686274,3.014870588235295,22.26,0.125,0.875,0.0,0,1,0,0.6792039215686275,34.2,73.0,66.0,Southpaw,striker,630,,,,,42.20039215686275,,,2024-09-28,0.6428152232934047,0.38597069333559,3.5352897178588676,0.06434626351896709,0.14048897211812103,10.994567051980445,0.17361262934665248,47.0170366908279,12.549544278859214,0.5829265382761365,21.936272187871044,0.7168865498012266,0.11276195797765369,3.0801313396362215
Yazmin Jauregui,Women's Strawweight,wswx,1.0,0.0,0.5774700854700855,0.548,0.394,0.37863758236565254,0.1579487179487179,0.4,5.457216524216524,4.828162393162393,28.2,0.2,0.4,0.4,1,1,1,0.784136752136752,27.3,64.0,63.0,Orthodox,striker,644,,,,,34.459544159544166,,,2024-09-14,0.6227464383145903,0.33478691475854117,5.751883856088473,0.08539268164701258,0.11487077469700727,7.299436432250719,0.10527430383838114,58.660031565618915,6.267442963019892,0.5244422594324882,38.71421323138112,0.6387985802721019,0.559791891758095,5.024859294758831
Trevor Peek,Lightweight,lwx,0.532,0.5,1.4553480083857444,0.463,0.518,0.3958029715232622,0.18019287211740043,0.8,4.095433962264151,3.699050314465409,20.38,0.2,0.8,0.0,0,1,0,1.0540398322851154,31.4,70.0,69.0,Switch,balanced,651,,,,,49.675471698113206,,,2024-09-07,0.6062530112872822,0.39677247048252434,4.427452187059605,0.08189658272253358,0.16553398331975447,8.01086242536639,0.13625709031193559,45.95370949724193,7.4596734127686535,0.5503617024849672,32.11675323101084,0.580160827912824,0.14179942842989635,4.556174305452912
Victoria Leonardo,Women's Flyweight,wflwx,0.714,0.182,1.006920987654321,0.468,0.346,0.04409404657585405,0.22062222222222222,0.2,3.235520987654321,4.7764246913580255,11.89,0.0,0.2,0.8,4,0,0,1.1172493827160492,36.3,64.0,65.0,Orthodox,balanced,665,,,,,60.48172839506172,,,2024-08-24,0.5194336306819037,0.2740068382865539,2.546102725418056,0.05902227880111699,0.20158630222985519,6.393278459375787,0.15320804358849138,34.15352169386738,-15.987985545560479,0.24510626318873976,37.28958738742077,0.5935291992016718,0.4245714783310477,3.439842028316488
Li Jingliang,Middleweight,mw,0.605,0.417,1.1206013986013987,0.566,0.424,0.6644519316849786,0.0696048951048951,0.3888888888888889,3.9813846153846155,3.5732325174825177,20.634,0.4444444444444444,0.3888888888888889,0.16666666666666666,1,8,2,0.9225244755244756,36.4,71.0,72.0,Orthodox,balanced,677,-2.0,,,,27.3256993006993,11.0,7.0,2024-08-17,0.5765208077805755,0.33704179316907346,5.284346078074363,0.09099084084514718,0.09118653438083503,3.3746738487667716,0.05923378307314589,51.059523609457344,8.508270970695115,0.7340505387646284,38.14425467171526,0.6221238300798995,0.5323347101432051,6.342477131736556
Alex Reyes,Lightweight,lwx,0.0,0.286,1.5264474393531,0.481,0.466,0.17921920514529313,0.23167654986522912,0.3333333333333333,4.26455795148248,5.335350404312669,17.8,0.0,0.3333333333333333,0.6666666666666666,2,0,0,1.2959083557951483,39.7,73.0,71.0,Orthodox,balanced,672,,,,,52.58274932614555,,,2024-08-17,0.5467839452490685,0.34936215774258766,3.6418890756700426,0.07237516661073073,0.17528361957961103,8.446933008438105,0.15771290030020899,42.191033089860504,-7.848551766000743,0.3779375735246281,39.66439701129964,0.6001930900116476,0.6965992651241523,3.734861469648249
Ricky Glenn,Welterweight,wwx,0.694,0.133,0.8616158730158731,0.512,0.428,0.31181657967206167,0.4033238095238095,0.7272727272727273,3.8636253968253964,4.244542857142857,17.52,0.09090909090909091,0.7272727272727273,0.18181818181818182,2,1,0,1.5340793650793652,37.2,70.0,72.0,Southpaw,balanced,672,,,,,52.84920634920635,,,2024-08-17,0.619988540943726,0.3662066601350243,11.410898540102215,0.21972315665929484,0.1762104687629547,7.957097235779563,0.15248506482470078,33.575078848120285,-8.488068841020233,0.6796373259640752,41.03878596967873,0.5801316167821378,0.3107816432069845,7.4332327883333145
Josh Culibao,Featherweight,fwx,0.656,0.0,0.5058215488215488,0.599,0.448,0.4577299157975057,0.3981414141414141,0.75,3.53262962962963,3.340976430976431,16.27,0.125,0.75,0.125,1,0,0,0.9040572390572391,32.1,73.0,70.0,Orthodox,striker,672,,,,,29.488552188552188,,,2024-08-17,0.6137803203386548,0.36754982913519635,3.640774666190032,0.07834242914018007,0.09831047214446031,3.4543209898232177,0.07071824013804982,42.35200390810159,8.976278803445718,0.8177713129276025,27.69912771987721,0.6614948894812859,0.21383256790552185,8.187890404200454
Herbert Burns,Featherweight,fwx,0.5,0.348,2.4867858585858587,0.414,0.36,0.2765486262297342,1.189169696969697,0.0,2.6251555555555557,4.618571717171717,6.45,0.3333333333333333,0.0,0.6666666666666666,4,1,0,1.721068686868687,38.4,73.0,69.0,Orthodox,grappler,672,,,,,48.226262626262624,,,2024-08-17,0.5705123069809392,0.31193007410837675,3.9871114176098574,0.1422759240169217,0.16082105142183725,3.927003369606043,0.14157760143971754,23.986041053358274,-7.883010890410591,1.1449619391494867,35.91168053657992,0.5280714806025246,0.8020536269411715,16.480013939585998
Pannie Kianzad,Women's Bantamweight,wbwx,0.656,0.333,0.5409515151515152,0.514,0.492,0.024410774410774407,0.1760181818181818,0.8181818181818182,4.577036363636364,4.169115151515152,23.77,0.0,0.8181818181818182,0.18181818181818182,0,0,2,0.529430303030303,34.5,66.0,67.0,Orthodox,striker,679,,,,,43.00727272727273,,,2024-08-10,0.6760702750965876,0.407781392575076,2.507029542393595,0.05007217812048695,0.14327104598738558,11.149921891051495,0.17202407960240412,52.53270812253338,5.050970803153038,0.188466675401354,39.12315527775586,0.5957577592157873,0.26472939445271465,3.5820816859292006
Karl Williams,Heavyweight,hwx,1.0,0.45,2.845156862745098,0.543,0.481,0.2611080726403278,0.27249999999999996,1.0,3.40271568627451,3.2734019607843137,14.75,0.0,1.0,0.0,0,0,0,2.089127450980392,36.5,79.0,75.0,Orthodox,wrestler,679,,,,,89.07843137254902,,,2024-08-10,0.6935110588428137,0.4179375497438001,7.6150500816998905,0.17382996134147227,0.2969857293639214,3.970163124802973,0.08271721047852162,35.384051430361694,-1.8739289561013839,0.5092922030468823,27.692123981315905,0.6254734817049148,0.1333588441604232,3.266547967388972
Jarno Errens,Featherweight,fwx,0.333,0.0,0.7587323232323233,0.619,0.445,0.44114032824171323,0.46471212121212113,0.75,3.538444444444444,3.6219646464646464,16.1,0.0,0.75,0.25,0,0,1,0.9330858585858586,31.6,73.0,71.0,Orthodox,striker,679,,,,,31.48282828282828,,,2024-08-10,0.5508623678045574,0.3537775351642066,2.7338892720123216,0.06164772192256059,0.10493540518638746,3.5042087574620995,0.07195056885414783,43.264369498516025,0.6053272960776692,0.8584751512095856,29.207782488906727,0.6608106306972021,0.3343852154946464,4.359108333573408
Tony Ferguson,Welterweight,wwx,0.661,0.35,0.5100442176870749,0.554,0.459,0.16684282062738576,0.8319591836734694,0.3333333333333333,4.785156462585034,4.327397959183673,22.58,0.4583333333333333,0.3333333333333333,0.20833333333333334,2,5,3,0.4575068027210885,42.4,76.0,71.0,Orthodox,grappler,686,,,,,14.629931972789114,,,2024-08-03,0.6044123162197036,0.3710561420032891,4.666384642985887,0.07327735926058943,0.04886876702591999,2.296359932942173,0.03851402394514123,58.80606019809511,8.099309367855385,0.9302738297890679,39.52319950554823,0.6216355206462536,0.2970389957051138,7.158978958775549
Denis Tiuliulin,Middleweight,mw,0.72,0.429,0.9797230769230769,0.38,0.412,0.4719938062479729,0.15313076923076924,0.16666666666666666,3.185046153846154,3.976711538461539,15.455,0.16666666666666666,0.16666666666666666,0.6666666666666666,2,1,2,0.8307538461538462,36.2,77.0,73.0,Orthodox,balanced,691,-4.0,,,,30.956538461538464,1.0,5.0,2024-08-03,0.6649915843763399,0.36415519050790957,3.387867358459829,0.07242015023479315,0.10320904526089696,5.75598978436007,0.12285499860572699,38.63073021131614,-7.607302755823295,0.6251107418232025,40.382105288860046,0.5171651496685022,0.28111418936604915,7.631498470308228
Lucie Pudilova,Women's Flyweight,wflwx,0.679,0.318,0.853685925925926,0.503,0.377,0.16839191181648017,0.5709066666666666,0.8181818181818182,3.6437792592592597,4.057788148148148,17.45,0.09090909090909091,0.8181818181818182,0.09090909090909091,0,1,1,0.783682962962963,32.0,67.0,68.0,Orthodox,balanced,700,,,,,62.94903703703704,,,2024-07-20,0.7070442888311713,0.3318592807617027,6.729812172885242,0.13179770227816529,0.20987810551154912,8.719838043367407,0.16733496429579814,36.91075100915198,-5.085264445615857,0.7148056933971147,32.00314311345605,0.6163472304890707,0.03252066477640641,6.8094249302515415
Loik Radzhabov,Lightweight,lwx,0.429,0.577,3.0951415094339625,0.463,0.444,0.29318044086576783,0.20271698113207548,0.5,3.5046132075471697,3.9540566037735854,12.73,0.25,0.5,0.25,1,1,0,1.7909198113207547,35.8,69.0,71.0,Orthodox,wrestler,700,,,,,54.68490566037736,,,2024-07-20,0.7426815379677342,0.40357567776716385,8.279834759393104,0.19840050192403627,0.1823504398594324,3.211520927837888,0.06380135598098145,35.06942668090066,-10.072028249796103,0.46705901319768595,31.699529203069005,0.5909804762625854,0.5686152660745425,3.4998219677604
Bill Algeo,Featherweight,fwx,0.538,0.562,1.2635613275613278,0.491,0.512,0.25208018756669326,0.26997835497835493,0.6,4.918396825396826,3.9761226551226554,24.96,0.2,0.6,0.2,2,1,0,0.7903347763347764,37.0,73.0,72.0,Switch,balanced,700,,,,,51.9044733044733,,,2024-07-20,0.5799182474411136,0.41038939580583966,6.962222441149898,0.10734265428541924,0.17291546963031662,6.802405004264057,0.10080763514073618,54.208211142009155,10.03161559775867,0.49055722926262035,33.40444713651813,0.5847461357953302,0.1053629802826551,4.976633333470518
Brian Kelleher,Bantamweight,bwx,0.6,0.417,1.6975260504201681,0.546,0.414,0.27583291048782826,0.6390436974789916,0.29411764705882354,3.389393837535014,4.447878431372549,13.81,0.29411764705882354,0.29411764705882354,0.4117647058823529,2,2,5,1.1994022408963585,39.8,66.0,66.0,Switch,balanced,700,,,,,62.75260504201682,,,2024-07-20,0.6447955122116158,0.35549793162899995,6.137401577906931,0.1456864179815343,0.20901021836701464,3.3158007377776446,0.07493981750211644,33.82010015873396,-13.437915691583555,0.8173788293254941,36.55539311356606,0.6182193872809595,0.29211397598723066,3.367412007742437
Mariya Agapova,Women's Flyweight,wflwx,0.467,1.0,0.969328888888889,0.544,0.56,0.36695736919099586,0.88316,0.0,4.5827688888888884,3.6039822222222226,18.36,0.3333333333333333,0.0,0.6666666666666666,1,0,3,0.5037244444444445,29.2,68.0,66.0,Southpaw,grappler,707,,,,,38.263555555555556,,,2024-07-13,0.6293298160545386,0.43536498605127616,7.518765180148978,0.14306175537182422,0.1274916450708427,7.82667788616548,0.145854297617724,38.65938164569277,8.447176645359205,1.038777455051684,26.81820440625445,0.6151953475220577,0.04878099716460962,8.326160855787869
Josh Fremd,Middleweight,mw,0.304,0.25,0.8489230769230769,0.471,0.445,0.1447210789752457,0.7531307692307692,0.5,2.7146461538461537,2.5169115384615384,11.533,0.16666666666666666,0.5,0.3333333333333333,1,0,1,0.9291538461538462,30.5,76.0,76.0,Orthodox,grappler,712,-2.0,,,,58.07653846153846,2.0,4.0,2024-07-13,0.5469092994392437,0.34842670998987896,3.6060491766416467,0.08592576057141335,0.19352419677604846,5.515989784360069,0.14231776637179294,31.594366574952506,4.010879062358524,0.8978380145504751,22.720287107041862,0.5880113035146561,0.23747782572968554,6.5514984703082275
Andrei Arlovski,Heavyweight,hwx,0.778,0.346,0.4038968456947997,0.568,0.456,0.3120004886056405,0.1927391304347826,0.4523809523809524,3.8650809889173066,3.334895993179881,16.68,0.2619047619047619,0.4523809523809524,0.2619047619047619,8,9,3,0.3236743393009378,47.4,77.0,75.0,Orthodox,striker,721,,,,,22.739727195225917,,,2024-06-29,0.5598077716761286,0.35161843392598874,1.6875144306846492,0.03526559809720882,0.0757193589842162,6.045383060606468,0.12097270286093566,42.288073017637274,10.250071852028135,0.4775885753582679,27.41052957112131,0.6473373134381692,0.3115223619134832,5.1596284794543745
Yanis Ghemmouri,Bantamweight,bw,0.0,0.0,1.024,0.356,0.387,0.23866760186772937,0.27749999999999997,0.0,3.4293333333333336,4.0455,7.25,0.0,0.0,1.0,2,0,0,1.1953333333333334,31.4,69.0,69.0,Orthodox,balanced,721,,,,,43.699999999999996,0.0,2.0,2024-06-29,0.42098446832317316,0.2554222095087998,4.119879823239331,0.07500793146039486,0.14868264023156924,3.870561435435027,0.09917287120531822,36.39782813834313,-3.529226630916508,0.49835181656214206,26.218874113793614,0.584214685896861,0.41137704912887535,5.343003332583202
Michelle Waterson-Gomez,Women's Strawweight,wswx,0.703,0.302,1.3045910931174087,0.48,0.458,0.021459907436361732,0.5090283400809716,0.6666666666666666,3.6589446693657224,4.4893927125506075,16.96,0.13333333333333333,0.6666666666666666,0.2,1,0,2,1.3214331983805667,40.5,62.0,63.0,Orthodox,balanced,721,,,,,52.4808367071525,,,2024-06-29,0.5011901109161224,0.33684173995498085,5.439679538238704,0.10805475835216259,0.17491590471917737,8.84321130772517,0.17244408620960097,37.58266941437784,-3.9476872005832546,0.5024245942849543,35.59346027207298,0.5928251334860332,0.07980988923095113,8.122759437105442
Kyung Ho Kang,Bantamweight,bwx,0.683,0.5,1.922224836601307,0.544,0.477,0.3154393214950589,0.7096065359477124,0.6428571428571429,3.2676261437908494,3.4293581699346407,15.25,0.2857142857142857,0.6428571428571429,0.0,0,0,0,1.330802614379085,38.8,73.0,69.0,Orthodox,grappler,728,,,,,88.56692810457517,,,2024-06-22,0.7333147835516038,0.4154735339006594,8.46354258163216,0.18475739314541137,0.2950817516750973,2.7914666014813263,0.058048472185361924,35.67842703704147,-2.410207195736369,0.9993262268056691,29.162426225086328,0.6372911667044242,0.13998945346658392,7.600522342366176
Brady Hiestand,Bantamweight,bwx,0.429,0.462,3.279005882352941,0.512,0.508,0.12640514003054926,0.780864705882353,0.5,3.2196588235294117,3.7878058823529415,12.67,0.5,0.5,0.0,0,1,0,2.382805882352941,27.1,71.0,68.0,Orthodox,grappler,735,,,,,94.90058823529412,,,2024-06-15,0.676393887571686,0.4117700218486634,3.9388041420056923,0.09168798080476642,0.31629505238008004,4.676633186666317,0.1033465755989261,35.92229416667664,-1.9854661904068305,0.8526506769794222,37.71962567311091,0.586282485683904,0.5441429369664805,7.538675270323898
Shayilan Nuerdanbieke,Featherweight,fwx,0.286,0.35,2.5893858585858585,0.504,0.459,0.4729122625933706,0.3905696969696969,0.5,2.683355555555555,3.1659717171717174,8.27,0.16666666666666666,0.5,0.3333333333333333,1,1,1,2.0666686868686868,32.1,69.0,68.0,Orthodox,wrestler,735,,,,,96.10626262626263,,,2024-06-15,0.7477726431917526,0.4132661006557726,6.987111417609857,0.24286656463482265,0.32034832414910996,3.04336700596968,0.08371753783226639,25.131495598812823,-8.395738163137866,0.8067801209676686,25.406225991125382,0.6053118788955546,0.26750817239571717,4.207286666858726
Josh Quinlan,Welterweight,wwx,0.667,0.111,0.7966547619047618,0.537,0.407,0.2763227535517823,0.25985714285714284,0.5,3.701547619047619,5.2638928571428565,14.5,0.25,0.5,0.25,1,1,0,1.0342738095238095,33.4,72.0,72.0,Orthodox,striker,735,,,,,29.654761904761905,,,2024-06-15,0.5722619946223332,0.337164539803764,2.7509903182472106,0.05841235418124594,0.09885141905399682,3.6084462059755715,0.07187581571231241,42.3949395068922,-18.915129076912937,0.5076533195159744,47.6727236931476,0.6004500334990284,0.2743822476797626,4.29286703368052
Montana De La Rosa,Women's Flyweight,wflwx,0.684,0.333,1.7049555555555558,0.453,0.372,0.09738354636020821,0.7391,0.5833333333333334,3.117355555555555,3.549988888888889,13.68,0.3333333333333333,0.5833333333333334,0.08333333333333333,0,1,1,1.5530777777777778,31.3,68.0,67.0,Orthodox,grappler,742,,,,,84.92722222222221,,,2024-06-08,0.6861926145782675,0.31858618267881833,6.27290858949927,0.15002797222414707,0.28305104649772245,5.567993326947267,0.12735943106058245,32.02721616785417,-3.0013063855068016,0.791098079495279,30.063430539832787,0.5727928308211339,0.03048812322788101,3.9039971624334013
Miguel Baeza,Welterweight,wwx,0.444,0.286,0.7345670995670995,0.493,0.478,0.4498256389467508,1.4528051948051948,0.2857142857142857,4.080670995670996,5.247831168831169,17.38,0.42857142857142855,0.2857142857142857,0.2857142857142857,2,2,0,0.7036536796536796,33.8,74.0,74.0,Orthodox,grappler,742,,,,,26.439826839826843,,,2024-06-08,0.4959248732004466,0.33948039144645764,3.9302656859979717,0.07866943906625513,0.0881608805241189,3.122051786164052,0.06099211350873122,45.75768327773978,3.408315216790591,1.6919296869207088,49.47334450410735,0.5649908745915192,0.32909618013073644,20.13685784267674
Vinicius Salvador,Bantamweight,bwx,0.864,0.125,1.1991495798319327,0.417,0.423,0.14446301717777058,0.28270252100840343,0.6666666666666666,4.12175294117647,4.890349579831933,21.71,0.0,0.6666666666666666,0.3333333333333333,1,0,0,1.3559210084033615,29.9,70.0,67.0,Southpaw,striker,763,,,,,33.67210084033614,,,2024-05-18,0.5944501572247839,0.3418396013877811,3.6647557541289544,0.0747110758069511,0.1121603319717922,4.263090988843138,0.07957653752659223,49.17649945579371,-6.207879727811887,0.4030293451193396,36.822429340698186,0.5883746369386639,0.3769796830637328,7.636037043635475
Kleydson Rodrigues,Bantamweight,bwx,0.444,0.25,1.3030058823529411,0.52,0.533,0.31390514003054926,0.460364705882353,0.5,3.8401588235294115,3.245305882352942,17.38,0.25,0.5,0.25,0,1,1,1.2578058823529412,30.7,67.0,65.0,Orthodox,balanced,763,,,,,44.20058823529412,,,2024-05-18,0.5417857845803947,0.37804495765747237,3.8763041420056923,0.08068362639355856,0.1471283857134134,5.176633186666317,0.10045941164587802,42.54729416667664,10.45203380959317,0.7276506769794222,27.34462567311091,0.607169493413017,0.16914293696648053,7.351175270323898
Emily Ducote,Women's Strawweight,wswx,0.941,0.143,0.6885811965811965,0.579,0.521,0.04530424903231921,0.1579487179487179,1.0,5.908327635327636,6.2664957264957275,37.27,0.0,1.0,0.0,0,0,0,0.7658034188034187,32.5,63.0,62.0,Orthodox,striker,763,,,,,26.51509971509972,,,2024-05-18,0.5900696020751613,0.3833390621020907,2.2518838560884737,0.043062927540910116,0.08838929321552577,4.5772142100284965,0.06798422572692747,79.99336489895225,3.4896651852421154,0.19110892609915492,58.32532434249223,0.6481354398474062,0.059791891758094885,2.691525961425498
Alex Caceres,Featherweight,fwx,0.649,0.684,0.6558781937017232,0.628,0.5,0.20509642559086913,0.6599910873440286,0.5666666666666667,4.159633986928105,3.1919328579916817,19.73,0.2,0.5666666666666667,0.2,1,2,5,0.3551378490790255,38.0,73.0,70.0,Southpaw,striker,770,,,,,36.31360665478312,,,2024-05-11,0.6251823268032901,0.4116982014227501,3.565345986080821,0.0638799348798156,0.12108946126616296,4.977766460884895,0.08616677767246496,49.64142536710691,11.893079302667626,0.818036933974448,25.633305581805402,0.7111012187712931,0.21527169317979458,3.73323557428618
Liang Na,Women's Flyweight,wflwx,0.25,0.583,2.442911111111111,0.368,0.423,0.0496058023978358,0.5057,0.0,2.8817111111111116,3.986977777777778,7.25,0.0,0.0,1.0,3,0,1,1.2431555555555556,29.9,67.0,65.0,Orthodox,wrestler,784,,,,,56.00444444444444,,,2024-04-27,0.579851071706958,0.3275057592713298,2.614365566095313,0.06611807847562012,0.18659940482340187,5.31743826679776,0.15342575867288907,29.131045238934146,2.701016261244461,0.46324454608733223,36.8466191441817,0.49960543275093783,0.24847624645576202,17.70315561518938
Rani Yahya,Bantamweight,bwx,0.31,0.311,2.519401882352941,0.504,0.392,0.04044964480977576,1.334956705882353,0.5238095238095238,2.1986908235294114,2.380657882352941,8.63,0.3333333333333333,0.5238095238095238,0.09523809523809523,2,0,0,2.416417882352941,41.8,67.0,66.0,Orthodox,grappler,784,,,,,96.41618823529411,,,2024-04-27,0.5548240344535615,0.294790215136159,4.822770266618292,0.17239757012546783,0.32129284813417464,2.072993207968516,0.0622431529954841,23.017487074512996,1.039944936716873,1.2493188048687092,22.070280215395492,0.5776703554454982,0.3505963280645679,8.65943491003306
Gabriel Benitez,Lightweight,lwx,0.558,0.5,0.4954280039721947,0.639,0.417,0.36208075979037113,0.7666703078450844,0.3333333333333333,5.01625819265144,4.421392254220457,22.84,0.3333333333333333,0.3333333333333333,0.3333333333333333,4,3,1,0.3550714995034757,38.0,71.0,68.0,Southpaw,striker,784,,,,,18.977855014895727,,,2024-04-27,0.5815332939556193,0.3208936501753205,5.243722291036332,0.08320997034407855,0.06318014931880407,2.5288042662666705,0.04136852708142576,57.89735429626439,9.276191454631304,1.0273980534038103,38.55201468837355,0.6916261598313265,0.3632207818878456,4.961198962501987
Germaine de Randamie,Women's Bantamweight,wbwx,0.661,0.0,0.25666233766233765,0.647,0.48,0.18488455988455987,0.36837662337662336,0.5,2.903896103896104,2.835909090909091,11.74,0.4,0.5,0.1,1,3,0,0.2793896103896104,42.2,71.0,69.0,Orthodox,balanced,805,,,,,33.32207792207792,,,2024-04-06,0.5135632765836825,0.33726809518493617,2.4591189541518674,0.06300693189841358,0.11105054750853041,11.647138534063108,0.3146530687215615,25.948536480492113,1.5204845906798412,0.5201825490411333,21.43988859124636,0.7218680346066783,0.047924351199337085,8.77683355238446
Christos Giagos,Lightweight,lwx,0.522,0.367,2.549507337526206,0.508,0.418,0.15611611064292263,0.3910964360587002,0.35714285714285715,3.2754947589098533,3.416358490566038,13.07,0.21428571428571427,0.35714285714285715,0.42857142857142855,2,1,4,1.9988532494758913,36.4,71.0,70.0,Orthodox,wrestler,805,,,,,71.48218029350106,,,2024-04-06,0.6507785566470203,0.3480250033449913,5.7236976035013125,0.13864339947916607,0.23839218950729726,4.728128268713584,0.11234374758379517,32.26317953494575,0.8984027082836614,0.4926547353830344,27.16948772661653,0.6030893965155675,0.24373922038778761,6.005532546838516
Julio Arce,Featherweight,fwx,0.962,0.286,0.784989898989899,0.684,0.349,0.3187468542333599,0.4414069264069264,0.5,4.024111111111112,3.3225512265512265,18.63,0.4,0.5,0.1,1,3,0,0.7039062049062049,36.6,70.0,67.0,Southpaw,striker,812,,,,,27.690187590187588,,,2024-03-30,0.6907709881397787,0.3223712534154272,2.1177779967054535,0.04516762752291733,0.09225233030051064,4.259547861406914,0.07981409091160548,48.03043336423138,11.730028296171367,0.7096048483102394,23.690161422232418,0.7400899022387117,0.42282329774297256,3.703617460454646
Anton Turkalj,Light Heavyweight,lhwx,0.167,0.217,1.7259074074074072,0.537,0.408,0.13955135206500474,0.15603703703703703,0.25,3.3303333333333334,4.251037037037038,12.12,0.0,0.25,0.75,2,0,1,1.9667037037037036,30.0,78.0,76.0,Orthodox,wrestler,812,,,,,41.40370370370371,,,2024-03-30,0.5999130978905253,0.36701238205678444,3.546317958189935,0.08783307685895836,0.1405426741953111,5.265628724593657,0.12923286556801553,31.947759088053985,-5.474710053560108,0.22758222689569235,36.36352846294237,0.5741997431301116,0.6549799325602883,8.548286988275677
AJ Dobson,Middleweight,mwx,0.65,0.833,1.5624571428571428,0.461,0.445,0.10676959755630311,0.2071,0.75,3.7142714285714287,4.809157142857143,19.2,0.0,0.75,0.25,1,0,0,0.8708857142857143,34.4,76.0,73.0,Orthodox,balanced,819,,,,,49.58714285714286,,,2024-03-23,0.586524628978193,0.35503796240874347,3.8309244850630115,0.08241772973305077,0.16528997785182242,5.846824277264205,0.1252908061736759,41.58785363098573,-7.517715217769683,0.27237565027884975,36.94406688660238,0.5848599564318949,0.3539407268490652,12.06308278485339
Natan Levy,Lightweight,lwx,0.375,0.559,3.5271415094339624,0.59,0.519,0.15681680450213148,0.20271698113207548,0.75,4.12761320754717,3.921056603773585,19.45,0.0,0.75,0.25,0,0,1,2.154419811320755,34.7,71.0,69.0,Southpaw,wrestler,826,,,,,51.78490566037736,,,2024-03-16,0.5781288009850907,0.381906415239042,4.4616529412112875,0.08481572221776122,0.17265347016246269,3.620611836928797,0.06587078188218305,48.56942668090066,4.518880841112986,0.3306953768340496,32.92680193034173,0.6500484266549849,0.29588799334726973,3.9089128768513093
Philipe Lins,Light Heavyweight,lhwx,1.0,0.333,1.4691259259259257,0.465,0.491,0.24021251022343235,0.12482962962962962,0.6666666666666666,3.7720666666666665,3.7954296296296297,17.21,0.16666666666666666,0.6666666666666666,0.16666666666666666,1,1,0,1.3233629629629629,40.8,78.0,74.0,Orthodox,balanced,833,,,,,68.58296296296297,,,2024-03-09,0.5917925649788017,0.39735132623601016,3.094197223694805,0.06793083245007894,0.2306246155467251,6.119645836817782,0.12446684171222992,39.82963584187176,3.0773748142947706,0.31063721008798245,24.226537056068185,0.6178957570519685,0.35255537461965913,2.895772447763398
Joanne Wood,Women's Flyweight,wflwx,0.588,0.559,1.4778708994708996,0.515,0.515,0.20571063534569572,0.3544095238095238,0.5882352941176471,6.469413756613757,4.7264201058201065,34.08,0.11764705882352941,0.5882352941176471,0.29411764705882354,0,1,5,0.8937735449735451,40.5,65.0,66.0,Orthodox,balanced,833,,,,,54.25883597883597,,,2024-03-09,0.4697055099482962,0.36903616657151,4.52708431821946,0.05455792273192185,0.18098780745409204,15.260123002736144,0.1620506267538151,72.94735789322034,21.920899967653572,0.5409429772640387,41.03497579119011,0.6059977619820766,0.14777117081098626,5.799004336921962
Josh Parisian,Heavyweight,hwx,0.417,0.333,1.1054777183600712,0.418,0.478,0.09898768919296569,0.10727272727272727,0.42857142857142855,4.180975044563279,4.512474153297682,19.38,0.14285714285714285,0.42857142857142855,0.42857142857142855,2,1,1,0.9042745098039215,37.0,79.0,76.0,Orthodox,striker,833,,,,,40.87522281639929,,,2024-03-09,0.6088450625273648,0.3892273019460996,4.140490968509011,0.08324867013014674,0.1363052779212358,10.48398227258398,0.18741910086924773,40.43271922208123,-1.3742210589828245,0.1885761476704598,42.56018107732066,0.5233087536917039,0.33562461393485327,5.983625794464706
Maryna Moroz,Women's Flyweight,wflwx,0.429,0.241,0.8454555555555555,0.519,0.336,0.0248029011989179,0.5740999999999999,0.75,4.254355555555556,4.6734888888888895,21.35,0.16666666666666666,0.75,0.08333333333333333,0,0,1,0.9478277777777778,34.8,67.0,67.0,Orthodox,striker,833,,,,,59.277222222222214,,,2024-03-09,0.6221606645127143,0.2798527570866453,5.837424718531528,0.09807883296632344,0.19756717552998052,5.930896552753718,0.09931940084910211,49.373990361402555,-4.380338643571317,0.573356144011408,38.845688604348915,0.624130855580241,0.17564941355046165,3.9039971624334013
Katlyn Cerminara,Women's Flyweight,wflwx,0.5,0.156,0.4959185185185186,0.623,0.349,0.06846013074825232,0.3463142857142857,0.8823529411764706,4.427794708994709,4.395324867724868,22.53,0.0,0.8823529411764706,0.11764705882352941,2,0,0,0.7164878306878307,37.5,68.0,69.0,Orthodox,striker,833,,,,,29.56835978835979,,,2024-03-09,0.6122252791672017,0.28248607644999124,3.727727212739905,0.06114902549291371,0.09846805962822176,5.57379572457213,0.08866791710896,55.3920016848029,0.7068011413098431,0.40242163466106334,34.44059738048516,0.7138443777546633,0.07279172848460516,3.2979951420352167
Jamie Pickett,Middleweight,mw,0.75,0.368,1.10301775147929,0.482,0.452,0.215170060750189,0.11779289940828402,0.5555555555555556,2.6918816568047337,3.4591627218934913,12.05,0.0,0.5555555555555556,0.4444444444444444,2,0,2,1.0031952662721895,35.5,80.0,74.0,Orthodox,balanced,845,-5.0,,,,36.96656804733728,2.0,7.0,2024-03-02,0.587279720844495,0.361298778787681,1.8508070589551129,0.039418215112736806,0.12322374110978086,7.058453680276977,0.184152931654994,31.468743519194234,-2.3839391828011363,0.3329523188849809,32.073297774647585,0.5863982975501888,0.5057521736382196,4.416537284852483
Claudio Ribeiro,Middleweight,mw,0.667,0.5,0.7986538461538462,0.296,0.514,0.3684013487190571,0.19141346153846153,0.0,2.813057692307692,3.253639423076923,11.5,0.25,0.0,0.75,3,1,0,0.6864423076923077,31.6,77.0,73.0,Orthodox,balanced,845,-2.0,,,,42.12067307692308,1.0,3.0,2024-03-02,0.6401269485011154,0.4100277542580831,7.882561470802059,0.20535894738428426,0.14048857930339392,3.8199872304500864,0.08911862037992088,30.492958218690628,-3.611401172051846,0.5597975181880939,29.75035888380233,0.5035141293933201,0.521847282162107,7.101873087885284
Denys Bondar,Flyweight,flwx,0.625,0.583,2.37667619047619,0.565,0.508,0.11378684807256235,0.26899047619047617,0.3333333333333333,4.024904761904763,4.5327714285714285,20.17,0.0,0.3333333333333333,0.6666666666666666,1,0,1,1.5755809523809525,34.0,69.0,66.0,Orthodox,wrestler,847,,,,,40.320952380952384,,,2024-02-24,0.5629847449785038,0.35439395929078155,4.141504844361987,0.0859860572334454,0.1343210338162719,3.7230740687883546,0.0716031018073494,45.289300857872284,0.30211344211344227,0.36999096141953286,42.812318475175616,0.6181445298181371,0.2652537938252224,7.424839287696431
Mateus Mendonca,Flyweight,flwx,0.556,0.273,1.7805333333333333,0.289,0.37,0.11378684807256235,0.4545619047619048,0.6666666666666666,2.673619047619048,4.087057142857143,7.14,0.0,0.6666666666666666,0.3333333333333333,1,0,0,2.065438095238095,27.4,71.0,66.0,Orthodox,wrestler,847,,,,,68.43523809523809,,,2024-02-24,0.6554995029478073,0.33426807290722643,4.661913007627293,0.15547838308940762,0.22806253041491137,2.6822577422577423,0.08761254690770359,29.06481106195392,-9.00400900686615,0.5536644308072879,37.455175618032754,0.501795461856166,0.2652537938252224,13.241165818308675
Val Woodburn,Middleweight,mw,0.5,1.0,1.314871794871795,0.364,0.357,0.49120179829207616,0.25521794871794873,0.5,2.634076923076923,3.4381858974358974,6.25,0.0,0.5,0.5,1,0,0,0.9152564102564104,30.5,74.0,68.0,Orthodox,balanced,859,-2.0,,,,42.360897435897435,0.0,2.0,2024-02-17,0.7059663661174292,0.37310505124099325,4.760081961069411,0.12540613274426307,0.14120699462674743,4.8433163072667815,0.14201323297032928,29.907277624920837,-4.815201562735795,0.7463966909174585,37.41714517840311,0.5326603486250557,0.44579637621614254,12.469164117180378
Fernie Garcia,Featherweight,fwx,0.444,0.5,0.9022323232323233,0.495,0.339,0.14114032824171321,0.5987121212121211,0.75,2.839444444444444,3.8039646464646464,9.0,0.0,0.75,0.25,1,0,0,0.6740858585858586,34.2,67.0,67.0,Orthodox,balanced,861,,,,,31.682828282828282,,,2024-02-10,0.6551662764562922,0.33045764269108835,3.1429801811032307,0.07679923707407574,0.10564752639850866,2.590572393825736,0.055261943469870276,33.11891495306148,-8.081036340285966,0.6812024239368584,31.32141885254309,0.5978867937989727,0.3207488518582828,7.645471969937044
Blake Bilder,Featherweight,fwx,0.714,0.077,1.009836940836941,0.535,0.481,0.16130323227624369,0.35567099567099564,1.0,3.8277936507936507,4.047102453102453,19.44,0.0,1.0,0.0,0,0,0,1.2852409812409813,35.9,68.0,68.0,Switch,striker,868,,,,,56.85180375180375,,,2024-02-03,0.5791222091679415,0.37273482247412015,3.410159168014082,0.07535249852374272,0.18951347894317294,4.661952865670971,0.08922123574458067,45.9021365697326,-0.07962594733980666,0.46682874423952647,32.951751415893405,0.6269102129986078,0.2107259605653102,5.867552381226752
Makhmud Muradov,Middleweight,mw,0.778,0.667,2.1416573426573424,0.61,0.439,0.44974643543204157,0.2454825174825175,0.42857142857142855,3.5640419580419587,2.6110104895104893,18.5,0.2857142857142857,0.42857142857142855,0.14285714285714285,0,2,1,1.2565944055944056,34.0,75.0,74.0,Orthodox,wrestler,873,1.0,,,,41.50594405594406,4.0,2.0,2024-02-03,0.6508547091189254,0.37573900541143873,3.460044706037861,0.06951718624707552,0.13840246844960635,3.975142228206123,0.07740716338376137,46.0251817348053,12.676556723356232,0.695004255651947,25.485109491250174,0.6540375047322521,0.1067980233906232,2.983180427552934
Phil Hawes,Middleweight,mw,0.909,0.421,1.6381025641025644,0.559,0.607,0.42829320683834576,0.28160897435897436,0.25,4.298705128205128,3.0774262820512823,23.923,0.25,0.25,0.5,4,2,0,1.3489615384615385,35.0,77.0,72.0,Orthodox,grappler,894,-3.0,,,,72.48044871794872,4.0,4.0,2024-01-13,0.6459949729836878,0.4871860458491685,7.081964057457783,0.11344261621135983,0.2415009332108096,8.258196615171853,0.12770543749266733,49.13633112015273,13.573168449401335,0.7097368069971908,32.487418743047705,0.6115134846361971,0.7132828034926867,3.0903512893594205
Stephanie Egger,Women's Bantamweight,wbwx,0.5,0.429,1.904206611570248,0.521,0.465,0.03328741965105601,0.48766115702479335,0.2857142857142857,2.762322314049587,3.168702479338843,9.23,0.42857142857142855,0.2857142857142857,0.2857142857142857,0,1,2,1.3496776859504132,37.9,68.0,66.0,Orthodox,grappler,924,,,,,66.30991735537191,,,2023-12-09,0.6476992127363682,0.3762683504173747,6.424271054312944,0.20773580836396885,0.22100985680486532,6.282061319965325,0.18403746840253035,23.874671915342716,-9.420704149546559,0.45070630561723096,21.626680273862892,0.6587681802548331,0.06099462879915629,4.493747753539818
Shannon Ross,Flyweight,flwx,1.0,0.0,0.6679619047619046,0.557,0.41,0.11378684807256235,0.26899047619047617,0.0,4.146190476190476,5.078771428571429,12.5,0.0,0.0,1.0,3,0,0,0.7184380952380953,37.1,66.0,66.0,Switch,striker,924,,,,,23.30666666666667,,,2023-12-09,0.5697852172335215,0.31645731223932294,2.6415048443619864,0.06119266880369333,0.07765436714960525,1.9016454973597832,0.04475540405056073,38.753586572158,-1.1978865578865576,0.36999096141953286,32.95517561803276,0.6330368727585939,1.5509680795395082,5.710553573410716
Wellington Turman,Welterweight,wwx,0.429,0.208,1.4585567765567764,0.452,0.512,0.07773707910878912,0.6971428571428571,0.5555555555555556,3.485875457875458,4.143472527472527,14.86,0.1111111111111111,0.5555555555555556,0.3333333333333333,2,0,1,1.9421684981684986,29.9,72.0,72.0,Orthodox,balanced,931,,,,,72.01062271062271,,,2023-12-02,0.5990751225833416,0.4135778572977796,3.881928107932349,0.08495647015111972,0.24013567179879655,7.079922939941012,0.15315291985071094,36.51336936687871,-2.0137058055727968,0.7145998449768634,37.67112666831061,0.5523575961937646,0.17544402055018354,10.501104987759438
Mark Madsen,Lightweight,lwx,0.625,0.667,2.3321132075471698,0.525,0.494,0.12545344360170518,0.1621735849056604,0.5,3.7804905660377357,4.041045283018868,16.0,0.16666666666666666,0.5,0.3333333333333333,1,1,1,1.2587358490566039,41.7,72.0,68.0,Orthodox,wrestler,952,,,,,62.48792452830188,,,2023-11-11,0.698609516088473,0.4071217486332109,6.997893781540458,0.14372040153922902,0.2082699622771563,7.789995963049532,0.15746965621335657,35.988008877188065,-7.422557664771948,0.2645563014672397,30.74793505076689,0.6380156867397409,0.38476234272976384,4.311545885896632
Marc Diakiese,Lightweight,lwx,0.667,0.44,2.926217477656405,0.528,0.404,0.1874856180899663,0.0853545183714002,0.6666666666666666,2.874416087388282,2.954550148957299,11.87,0.13333333333333333,0.6666666666666666,0.2,0,2,3,2.098229394240318,33.3,73.0,70.0,Orthodox,wrestler,959,,,,,81.89890764647468,,,2023-11-04,0.4937437586909078,0.29226011216389886,3.190331602777222,0.07945449282850343,0.2729452471595598,3.9160765334731487,0.09928452163683865,32.577263203146984,-1.0818551040731486,0.26069764854551075,20.800243433312822,0.6610041039228179,0.12789689524816952,3.3727627276841727
Mike Breeden,Lightweight,lwx,0.64,0.5,1.5031415094339624,0.412,0.499,0.3443168045021315,0.20271698113207548,0.25,5.35961320754717,6.058056603773585,25.38,0.25,0.25,0.5,2,1,0,0.9839198113207548,37.2,70.0,70.0,Orthodox,striker,973,,,,,32.884905660377356,,,2023-10-21,0.6663268581647785,0.4031097854208,3.524152941211287,0.06650395019989833,0.10962316713215967,5.666066382383343,0.08892450869034105,56.34215395362794,-4.42998279525065,0.5181953768340496,49.06884738488719,0.5488227999140377,0.3470243569836334,4.880503785942219
Jinh Yu Frey,Women's Strawweight,wswx,0.903,0.368,1.111102564102564,0.522,0.432,0.03397818677423941,0.3124615384615384,0.75,3.308495726495727,4.255871794871795,13.95,0.0,0.75,0.25,1,0,1,0.9557692307692308,41.1,65.0,63.0,Southpaw,balanced,973,,,,,56.88632478632479,,,2023-10-21,0.5957204735792753,0.34101947228433366,2.711640164793628,0.06046279694074452,0.18962530324497764,5.372304596915311,0.11723800662298157,38.35866003785055,-6.844872323189624,0.325149876392548,33.29702355989948,0.6340513565918222,0.22666210063675296,3.473189925614578
Abu Azaitar,Middleweight,mwx,0.429,0.375,1.3495224489795918,0.514,0.435,0.12202239720720355,0.2366857142857143,0.6666666666666666,3.90945306122449,4.141036734693877,21.89,0.0,0.6666666666666666,0.3333333333333333,1,0,0,1.0334408163265307,40.3,76.0,69.0,Orthodox,striker,973,,,,,49.15673469387756,,,2023-10-21,0.5731873207176447,0.3522580421191276,6.035342268643441,0.11686814749283636,0.16385521278303514,8.45351345973052,0.16358470669304803,39.3289755782694,-0.5059602488796376,0.31128645746154254,40.76464787040272,0.5508090324515559,0.3759322592560745,11.157808896975306
Ashley Yoder,Women's Strawweight,wswx,0.667,0.279,1.146548717948718,0.47,0.392,0.09384921608605819,0.49443589743589744,1.0,3.5671965811965816,4.173030769230769,17.09,0.0,1.0,0.0,0,0,0,1.259348717948718,38.7,69.0,67.0,Southpaw,balanced,980,,,,,72.6557264957265,,,2023-10-14,0.6388960899391088,0.3282125651978733,7.351130313653084,0.14497083357449594,0.24214468704042658,4.879661859350431,0.09366103620373792,40.19601893937135,-5.572867555521397,0.5813320223261597,33.72852793882867,0.5979457573894352,0.035875135054856934,4.748248910188632
Jennifer Maia,Women's Flyweight,wflwx,0.585,0.278,0.6339555555555556,0.557,0.386,0.0248029011989179,0.1871,0.9166666666666666,4.206355555555556,4.395988888888889,21.69,0.08333333333333333,0.9166666666666666,0.0,0,0,0,0.6215777777777778,37.7,64.0,64.0,Orthodox,striker,980,,,,,44.05222222222222,,,2023-10-14,0.6945681249302594,0.32760281068870367,1.4946827830476566,0.030200193372650456,0.14677192463392316,8.658719133398879,0.14020354117581935,51.753022619467075,-4.180741869377769,0.20037227304366612,39.07955957209085,0.6488256391540478,0.03048812322788101,3.7265778075946914
TJ Brown,Featherweight,fwx,0.32,0.553,2.577821548821549,0.493,0.442,0.09409355216114214,1.0954747474747475,0.5,3.5099629629629625,3.3816430976430976,15.55,0.125,0.5,0.375,0,0,3,1.5400572390572391,36.1,72.0,69.0,Switch,grappler,980,,,,,74.28855218855217,,,2023-10-14,0.6873534524239893,0.38396167801339365,4.549865575280942,0.09957801344544975,0.24760340143738965,5.454320989823217,0.11534563730881658,37.98836754446523,1.8853697125366278,1.0904985856548752,29.153673174422664,0.5902266515463812,0.3956507497237037,6.460617676927726
Johnny Munoz,Bantamweight,bwx,0.455,0.256,2.142604705882353,0.555,0.367,0.10112411202443941,1.2454917647058823,0.6666666666666666,2.9611270588235294,3.126844705882353,11.2,0.16666666666666666,0.6666666666666666,0.16666666666666666,1,0,0,2.326444705882353,33.3,71.0,69.0,Orthodox,grappler,987,,,,,71.1804705882353,,,2023-10-07,0.5749496965235142,0.30262764192006336,4.091043313604554,0.10511730193704623,0.23723604190406408,5.461306549333054,0.13869229807312583,31.037835333341313,2.5116270476745357,1.242120541583538,26.735700538488732,0.6360983569681758,0.37531434957318444,8.730940216259118
Kanako Murata,Women's Strawweight,wswx,1.0,0.562,2.1888901098901097,0.534,0.57,0.05824832018441041,0.5245054945054944,0.6666666666666666,3.1942783882783883,3.4854945054945055,10.75,0.0,0.6666666666666666,0.3333333333333333,1,0,0,1.508175824175824,32.9,62.0,61.0,Orthodox,wrestler,987,,,,,102.2051282051282,,,2023-10-07,0.6837823071914482,0.42745848107881834,10.18099352925661,0.29073590300493707,0.3407267103247236,4.40284684146521,0.09188056213446771,31.009326298652894,-5.4954304761172805,0.5671400478417706,32.15041701177572,0.6074872196804318,0.07687528940326485,5.871247664689926
AJ Fletcher,Welterweight,wwx,0.333,0.333,1.2741547619047617,0.457,0.489,0.12632275355178232,0.7473571428571428,0.5,3.690547619047619,4.425392857142857,15.3,0.25,0.5,0.25,0,0,1,1.1842738095238095,29.3,67.0,70.0,Switch,balanced,1001,,,,,57.50476190476191,,,2023-09-23,0.6633145075815399,0.41193556639849205,3.950990318247211,0.08419554101919952,0.19168475238733013,5.1084462059755715,0.10419495026268429,40.8949395068922,-2.2651290769129377,0.8076533195159743,37.47272369314761,0.573664826835773,0.12438224767976261,9.24286703368052
Jake Collier,Heavyweight,hwx,0.676,0.333,0.8144030501089324,0.508,0.443,0.27261368885024667,0.5368888888888889,0.5714285714285714,5.371762527233115,4.810956427015251,26.12,0.14285714285714285,0.5714285714285714,0.2857142857142857,4,1,0,0.6825010893246186,37.7,78.0,75.0,Orthodox,striker,1001,,,,,42.79041394335512,,,2023-09-23,0.6604190790971622,0.3755311213401038,3.339012157523184,0.05536237431370654,0.14274562158037363,8.022092701932634,0.11279042933352547,60.63028548420115,10.071183090217566,0.7516046154955841,45.73185308260505,0.5738612994078482,0.12997766811170322,7.6184657632839885
Terrence Mitchell,Bantamweight,bw,0.0,0.5,2.254,0.419,0.346,0.23866760186772937,0.27749999999999997,0.0,3.4026666666666667,5.282166666666666,4.5,0.0,0.0,1.0,2,0,0,1.1953333333333334,36.5,74.0,70.0,Orthodox,balanced,1008,,,,,41.1,0.0,2.0,2023-09-16,0.7172807646194693,0.3620888761754664,4.619879823239331,0.1120449684974319,0.1403493068982359,3.870561435435027,0.1272699337851394,33.14782813834313,2.970773369083492,0.49835181656214206,36.71887411379361,0.5749098145230241,0.6613770491288754,15.593003332583203
Shane Young,Featherweight,fwx,0.64,0.188,0.9501689623507805,0.525,0.407,0.2219656932667005,0.22633608815426995,0.5714285714285714,4.6760505050505055,4.913701561065197,23.31,0.14285714285714285,0.5714285714285714,0.2857142857142857,1,1,1,1.0604260789715334,32.9,72.0,68.0,Orthodox,striker,1015,,,,,32.16932966023875,,,2023-09-09,0.5901067726389215,0.33288914227287236,1.988283106918052,0.04483470685277134,0.10727877952949391,4.8871518236088,0.08087519674467118,56.06840508982984,0.3925107607837594,0.4163910190615168,43.58861453738671,0.6065427556048384,0.2534165203597429,4.216851515326115
Blood Diamond,Welterweight,wwx,0.737,0.0,0.7133197278911564,0.49,0.554,0.14436886120203693,0.29697959183673467,0.6666666666666666,3.6597687074829928,3.2618775510204077,15.43,0.0,0.6666666666666666,0.3333333333333333,0,0,1,0.9124557823129252,37.9,76.0,71.0,Switch,striker,1015,,,,,36.362585034013605,,,2023-09-09,0.5449551421846917,0.4023417435487357,2.8011317922825265,0.05887520280812344,0.12127237007531609,13.883122194584328,0.2925159842404534,34.01462474257068,3.974546361079091,0.40874665087539924,31.205561771760532,0.5753979513503487,0.14215114020544298,7.746950079308349
John Makdessi,Lightweight,lwx,0.863,0.0,0.25721383647798746,0.68,0.498,0.34638991522620066,0.06757232704402516,0.7,5.287037735849057,4.1523522012578615,26.27,0.15,0.7,0.15,2,3,1,0.2679732704402516,41.1,68.0,68.0,Orthodox,striker,1015,,,,,12.211635220125785,,,2023-09-09,0.5263451608435447,0.39357282088683815,2.3107470588351346,0.03649597398889339,0.04062602303098133,4.025943696088565,0.05630620892329801,68.50620818062107,15.00985867609292,0.4043494393368401,33.832998147903574,0.7453785250814781,0.24925321703376016,2.1648247913925043
Taila Santos,Women's Flyweight,wflwx,0.853,0.75,1.8323898989898988,0.573,0.458,0.3088042199256988,1.0001454545454544,0.8571428571428571,3.2840626262626262,3.0972565656565663,15.0,0.14285714285714285,0.8571428571428571,0.0,0,0,0,0.9644767676767677,33.0,68.0,66.0,Orthodox,grappler,1029,,,,,96.29414141414141,,,2023-08-26,0.5584566484584216,0.34277217342045524,6.810447684432955,0.15069820545353355,0.32106219340691855,6.412682375852916,0.13575513204771592,34.4589419919521,-0.08107908273130114,1.2914505789726052,26.11572301395033,0.6610476588008859,0.04434636105873602,4.3295677201377325
Parker Porter,Heavyweight,hwx,0.667,0.227,1.2481045751633986,0.494,0.508,0.09073871509355187,0.2683333333333333,0.375,5.474477124183006,5.505267973856209,26.36,0.125,0.375,0.5,3,1,1,1.3290849673202614,41.2,75.0,72.0,Orthodox,balanced,1029,,,,,56.318954248366005,,,2023-08-26,0.6997513285890067,0.4318591692774794,3.9695571973237365,0.06954058421340904,0.18769948095160902,7.634870654630553,0.11242283739310381,57.67270095357446,0.9769045054562202,0.3157186115550643,47.08046360659156,0.5800155733669424,0.6603344675355202,4.808651025878362
Chan Sung Jung,Featherweight,fwx,0.714,0.444,0.9748661616161617,0.501,0.41,0.3205701641208566,0.6768560606060605,0.16666666666666666,3.765472222222222,4.317982323232323,15.78,0.5,0.16666666666666666,0.3333333333333333,4,4,0,0.6665429292929292,39.3,72.0,67.0,Orthodox,balanced,1029,,,,,37.341414141414134,,,2023-08-26,0.7592990651025237,0.3746609695285753,6.679444636006161,0.14305977645423804,0.12443992481541595,3.22710437873105,0.06735924033644318,38.26968474925801,-9.909836351961165,0.8917375756047928,33.22889124445336,0.6024958593065521,0.4671926077473232,3.067054166786704
JP Buys,Bantamweight,bw,0.286,0.091,1.053,0.374,0.298,0.17900070140079702,1.343125,0.25,2.6795,3.4941250000000004,5.14,0.0,0.25,0.75,3,0,0,1.4315000000000002,30.1,67.0,65.0,Orthodox,grappler,1043,,,,,32.775,0.0,4.0,2023-08-12,0.551849462353491,0.2965049287365381,3.3041955817152124,0.07014483748418504,0.11157150398320073,3.224349648004842,0.10934133922774344,29.039442532328774,-2.4862056874730953,1.2309067195644636,31.396298442488067,0.525462601724233,1.6210327868466565,9.176895356580259
Hakeem Dawodu,Featherweight,fwx,0.653,0.0,0.4335613275613276,0.566,0.509,0.1571822283830198,0.17783549783549782,0.8,4.969825396825398,3.5339797979797978,26.21,0.1,0.8,0.1,0,1,1,0.3839062049062049,35.0,73.0,68.0,Orthodox,striker,1043,,,,,34.618759018759015,,,2023-08-12,0.50705429259487,0.37492628567564007,1.9448755023743878,0.040092976170618515,0.11551070772555473,10.126894800182425,0.1396303587386641,58.58882338690711,19.949982944697442,0.30994498436466117,32.440161422232414,0.6306034900762499,0.18189359252755308,3.862347619184805
Aleksa Camur,Light Heavyweight,lhwx,0.5,0.222,0.8459074074074073,0.54,0.557,0.13955135206500474,0.15603703703703703,1.0,4.093833333333333,4.326037037037038,22.25,0.0,1.0,0.0,0,0,0,0.9042037037037036,30.7,74.0,73.0,Orthodox,striker,1050,,,,,38.90370370370371,,,2023-08-05,0.5818429021300713,0.429261622178365,2.546317958189935,0.05877790098344192,0.13220934086197778,10.453128724593657,0.17645476602749272,42.947759088053985,1.2752899464398921,0.22758222689569235,40.92602846294237,0.582228007431397,0.27997993256028825,5.6732869882756765
Gavin Tucker,Featherweight,fwx,0.538,0.441,2.540441689623508,0.574,0.447,0.1026475114485187,1.1541542699724516,0.42857142857142855,4.10650505050505,4.096610651974288,18.18,0.2857142857142857,0.42857142857142855,0.2857142857142857,1,0,1,1.6967897153351699,40.0,66.0,66.0,Southpaw,grappler,1050,,,,,49.54205693296603,,,2023-08-05,0.6159462602030765,0.3658559125334509,3.4481761550463945,0.07160728702340977,0.16522218416407503,7.2875528931275175,0.13742944271040625,42.40296391335925,11.692644450623334,1.0831690939278271,33.53079368177173,0.635460033827865,0.4709967342634862,12.96919108751863
Genaro Valdez,Lightweight,lwx,0.364,0.0,0.8818760107816713,0.483,0.285,0.3628926745330482,0.23167654986522912,0.6666666666666666,3.9379865229110513,5.245350404312668,17.57,0.0,0.6666666666666666,0.3333333333333333,1,0,0,0.7571940700808627,34.4,72.0,69.0,Orthodox,striker,1071,,,,,29.69703504043127,,,2023-07-15,0.6586345501114573,0.31499771318652847,3.9357666266904507,0.07801271897341326,0.09895708896736614,4.883667702315656,0.09143251036950394,45.166543293942134,-11.7056946231436,0.5616110429123832,45.3950092561976,0.5993361487877339,1.1006808977772136,11.118534939036005
Alexander Munoz,Lightweight,lwx,1.0,0.333,2.024876010781671,0.554,0.38,0.32207634800243595,0.23167654986522912,1.0,3.8861293800539087,4.5707789757412405,17.89,0.0,1.0,0.0,0,0,0,1.8389083557951482,36.3,72.0,69.0,Switch,wrestler,1071,,,,,49.45417789757413,,,2023-07-15,0.6491338251130804,0.34997325772255167,5.527603361384329,0.107488772385234,0.16480742910342056,4.332647294152392,0.08054671384516779,44.533890232717646,-12.991408908857887,0.520794716381771,47.86439701129965,0.6024072937183885,0.18231355083843814,3.2205757553625354
Ashlee Evans-Smith,Women's Bantamweight,wbwx,0.5,0.226,0.9334055944055943,0.539,0.341,0.028166278166278164,0.11594405594405593,0.6666666666666666,3.943195804195805,4.526132867132867,19.39,0.1111111111111111,0.6666666666666666,0.2222222222222222,0,1,2,1.2056503496503497,38.9,67.0,68.0,Orthodox,striker,1071,,,,,41.33146853146853,,,2023-07-15,0.5445462235859415,0.27093637409152105,5.22985014088893,0.10169918520759423,0.13780587060231597,11.30710050974169,0.2046403046998069,39.77921171329102,-8.429816297365225,0.13284616392463922,40.271199233531014,0.627914031502227,0.14191184309761384,7.063271510520314
Austin Lingo,Featherweight,fwx,0.756,0.667,0.9155398428731762,0.574,0.377,0.36355330764342764,0.27663299663299656,0.8,3.824728395061728,4.453413019079686,19.07,0.0,0.8,0.2,0,0,1,0.6371874298540966,31.9,70.0,70.0,Orthodox,striker,1071,,,,,38.62918069584736,,,2023-07-15,0.6578690840344914,0.34536893278658837,2.4301237973442857,0.054797975042276084,0.12875739720271479,2.5386617526647237,0.05087458695953563,49.352455427252345,-6.7047884352325475,0.6011842613926475,35.10533046632978,0.6524519460607778,0.1638979693285746,3.389048677462077
Tyson Nam,Flyweight,flwx,0.875,0.0,0.3896444444444444,0.654,0.337,0.3997089947089947,0.1569111111111111,0.5,3.7784444444444447,4.665533333333333,16.22,0.375,0.5,0.125,0,3,1,0.5670888888888889,42.7,68.0,67.0,Orthodox,striker,1071,,,,,19.328888888888887,,,2023-07-15,0.5836532488656729,0.27221914642531936,3.429766714766714,0.07450850885694897,0.06443418330640553,1.9217932067932069,0.04165526423497321,42.974314389314394,-11.295989380989381,0.5491613941613941,40.23774133274133,0.6863104177731044,0.26584249084249084,2.275600695600696
Tucker Lutz,Featherweight,fwx,0.6,0.389,1.7522323232323234,0.424,0.451,0.14114032824171321,0.31121212121212116,0.75,3.594444444444444,3.7254646464646464,16.36,0.0,0.75,0.25,0,0,1,1.4010858585858585,31.9,72.0,68.0,Orthodox,balanced,1071,,,,,58.38282828282828,,,2023-07-15,0.5756208219108376,0.3606143896243005,3.1429801811032307,0.06998105525589393,0.1945869203379026,5.0451178483711905,0.102989216197143,41.70982404397057,-0.17194543119505812,0.40847515120958566,29.548691579815817,0.5678603025228239,0.3207488518582828,3.69092651539159
Kamuela Kirk,Lightweight,lwx,0.357,0.214,1.3678760107816712,0.492,0.473,0.17921920514529313,0.8792479784366576,0.6666666666666666,3.496986522911051,4.173921832884097,13.25,0.0,0.6666666666666666,0.3333333333333333,0,0,1,1.4459083557951484,32.2,75.0,70.0,Switch,grappler,1078,,,,,54.38274932614555,,,2023-07-08,0.5934843298761013,0.3689617226737495,3.545460504241471,0.07160288398557553,0.18135504815103962,4.4933615798666775,0.0929774449563161,40.39103308986051,-6.241408908857886,1.020794716381771,40.75725415415679,0.5811006716386535,0.18231355083843814,6.595575755362536
Robbie Lawler,Welterweight,wwx,0.648,0.739,0.8626978653530378,0.583,0.483,0.39404305845106635,0.0716847290640394,0.44,4.172047619047619,5.0305221674876845,18.53,0.32,0.44,0.24,3,8,3,0.43617898193760263,44.3,74.0,71.0,Southpaw,striker,1078,,,,,30.525451559934318,,,2023-07-08,0.7405050924522965,0.4227899437712201,4.950560547562449,0.09111246042036542,0.10172816924094931,11.257502401648434,0.2040391538355425,39.15808676052198,-13.919116067194373,0.4578583869929124,42.59621113374186,0.6589408135944523,0.10615142464729081,2.25952653802681
Damir Ismagulov,Lightweight,lwx,0.703,0.28,1.197557461406518,0.612,0.428,0.20495767600155015,0.14743053173241852,1.0,3.6366277873070327,3.0602229845626074,16.81,0.0,1.0,0.0,0,0,0,1.200123499142367,35.4,74.0,70.0,Orthodox,striker,1085,,,,,54.416295025728985,,,2023-07-01,0.5745678467512664,0.34086166871793877,5.881202139062754,0.11690449659815125,0.18134210134864137,3.5753210053697035,0.0684605130433774,42.612475602638504,7.9145579670904365,0.3314148195156724,25.186434461736134,0.6853256726647546,0.2069268050790061,4.049457298867068
Blagoy Ivanov,Heavyweight,hwx,0.615,0.4,0.8581045751633987,0.535,0.405,0.16766179201662879,0.17500000000000002,1.0,3.449143790849673,4.09326797385621,16.23,0.0,1.0,0.0,0,0,0,0.6664183006535948,39.7,73.0,71.0,Southpaw,striker,1085,,,,,33.11895424836601,,,2023-07-01,0.733500370660786,0.3753442118449469,2.442084669851209,0.055078543858408345,0.11031242356455162,4.909595929355828,0.10041394953171334,41.67270095357446,-7.396721868170154,0.3267076225440753,35.25628778241573,0.6202286631690733,0.08890589610694881,2.863596080823417
Ronnie Lawrence,Bantamweight,bwx,0.421,0.833,3.379505882352941,0.519,0.584,0.5764051400305492,0.247364705882353,0.5,3.413158823529412,2.9118058823529416,13.9,0.25,0.5,0.0,0,1,0,1.6578058823529411,34.0,68.0,68.0,Switch,wrestler,1099,0.0,,,,76.55058823529413,,,2023-06-17,0.6353109644365098,0.44990888395088136,12.763804142005691,0.3001080868252132,0.2550450523800801,3.8266331866663172,0.07887667783292837,29.797294166676643,2.0895338095931693,0.8026506769794222,25.91962567311091,0.601357424687041,0.4691429369664805,7.3136752703238965
Maria Oliveira,Women's Strawweight,wswx,0.5,0.444,1.1496538461538461,0.465,0.388,0.05096728016135911,0.17769230769230765,1.0,4.56374358974359,4.883307692307692,25.75,0.0,1.0,0.0,0,0,0,0.9446538461538461,29.5,69.0,66.0,Orthodox,striker,1106,,,,,41.629487179487185,,,2023-06-10,0.6341434165873541,0.33043563700002765,2.408369338099533,0.048327835502617156,0.13874351042302205,4.399365986282058,0.07477439605972667,59.61753551132128,9.05087333339738,0.2149975418615493,47.99098988530376,0.5774230667046252,0.19226587822785673,11.777966706603685
Maxim Grishin,Light Heavyweight,lhwx,0.667,0.167,0.6485843621399177,0.588,0.527,0.3621408843752423,0.13869958847736624,0.8,3.4717407407407403,3.085921810699589,16.29,0.2,0.8,0.0,0,1,0,0.7087366255144032,42.1,78.0,75.0,Orthodox,striker,1113,,,,,36.76995884773663,,,2023-06-03,0.501423929299928,0.3721683561691776,4.295139772359308,0.09444208628495097,0.12476809134821305,5.371035056781663,0.11378847108788936,37.54086522112735,6.919305349216412,0.44039055089140905,22.537422125790044,0.6434802016069862,0.24887105116470065,3.5270487514831412
Abubakar Nurmagomedov,Welterweight,wwx,0.889,0.222,1.2511547619047618,0.652,0.532,0.12632275355178232,0.25985714285714284,0.75,3.423047619047619,3.3483928571428567,13.3,0.0,0.75,0.25,0,0,1,1.4842738095238097,36.6,72.0,71.0,Orthodox,wrestler,1113,,,,,87.85476190476192,,,2023-06-03,0.6519871696288149,0.4183003511618776,2.6009903182472107,0.05527520095334861,0.2928514190539968,5.258446205975572,0.1138514444393023,39.0949395068922,5.084870923087062,0.35765331951597434,28.022723693147608,0.6724176066230356,0.12438224767976261,4.1428670336805204
Orion Cosce,Welterweight,wwx,0.333,0.357,1.7093197278911563,0.414,0.463,0.14436886120203693,0.29697959183673467,0.3333333333333333,3.1600544217687068,4.458877551020408,9.0,0.0,0.3333333333333333,0.6666666666666666,2,0,0,1.5248843537414967,31.9,71.0,71.0,Switch,wrestler,1127,,,,,89.84829931972789,,,2023-05-20,0.6305560492141701,0.3889115314310749,5.005213424935588,0.14050785586934794,0.2994356353814385,6.168836480298613,0.162697390136145,31.259522701754353,-9.617290373614788,0.40874665087539924,37.0831127921687,0.5659419141036678,0.5094980789809531,7.379603140532839
Matt Brown,Welterweight,wwx,0.639,0.47,1.630095238095238,0.551,0.554,0.4643147479823333,1.209966386554622,0.23333333333333334,3.793364145658263,3.058680672268908,15.51,0.5,0.23333333333333334,0.26666666666666666,3,13,5,1.006593837535014,45.4,75.0,72.0,Orthodox,grappler,1134,,,,,53.18347338935574,,,2023-05-13,0.6096638885491434,0.4573671246902898,7.569679899289072,0.1624355814420959,0.17729193471449034,11.682759950132969,0.24967750784888487,28.15069691645927,1.0068001820784307,1.4669456449782976,26.476286171873184,0.6152678562666903,0.34533313641630936,6.136161865694802
Mandy Bohm,Women's Flyweight,wflwx,0.75,0.182,1.039326984126984,0.6,0.453,0.05669234559752663,0.5905142857142857,1.0,3.2292412698412702,3.6918317460317462,11.67,0.0,1.0,0.0,0,0,0,1.087320634920635,36.9,71.0,67.0,Orthodox,balanced,1134,,,,,47.80507936507936,,,2023-05-13,0.56374253374532,0.32942464510759834,2.8449892183946437,0.06402235006643708,0.15928820868706245,7.79135801919744,0.18702563834255584,34.29262313021045,-3.4131242728634734,0.600850909814094,27.181850450493375,0.6784759526557147,0.3554014245208709,5.232177845930723
Ji Yeon Kim,Women's Flyweight,wflwx,0.5,0.0,0.3662349206349207,0.561,0.367,0.10223779841452686,0.21754285714285718,0.9,4.913549206349207,5.011273015873016,26.28,0.1,0.9,0.0,0,1,0,0.38037460317460325,36.7,72.0,67.0,Orthodox,striker,1134,,,,,38.13111111111111,,,2023-05-13,0.7052040645586636,0.3205279149586834,1.575203968803233,0.031679073688743745,0.12717831342946445,6.696171620436159,0.09840327929233421,62.9985283138737,0.16535904583427324,0.3053515632814312,43.27811734347329,0.6359893936047512,0.034843569403292585,3.0816061643446715
Jessica-Rose Clark,Women's Bantamweight,wbwx,0.625,0.429,1.429097902097902,0.582,0.516,0.028166278166278164,0.3077132867132867,0.5555555555555556,3.7313496503496504,3.7729020979020977,17.52,0.1111111111111111,0.5555555555555556,0.3333333333333333,0,1,3,1.114958041958042,38.6,64.0,65.0,Orthodox,balanced,1134,,,,,90.83146853146854,,,2023-05-13,0.6460362556582656,0.41667641661652094,7.577676227845452,0.1528235996330357,0.30265536893007516,7.153254355895537,0.14184890833398553,37.70228863636794,-5.630485193686296,0.3134481706136024,34.85313903286212,0.6306887539095557,0.05161083975313225,5.1669504402862
Chase Sherman,Heavyweight,hwx,0.742,0.5,0.3248028895768834,0.523,0.455,0.2546770832169802,0.06210526315789473,0.4666666666666667,5.58324871001032,6.066011351909185,26.92,0.2,0.4666666666666667,0.3333333333333333,3,3,2,0.22215892672858614,36.6,78.0,76.0,Orthodox,striker,1134,,,,,18.23302373581011,,,2023-05-13,0.5676237823563659,0.35157822508416353,2.4694947712420587,0.04309901482885276,0.06083609657428272,5.711121315706515,0.08108933137995107,66.03012691804703,-3.9863911394111082,0.3065440854934241,60.96247325529091,0.5742348143153563,0.2535195133307045,4.678020196795356
Joseph Holmes,Middleweight,mwx,0.444,0.4,1.2674571428571428,0.531,0.578,0.2942695975563031,0.43810000000000004,0.25,3.3777714285714286,3.6356571428571427,13.0,0.25,0.25,0.5,1,0,1,0.8833857142857143,31.0,80.0,76.0,Orthodox,balanced,1141,,,,,53.68714285714286,,,2023-05-06,0.5678948212858853,0.4224432934855364,4.093424485063011,0.09784240922023024,0.17899831118515575,5.959324277264205,0.15053119078906052,31.912853630985726,0.6197847822303171,0.6473756502788497,30.41906688660238,0.5731391772111157,0.39144072684906517,9.138082784853392
Batgerel Danaa,Bantamweight,bwx,0.625,0.5,0.9684588235294118,0.474,0.365,0.637385556385854,0.1799016042780749,0.2857142857142857,4.783206417112299,4.0659497326203216,22.21,0.42857142857142855,0.2857142857142857,0.2857142857142857,2,3,0,0.733131550802139,37.0,70.0,67.0,Orthodox,striker,1155,,,,,25.35497326203209,,,2023-04-22,0.7109723511636908,0.3420347537453292,6.50094846691323,0.10993667946588284,0.08442670476127036,4.583005953939139,0.07849965879032653,49.89803212121937,3.6469336797041225,0.8019277650759434,35.29609139862612,0.5652866534736699,0.2593766814301677,3.43721837841738
Aaron Phillips,Bantamweight,bwx,0.44,0.5,1.3060058823529412,0.435,0.534,0.12640514003054926,0.533364705882353,0.75,2.6201588235294118,3.7403058823529416,7.18,0.0,0.75,0.25,0,0,1,1.0303058823529412,36.9,71.0,69.0,Southpaw,balanced,1162,,,,,48.05058823529412,,,2023-04-15,0.5358209362059297,0.37581021222412614,4.336531414732965,0.13778225129110885,0.15996929480432248,5.926633186666317,0.19653445034909264,26.047294166676643,-3.883193463134103,0.6253779497066949,34.19689840038364,0.5520301882737119,0.16914293696648053,15.34549345214208
Zak Cummings,Light Heavyweight,lhwx,0.69,0.318,0.77040329218107,0.563,0.359,0.6110424309831394,0.5749053497942387,0.5,3.2105925925925924,3.069905349794239,14.53,0.42857142857142855,0.5,0.07142857142857142,0,2,1,0.7384238683127572,41.9,75.0,72.0,Southpaw,grappler,1162,,,,,42.49053497942387,,,2023-04-15,0.6029386852977372,0.298651540612711,3.683984452005985,0.08512027841013182,0.1426159162000947,5.237338256682149,0.11897250814853308,35.01272952933118,0.8216974925353769,1.130559421103968,27.127254480261968,0.6192689980845589,0.12443552558235033,3.867866112436248
Cynthia Calvillo,Women's Strawweight,wswx,0.778,0.444,1.681425339366516,0.64,0.384,0.023984602428874874,0.7030316742081448,0.6153846153846154,4.310526395173454,4.162262443438914,21.65,0.23076923076923078,0.6153846153846154,0.15384615384615385,2,0,0,1.2805429864253393,38.9,64.0,64.0,Orthodox,balanced,1169,,,,,56.44917043740573,,,2023-04-08,0.5554935117282099,0.3034614371707026,6.278678996475905,0.10226177104045557,0.18809190955700847,2.764061502195017,0.0473143033162981,53.700639548580256,-0.6161980161174961,0.7084417498033588,37.141088665748484,0.700681632526641,0.03165453093075612,1.829769799647409
Steven Peterson,Featherweight,fwx,0.64,0.303,1.4024882154882157,0.533,0.405,0.18105007390027258,0.7454747474747475,0.875,4.369296296296296,5.345643097643098,22.61,0.125,0.875,0.0,0,1,0,1.3453905723905724,36.1,70.0,70.0,Orthodox,balanced,1183,,,,,62.22188552188552,,,2023-03-25,0.6526930835530941,0.35070334665575853,5.5617232827908225,0.09622668640991218,0.20730476287788147,6.070921780337052,0.0988589076641922,50.48639125988024,-16.470361512759812,0.8810124196469701,52.27620281869144,0.5991872250230839,0.20987999873556137,3.745202657164881
Makwan Amirkhani,Featherweight,fwx,0.357,0.43,3.4164365881032546,0.461,0.442,0.14050681255187256,0.9534276094276094,0.35714285714285715,1.8725308641975305,3.1960953984287315,5.7,0.35714285714285715,0.35714285714285715,0.2857142857142857,3,1,1,2.307038159371493,37.6,72.0,70.0,Southpaw,grappler,1190,,,,,80.63681257014589,,,2023-03-18,0.8071635101929909,0.41448222507936644,5.648395232005476,0.2866582467803973,0.2688725257618512,1.4018705588720444,0.040509827081771164,17.51749755489601,-7.586521201743257,0.9593222894264825,25.51456999506966,0.5480029528827727,0.548615651330954,10.82627037047707
Guido Cannetti,Bantamweight,bwx,0.645,0.55,2.124289075630252,0.514,0.553,0.07223150858888529,0.43635126050420175,0.3,3.5258050420168066,3.117889075630252,13.89,0.2,0.3,0.5,1,1,4,1.2266033613445377,46.5,68.0,66.0,Southpaw,wrestler,1197,,,,,55.17176470588236,,,2023-03-11,0.47027019139434684,0.3817776467035003,4.917411890669919,0.11457358301625752,0.18372944792089232,8.10093324952361,0.18702511086855927,31.336549047624747,4.413066938815144,0.43960991065490784,23.10169086082528,0.5969906978856147,0.45379596398084604,5.331623963994608
Raphael Assuncao,Bantamweight,bwx,0.789,0.387,1.6162194373401533,0.66,0.437,0.14512051010823007,0.19508337595907932,0.5789473684210527,3.5120117647058824,2.940671611253197,16.04,0.15789473684210525,0.5789473684210527,0.2631578947368421,3,2,2,1.3085846547314577,43.9,66.0,65.0,Orthodox,balanced,1197,,,,,39.66542199488491,,,2023-03-11,0.5464394947507132,0.3304521442925898,4.280400375923897,0.08972274076285527,0.13218071032208642,5.064099564483759,0.10400842571067741,39.29151669328949,2.872845832618032,0.32496811479674664,19.586595620106014,0.7626852522238796,0.3117160881019169,1.8368772901215333
Tony Gravely,Bantamweight,bwx,0.5,0.407,4.347670588235294,0.427,0.462,0.48427009335369947,0.16490980392156865,0.5,3.593772549019608,4.558203921568627,15.45,0.25,0.5,0.25,1,2,1,3.205203921568627,34.7,69.0,65.0,Orthodox,wrestler,1197,,,,,94.20039215686275,,,2023-03-11,0.6281846947065653,0.3747378575784413,8.409202761337127,0.18155483282856796,0.3140300349200534,7.951088791110878,0.16764580086768807,31.56486277778443,-12.606977460271223,0.6351004513196147,40.37975044874061,0.5422300497257321,0.2127619579776537,6.875783513549265
Derek Brunson,Middleweight,mw,0.842,0.316,2.305649230769231,0.509,0.466,0.40951633856684244,0.47117230769230767,0.2857142857142857,3.0639384615384615,2.7557646153846154,15.07,0.42857142857142855,0.2857142857142857,0.2857142857142857,6,7,0,2.406501538461538,39.2,77.0,73.0,Southpaw,wrestler,1209,-2.0,,,,89.32661538461538,14.0,7.0,2023-03-04,0.6946393352755904,0.40851103963596785,9.577303391586891,0.21105302741417872,0.2978865779352256,6.488442425371934,0.14252762035732347,29.892630350911233,-0.8905320959868233,0.8809956709364691,24.944300889328375,0.600621502537938,0.3986190372686184,4.350273806727942
Mana Martinez,Bantamweight,bwx,0.273,0.429,1.2525058823529411,0.502,0.487,0.6264051400305493,0.372364705882353,1.0,4.076158823529411,4.4528058823529415,22.08,0.0,1.0,0.0,0,0,0,1.0493058823529413,30.2,70.0,70.0,Orthodox,striker,1204,,,,,33.30058823529412,,,2023-03-04,0.5796709481476541,0.3668772097427365,4.188804142005692,0.08003207216524309,0.11087838571341341,3.9266331866663173,0.07238828364262023,50.54729416667664,-0.8604661904068306,0.9776506769794222,36.46962567311091,0.6239201845823128,0.6691429369664805,9.538675270323898
Trevin Jones,Bantamweight,bwx,0.6,0.15,1.074604705882353,0.397,0.371,0.3261241120244394,0.3220917647058824,0.5,2.770327058823529,4.106044705882353,9.62,0.16666666666666666,0.5,0.16666666666666666,0,1,1,1.356244705882353,35.9,70.0,67.0,Southpaw,balanced,1204,,,,,51.68047058823529,,,2023-03-04,0.5775470991209167,0.30321686750928895,4.751043313604553,0.13790950972925403,0.1721193752373974,3.4663065493330536,0.08479619417702193,29.537835333341313,-13.538372952325465,0.6196205415835377,32.41320053848873,0.5573217988945215,0.3603143495731844,6.068440216259118
Rafael Alves,Lightweight,lwx,0.375,0.25,0.9446415094339624,0.582,0.497,0.30681680450213145,0.8957169811320754,0.5,2.97061320754717,3.6910566037735855,7.9,0.25,0.5,0.25,1,0,0,0.8089198113207547,35.6,68.0,68.0,Orthodox,grappler,1211,,,,,37.134905660377356,,,2023-02-25,0.6242366916747866,0.3853289847989578,3.711652941211287,0.09076035725857515,0.12378983379882634,3.1160663823833428,0.06850298346741907,32.49215395362794,-4.61748279525065,1.0806953768340497,30.43134738488719,0.6421561332473711,0.30952435698363334,8.668003785942219
Augusto Sakai,Heavyweight,hwx,0.375,0.4,0.5746349924585219,0.456,0.493,0.17405981727699102,0.09076923076923077,0.3333333333333333,4.175671191553544,4.183170437405731,18.7,0.2222222222222222,0.3333333333333333,0.4444444444444444,4,2,0,0.41030920060331827,35.1,77.0,75.0,Orthodox,striker,1211,,,,,45.82518853695324,,,2023-02-25,0.6078651481238819,0.4083627274247266,3.4922047325511034,0.07137603151470608,0.15284220283413377,15.449866270781762,0.28023695978104796,35.17613867286472,-2.4107121335205837,0.2498654359887168,32.44933382127802,0.5761315915328553,0.2626689877107621,8.705835538460104
Erick Gonzalez,Lightweight,lwx,0.5,0.556,3.453304582210243,0.409,0.366,0.17921920514529313,0.23167654986522912,0.0,3.3812722371967654,5.83377897574124,7.5,0.0,0.0,1.0,2,0,1,1.6601940700808626,34.4,75.0,71.0,Orthodox,wrestler,1211,,,,,50.097035040431265,,,2023-02-25,0.6589829821672064,0.34692247219094774,3.7061747899557567,0.08184547158665369,0.16706933386532533,3.6897901512952487,0.08516073336601962,33.6410330898605,-13.312837480286458,0.3779375735246281,44.93582558272822,0.5509698994091465,1.1465992651241523,7.399147183933964
Lina Lansberg,Women's Bantamweight,wbwx,0.474,0.278,0.6194181818181818,0.441,0.555,0.17107744107744108,0.17675151515151513,0.7272727272727273,2.973236363636364,4.003381818181818,13.0,0.0,0.7272727272727273,0.2727272727272727,2,0,1,0.6760969696969696,44.3,65.0,67.0,Orthodox,balanced,1218,,,,,70.58060606060606,,,2023-02-18,0.5512187389126529,0.40411436302527687,5.953696209060262,0.15037378083443187,0.23534512006145966,14.59658855771816,0.36517448537553077,21.952708122533377,-10.202362530180297,0.3351333420680207,32.8164886110892,0.571346984805013,0.044729394452714615,9.815415019262534
Zubaira Tukhugov,Lightweight,lwx,1.0,0.39,1.9494716981132074,0.638,0.399,0.36740565895783345,0.1247489114658926,0.7777777777777778,3.460069666182874,3.4020348330914367,15.52,0.2222222222222222,0.7777777777777778,0.0,0,2,0,1.6091044992743107,35.4,68.0,68.0,Orthodox,wrestler,1225,,,,,48.436865021770686,,,2023-02-11,0.7983405456659878,0.37991932472194656,4.621886759808953,0.09649468508835327,0.1614403436532354,3.8078803155803844,0.07701285772068153,40.71222851995833,-2.6007251984151156,0.4744078573159368,26.498889360599474,0.7060004600075638,0.09816883506685131,2.18566119268685
Mauricio Rua,Light Heavyweight,lhwx,0.477,0.429,1.4808306878306878,0.522,0.515,0.6398718148757156,0.23915343915343915,0.3333333333333333,3.407952380952381,3.5542962962962963,14.8,0.3333333333333333,0.3333333333333333,0.3333333333333333,6,8,2,1.0512010582010582,44.6,76.0,73.0,Orthodox,balanced,1246,,,,,59.315343915343924,,,2023-01-21,0.5946712660374234,0.41773247045192374,6.563233702339981,0.14849802275578566,0.19832171643675559,6.379465349883902,0.14326049870824406,31.563645453729713,0.7286542704113979,0.8364520648273407,30.73600813226925,0.5939354847927838,0.33713712358865383,7.970939139507337
Glover Teixeira,Middleweight,mw,0.603,0.336,1.688860398860399,0.51,0.507,0.2630721664692774,0.727122507122507,0.30434782608695654,3.1547948717948717,3.791707977207977,15.623,0.5652173913043478,0.30434782608695654,0.13043478260869565,2,5,1,1.6605014245014245,43.2,76.0,74.0,Orthodox,grappler,1251,-2.0,,,,73.11353276353276,16.0,7.0,2023-01-21,0.8186885733729533,0.46713243293810114,16.517723131603766,0.35239020119823156,0.24360560212511004,4.6946895983361525,0.09987298068960954,26.10416734105709,-14.846001075872072,0.9900917965244626,42.38140566806043,0.5719529677162316,0.25298207267462547,8.786408055183982
Shamil Abdurakhimov,Heavyweight,hwx,0.455,0.233,1.0573503267973856,0.555,0.443,0.25592430540817485,0.18426666666666666,0.2727272727272727,2.7976483660130715,3.2478143790849674,10.46,0.18181818181818182,0.2727272727272727,0.5454545454545454,6,2,0,1.1420679738562092,44.8,76.0,75.0,Orthodox,balanced,1246,,,,,35.335163398692806,,,2023-01-21,0.6063278734248355,0.3729878366799794,3.478026710239942,0.09822847898821394,0.11774424084594329,7.150753666561585,0.2088685110097227,25.629827429526237,4.542237890079262,0.4132891749583372,30.360799456701816,0.6006055442916313,0.34612471688555907,14.233825582607453
Saidyokub Kakhramonov,Bantamweight,bwx,0.833,0.486,3.842578151260504,0.585,0.513,0.14446301717777058,1.1179882352941177,0.3333333333333333,3.014324369747899,2.562778151260505,9.88,0.3333333333333333,0.3333333333333333,0.3333333333333333,0,0,1,2.7410638655462187,30.6,69.0,68.0,Orthodox,grappler,1281,,,,,100.829243697479,,,2022-12-17,0.6611913773637389,0.3991474430026879,7.269347590863648,0.20990665970340108,0.33588482176771056,6.880437927618648,0.18482779859064477,27.732621904773307,0.5880386395350508,1.2066007736907682,21.554572197841043,0.6527170405667818,0.19330621367597775,3.3656288803701684
Cheyanne Vlismas,Women's Strawweight,wswx,0.538,1.0,0.8126538461538462,0.641,0.491,0.20096728016135912,0.3406923076923076,0.75,4.26024358974359,3.4758076923076926,20.9,0.25,0.75,0.0,0,1,0,0.6196538461538461,31.0,63.0,63.0,Switch,striker,1281,,,,,32.379487179487185,,,2022-12-17,0.6909015962377156,0.4002816694776904,4.708369338099533,0.08576144600725474,0.10793795486746649,5.549365986282059,0.09687067824798638,48.892535511321285,10.350873333397379,0.5149975418615493,33.54098988530376,0.6512839954349015,0.06726587822785675,3.327966706603685
Sergey Morozov,Bantamweight,bwx,0.684,0.319,2.7944496732026143,0.613,0.435,0.24056525267672757,0.21987973856209153,0.6,3.3345856209150324,3.346160784313726,14.38,0.0,0.6,0.4,0,0,2,2.6819385620915037,37.0,67.0,66.0,Orthodox,wrestler,1281,,,,,83.54496732026145,,,2022-12-17,0.671852264450624,0.36937665173808565,5.22765496383412,0.11766704713996562,0.2783306448506695,4.7809389009683505,0.1014330007450316,36.665970883199755,-2.9785340495923966,0.4416723966312812,27.460180085500298,0.6700509119292132,0.5349646619189229,2.495916479604148
Darren Till,Middleweight,mw,0.698,0.462,0.6910769230769231,0.563,0.468,0.4118792457881,0.09570673076923077,0.5,2.4387788461538458,3.1225697115384614,10.714,0.16666666666666666,0.5,0.3333333333333333,1,2,3,0.5589711538461539,30.0,74.0,72.0,Southpaw,balanced,1293,-3.0,,,,26.060336538461538,6.0,5.0,2022-12-10,0.675737387294036,0.3970497707562045,4.846637878258172,0.13602729977909866,0.08694071822312552,3.8546364723679005,0.10625496236387348,27.87862196648817,0.6425136996883627,0.5075773305226184,28.900179441901166,0.6412570646966601,0.2662807839381963,10.394686543942642
Jay Perrin,Bantamweight,bwx,0.5,0.417,1.9847210084033615,0.443,0.475,0.14446301717777058,0.28270252100840343,0.6666666666666666,3.8890386554621847,4.109063865546219,19.14,0.0,0.6666666666666666,0.3333333333333333,0,0,1,1.600635294117647,33.0,67.0,67.0,Switch,wrestler,1288,,,,,60.757815126050424,,,2022-12-10,0.6142290821490348,0.376446870548826,3.2974088153534447,0.06982946880437003,0.20236441360444526,7.385539968434975,0.13584126651323794,43.11527496599779,0.5880386395350508,0.4030293451193396,36.455082401922674,0.5750268735909005,0.19330621367597775,3.7788941864926175
Scott Holtzman,Lightweight,lwx,0.674,0.568,1.8023018867924527,0.55,0.478,0.33598101724470053,0.2322785793562708,0.6153846153846154,4.272288568257492,3.7727913429522753,20.66,0.23076923076923078,0.6153846153846154,0.15384615384615385,2,2,0,1.0948446170921198,42.7,69.0,69.0,Orthodox,balanced,1295,,,,,78.47524972253052,,,2022-12-03,0.7062739299282591,0.4184950101012428,11.02901314880531,0.18329834282809,0.2616602018997278,8.792434600113168,0.14493519417178627,40.495467406749285,0.4690837266047359,0.5488986647286282,33.21811305507296,0.6393042800445933,0.2061627226141468,3.7513295127123047
Marcelo Rojo,Featherweight,fwx,0.667,0.5,1.0646940836940837,0.551,0.396,0.16130323227624369,0.35567099567099564,0.0,4.267936507936508,5.008388167388168,20.0,0.0,0.0,1.0,2,0,1,0.7735266955266955,38.0,71.0,68.0,Orthodox,striker,1295,,,,,32.03751803751803,,,2022-12-03,0.5625150663107986,0.3295364812904216,3.9280163108712247,0.0838473964829264,0.1068547487844428,5.2155242942424,0.09756307247927455,45.54499371258974,-2.2760545187683783,0.46682874423952647,41.308894273036266,0.6158271419993103,0.6928688177081673,8.903266666941038
Kevin Natividad,Bantamweight,bwx,0.833,0.5,2.5718638655462187,0.477,0.341,0.3281364865655257,0.28270252100840343,0.3333333333333333,3.28475294117647,4.02206386554622,11.0,0.0,0.3333333333333333,0.6666666666666666,2,0,0,1.7232067226890757,33.2,70.0,66.0,Orthodox,wrestler,1309,,,,,50.72924369747899,,,2022-11-19,0.6692231286142967,0.33421969999826967,5.317816978618751,0.13578909553158738,0.1688950258493432,4.630437927618648,0.10443983212672893,33.380581088446775,-4.371145033934337,0.5867028145070946,39.210184442739,0.5655979463537542,0.560653152451488,10.207465615064047
Silvana Gomez Juarez,Women's Strawweight,wswx,0.3,0.0,0.6496538461538461,0.619,0.32,0.5509672801613591,0.17769230769230765,0.25,4.11774358974359,4.170307692307693,16.33,0.25,0.25,0.5,0,1,2,0.5696538461538461,41.5,65.0,63.0,Orthodox,striker,1316,,,,,34.07948717948719,,,2022-11-12,0.6472535149956495,0.2989576986372101,3.908369338099533,0.08080587526221031,0.11360462153413317,4.149365986282058,0.07900132955157002,44.24253551132128,-0.44912666660262046,0.7149975418615493,35.74098988530376,0.6441568024524453,0.06726587822785675,3.027966706603685
Brad Riddell,Lightweight,lwx,0.634,0.36,1.6856483704974272,0.536,0.537,0.226348050333101,0.14743053173241852,0.5714285714285714,4.495082332761578,3.7570411663807888,21.18,0.0,0.5714285714285714,0.42857142857142855,1,0,2,1.378941680960549,34.7,71.0,67.0,Orthodox,balanced,1316,,,,,39.589022298456264,,,2022-11-12,0.6403124027932727,0.42784626522675157,7.432004278100188,0.12607338090867862,0.13204323028506443,3.7357488128563348,0.0642942040612044,49.238144051836365,6.315627485807013,0.35280519384722325,31.61958954195004,0.6235548518740663,0.11601771416991519,3.6216498122360523
Frankie Edgar,Bantamweight,bwx,0.656,0.315,2.231471972318339,0.659,0.405,0.10995628963285652,0.3352622837370242,0.6,3.7694491349480965,2.9388366782006923,18.19,0.23333333333333334,0.6,0.16666666666666666,5,5,0,2.245660207612456,44.7,68.0,66.0,Orthodox,wrestler,1316,,,,,63.12955017301039,,,2022-11-12,0.6579232551493787,0.3403214582312429,11.539076910418451,0.2134385851352503,0.2104324662760022,4.137817434295819,0.07668111090962298,38.48706386809504,2.6371095594764675,0.4305702127652116,30.479484115598293,0.7005891023284784,0.3071780172541452,3.1401161063863716
Michael Trizano,Featherweight,fwx,0.727,0.667,0.781532598714417,0.506,0.535,0.42082932963033687,0.5706088154269972,0.5714285714285714,3.6845959595959594,4.234701561065197,16.78,0.14285714285714285,0.5714285714285714,0.2857142857142857,1,1,1,0.5303351698806243,34.5,71.0,71.0,Orthodox,striker,1316,,,,,41.71478420569329,,,2022-11-12,0.5617532661592499,0.40412040436184726,4.21555583419078,0.08908515838799108,0.13894965495036932,5.284879096336073,0.10605383360059796,40.96802630195105,-6.687034693761695,0.9334364736069714,28.72687211314428,0.645217715542498,0.4522801567233792,4.627836363810963
Darrick Minner,Featherweight,fwx,0.667,0.889,2.1255858585858585,0.343,0.675,0.2629122625933705,1.957169696969697,0.3333333333333333,2.9551555555555553,2.958971717171717,9.5,0.16666666666666666,0.3333333333333333,0.5,2,0,1,0.9164686868686868,36.1,69.0,67.0,Orthodox,grappler,1323,,,,,88.54626262626262,,,2022-11-05,0.6020171253649276,0.5042539121893362,7.587111417609857,0.23879186174857478,0.2950483241491099,5.86336700596968,0.17701125599865006,23.931495598812823,4.144261836862135,1.8267801209676684,25.46622599112538,0.47984060930663797,0.29750817239571714,15.007286666858727
Shanna Young,Women's Flyweight,wflwx,0.56,0.0,0.6409111111111112,0.438,0.459,0.0496058023978358,0.5777,0.5,3.423211111111111,4.494477777777778,14.0,0.25,0.5,0.25,1,1,0,0.5431555555555556,35.3,65.0,67.0,Orthodox,striker,1323,,,,,33.20444444444444,,,2022-11-05,0.6397032884557264,0.36647634750662395,4.339365566095314,0.0988766991652753,0.11068273815673521,6.142438266797759,0.1315045764068792,36.706045238934145,-0.936483738755539,0.5757445460873323,36.0591191441817,0.5915063203249022,0.06097624645576202,12.303155615189382
Benito Lopez,Bantamweight,bwx,0.333,0.0,0.8775058823529412,0.543,0.438,0.31390514003054926,0.444364705882353,0.5,3.917658823529411,4.447305882352942,19.5,0.0,0.5,0.5,0,0,2,0.7578058823529412,32.2,73.0,70.0,Switch,striker,1323,,,,,35.30058823529412,,,2022-11-05,0.5323318092990813,0.3406328658513338,3.3138041420056923,0.06832428309896346,0.11754505238008008,4.614133186666317,0.08614009786613258,46.85979416667664,-4.3604661904068305,0.7276506769794222,37.84462567311091,0.6334961079749257,0.35664293696648053,6.788675270323898
Ramona Pascual,Women's Bantamweight,wbwx,1.0,0.19,1.290324675324675,0.462,0.574,0.052308802308802305,0.2153246753246753,0.6666666666666666,3.7950779220779225,6.112818181818182,18.29,0.0,0.6666666666666666,0.3333333333333333,1,0,0,1.7916363636363637,37.7,66.0,67.0,Southpaw,balanced,1323,,,,,50.22987012987013,,,2022-11-05,0.5219053104904835,0.3650485449224775,3.723226570435254,0.08648662742909395,0.16744249083464716,9.70697548082463,0.19128506939445242,39.87212965032662,-31.419348278957777,0.24671430443147283,41.68023069723195,0.6238986260393656,0.6468691105619394,5.347317898419715
Jared Vanderaa,Heavyweight,hwx,0.2,0.0,0.43284135472370766,0.452,0.444,0.09898768919296569,0.10727272727272727,0.42857142857142855,4.518247771836007,5.045110516934046,23.35,0.0,0.42857142857142855,0.5714285714285714,3,0,1,0.34491087344028515,34.1,80.0,76.0,Orthodox,striker,1330,,,,,27.129768270944737,,,2022-10-29,0.5649919707909545,0.34816270055695464,2.7788599524662305,0.05751904102032748,0.09043406580002368,7.079904732477029,0.11470290831068902,52.79267911512936,-1.977830684651274,0.1885761476704598,45.91512760138483,0.5511729936169114,0.2092877155391313,12.279414564518184
TJ Dillashaw,Bantamweight,bwx,0.778,0.307,1.5979112299465241,0.62,0.411,0.48778368728383614,0.7575871657754011,0.3888888888888889,4.842057754010695,3.5349294117647063,22.46,0.4444444444444444,0.3888888888888889,0.16666666666666666,3,7,0,1.5028385026737967,40.4,67.0,66.0,Orthodox,balanced,1337,,,,,63.55475935828877,,,2022-10-22,0.6569589552781478,0.34133320709431797,10.259565142547526,0.15861110144020077,0.21180426147154427,6.61150297696957,0.1031623408514324,47.54447060606423,8.958012294397514,1.1591457007197898,32.7435002447676,0.6629227671533667,0.20877924980599294,4.944972825572326
Gadzhi Omargadzhiev,Middleweight,mw,0.6,0.222,1.1482051282051282,0.388,0.365,0.24120179829207614,0.25521794871794873,1.0,2.773076923076923,2.943852564102564,8.333,0.0,1.0,0.0,0,0,0,1.2485897435897437,29.7,71.0,73.0,Switch,balanced,1342,-2.0,,,,37.69423076923077,0.0,2.0,2022-10-22,0.6126330327840959,0.35994998251247096,4.510081961069411,0.10540613274426308,0.1256514390711919,5.9266496406001155,0.16867989963699595,31.157277624920837,-1.648534896069128,0.4963966909174586,29.333811845069775,0.5507595799318342,0.19579637621614254,7.052497450513712
Brandon Davis,Bantamweight,bwx,0.576,0.429,1.1222343891402715,0.582,0.385,0.07778777848033801,0.24914751131221724,0.6666666666666666,3.977405429864253,4.146188235294118,19.0,0.1111111111111111,0.6666666666666666,0.2222222222222222,1,0,1,0.8879574660633485,36.1,72.0,70.0,Orthodox,striker,1344,,,,,31.677285067873306,,,2022-10-15,0.5808260924046142,0.3087128472932245,3.383745692739289,0.06584072890221147,0.10543463647023882,4.329433131593988,0.07961619931241781,47.46388671126589,0.9788435483784054,0.30731680456258753,40.38599038077728,0.6295885848052803,0.46529197458806826,6.786341972373235
Nick Maximov,Middleweight,mwx,0.357,0.469,3.2369571428571433,0.459,0.409,0.10676959755630311,0.3691,0.75,2.652271428571429,3.7006571428571426,8.1,0.0,0.75,0.25,0,0,1,2.1708857142857143,28.5,76.0,72.0,Southpaw,wrestler,1344,,,,,82.88714285714286,,,2022-10-15,0.6958031783609091,0.3731857690685541,3.8309244850630115,0.10739843960959397,0.2762899778518224,5.096824277264205,0.15866271975392282,25.687853630985728,-8.417715217769683,0.4223756502788497,36.49406688660238,0.5229755762206665,0.20394072684906517,10.563082784853393
Mike Jackson,Welterweight,wwx,0.889,0.333,0.9786547619047619,0.62,0.572,0.12632275355178232,0.25985714285714284,0.0,4.277047619047619,3.907892857142857,15.83,0.0,0.0,0.5,1,0,1,0.8342738095238096,41.2,74.0,74.0,Orthodox,striker,1344,,,,,64.8047619047619,,,2022-10-15,0.7241676207566344,0.47151542876719904,6.950990318247211,0.14625264456237116,0.21607364127621903,7.058446205975572,0.1439266324092271,36.7449395068922,3.5848709230870623,0.35765331951597434,30.07272369314761,0.6568524725234186,0.8743822476797626,5.24286703368052
Randy Costa,Bantamweight,bwx,0.5,0.0,0.702004705882353,0.58,0.463,0.7011241120244394,0.19789176470588238,0.0,5.413927058823529,6.079444705882353,19.33,0.3333333333333333,0.0,0.6666666666666666,2,2,2,0.672844705882353,32.0,73.0,69.0,Switch,striker,1358,,,,,35.7204705882353,,,2022-10-01,0.7394817162279477,0.40040886663007147,3.051043313604554,0.06164439553310534,0.11892493079295297,5.141306549333054,0.0941110172849485,47.03783533334131,3.5116270476745357,0.8821205415835378,31.775700538488728,0.6778514057486638,0.3353143495731844,7.930940216259119
Aleksei Oleinik,Heavyweight,hwx,0.375,0.467,1.6968216619981324,0.443,0.489,0.21933837906823653,1.6307142857142856,0.23529411764705882,3.393653594771242,3.8184388422035473,13.1,0.47058823529411764,0.23529411764705882,0.29411764705882354,5,1,0,0.998048552754435,49.0,80.0,74.0,Orthodox,grappler,1358,,,,,68.14416433239963,,,2022-10-01,0.631292518402037,0.3947441478333565,3.388656188759236,0.08390073035598841,0.22722244169163802,8.381080205179458,0.2071863816421583,29.517405471008065,1.4125590840467634,1.5224233023101423,35.22754148385105,0.5069649322175477,0.4695225810266309,10.157371311057867
Francisco Trinaldo,Welterweight,wwx,0.603,0.42,1.0140412698412697,0.607,0.452,0.22486253820204397,0.5130285714285715,0.6538461538461539,3.2565460317460317,2.858504761904762,14.84,0.2692307692307692,0.6538461538461539,0.07692307692307693,0,5,2,0.7928063492063492,47.8,70.0,69.0,Southpaw,balanced,1358,,,,,56.834603174603174,,,2022-10-01,0.612742405473899,0.3628573407400724,5.930068006434551,0.13227074851119183,0.18955972481962793,7.305781733358192,0.1616290921345406,32.54472896654381,1.0736126383134128,0.7071389244199461,21.652726318172697,0.7076665695050629,0.22434506996950535,3.9618233658442175
Jesse Ronson,Lightweight,lwx,0.571,0.286,0.89091320754717,0.572,0.477,0.25402487217313374,0.4357735849056604,0.5,3.772690566037736,3.6942452830188683,16.64,0.0,0.5,0.3333333333333333,1,0,1,0.7871358490566038,40.5,70.0,70.0,Southpaw,striker,1358,,,,,26.607924528301886,,,2022-10-01,0.5603009630535252,0.36384852334218143,4.297893781540457,0.08591843955271766,0.08869853370572774,4.061424534478102,0.0782391227982738,43.573723162902354,4.277442335228051,0.6502705871815253,31.77650647933832,0.6480128938691776,0.2561909141583353,6.497260171610918
Krzysztof Jotko,Middleweight,mw,0.821,0.396,1.2584871794871793,0.573,0.425,0.1768513074485297,0.12715750915750915,0.7058823529411765,2.935831501831502,2.3391483516483516,14.222,0.058823529411764705,0.7058823529411765,0.23529411764705882,2,1,2,1.0776446886446887,33.1,77.0,73.0,Southpaw,balanced,1363,-1.0,,,,62.04120879120879,11.0,6.0,2022-10-01,0.6516897950811702,0.35567415080714726,7.2441504015753875,0.16733329983169423,0.2067751907046439,10.363169738584158,0.24035199513437983,26.43541265473929,0.6274027281072333,0.3037323878811786,18.371565289067554,0.6923362096936959,0.16387832971254865,2.8975389541150287
Alen Amedovski,Middleweight,mw,0.0,,0.6111538461538462,0.462,0.303,0.1809013487190571,0.19141346153846153,0.25,1.9965576923076922,2.916139423076923,3.333,0.0,0.25,0.75,2,0,1,0.5614423076923077,34.4,74.0,70.0,Orthodox,balanced,1377,-4.0,,,,25.62067307692308,0.0,4.0,2022-09-17,0.6444747745880719,0.3181679088011153,3.7575614708020586,0.13905459955819732,0.08534969041450502,2.6949872304500864,0.05650992472774696,23.492958218690628,-3.486401172051846,0.3722975181880939,31.50035888380233,0.5452190474261069,0.896847282162107,13.789373087885284
Khalid Taha,Bantamweight,bwx,0.619,0.0,0.702004705882353,0.466,0.325,0.3582669691672965,0.34369176470588236,0.5,3.0799270588235292,4.000444705882353,11.64,0.16666666666666666,0.5,0.16666666666666666,1,1,0,0.734644705882353,34.3,69.0,65.0,Orthodox,balanced,1386,,,,,29.600470588235293,,,2022-09-03,0.6586482066023923,0.30931310973691806,4.622471885033126,0.11802264812460099,0.09865508952311168,4.39844940647591,0.10473086073745538,32.36640676191274,-7.302658666611178,0.6678348272978234,37.98998625277444,0.5518096741037258,0.13531434957318442,9.20236878768769
Leonardo Santos,Lightweight,lwx,0.87,0.259,1.0576088050314467,0.541,0.469,0.3374817829139573,0.2929157232704403,0.45454545454545453,3.1644603773584907,3.5968301886792458,12.92,0.36363636363636365,0.45454545454545453,0.18181818181818182,1,2,1,1.0859572327044025,46.4,75.0,72.0,Orthodox,balanced,1400,,,,,39.131949685534586,,,2022-08-20,0.619311105963744,0.3838707655637653,6.487240543004995,0.15811518832773996,0.13049987717133987,4.891132839835219,0.1158924692216028,31.702994929114386,-4.8857344138772705,0.5994477907217496,26.700821169375732,0.6593869045565758,0.16969504167332244,4.802935352502517
Luis Saldana,Featherweight,fwx,0.444,0.176,1.1337323232323233,0.581,0.486,0.3911403282417132,0.43621212121212116,1.0,4.290944444444444,4.015964646464647,24.0,0.0,1.0,0.0,0,0,0,1.2915858585858586,35.4,73.0,71.0,Orthodox,striker,1400,0.0,,,,44.23282828282828,,,2022-08-20,0.5547874885775044,0.37057605837095764,3.4838892720123216,0.07206438858922726,0.1473520718530541,4.2042087574621,0.07451699397492079,53.664369498516024,3.805327296077669,0.7834751512095857,36.08278248890673,0.6331894396851634,0.3093852154946464,3.2591083335734083
Harry Hunsucker,Light Heavyweight,lhwx,0.0,0.0,0.681037037037037,0.359,0.474,0.15948725950286255,1.8776137566137565,0.0,3.1553809523809524,5.176042328042328,3.0,0.0,0.0,1.0,3,0,0,0.7475185185185185,37.5,75.0,74.0,Orthodox,grappler,1400,,,,,26.06137566137567,,,2022-08-20,0.4867931722578021,0.33719782439142715,2.76722052364564,0.06503456206561367,0.08966781812797461,3.232147113821322,0.0711114929024743,23.65458181491884,-3.2568114897829803,0.6886654021665056,25.48688967193414,0.5102836564466652,1.6056913514974724,7.1980422723150586
Wu Yanan,Women's Bantamweight,wbwx,0.632,0.3,0.7289272727272726,0.499,0.414,0.036616161616161616,0.2737272727272727,0.6666666666666666,4.033854545454546,4.722672727272727,20.6,0.16666666666666666,0.6666666666666666,0.16666666666666666,1,0,0,0.7543454545454547,30.2,66.0,68.0,Orthodox,striker,1400,,,,,50.370909090909095,,,2022-08-20,0.5525985838481928,0.3242098707737974,3.180544313590392,0.06904336978289004,0.16789545786996726,9.79488283657724,0.17507066508097108,44.95906218380007,-5.373543795270445,0.292700013102031,43.704732916633795,0.5787479560778556,0.06709409167907192,8.243122528893801
Charlie Ontiveros,Lightweight,lwx,0.333,0.0,0.8818760107816713,0.322,0.431,0.8220763480024359,0.23167654986522912,0.0,3.3705579514824797,5.064064690026955,7.75,0.0,0.0,1.0,2,0,1,0.6959083557951483,35.0,74.0,74.0,Switch,balanced,1407,,,,,29.86846361185984,,,2022-08-13,0.7184299867755014,0.38867667387161997,3.7061747899557567,0.08138464209356612,0.09956933386532534,4.01121872272382,0.09806395917247122,33.6410330898605,1.472876805427828,1.020794716381771,41.07868272558536,0.5042008469605809,0.18231355083843814,21.542004326791105
Nina Nunes,Women's Flyweight,wflwx,0.737,0.333,0.5626376068376069,0.556,0.452,0.030526647629437416,0.48919999999999997,0.7777777777777778,4.199976068376069,3.6392940170940173,21.68,0.1111111111111111,0.7777777777777778,0.1111111111111111,0,0,1,0.46963418803418805,40.5,64.0,65.0,Orthodox,striker,1407,,,,,41.38735042735042,,,2022-08-13,0.5779302179799727,0.3479539226246361,3.8703788099048078,0.06839758268246292,0.13795860809645244,6.106115856490929,0.10267683595761726,51.166797070113326,11.082163853073514,0.5019966437460506,31.66099639641951,0.635912360706269,0.03752384397277663,6.36194191703962
Dominick Cruz,Bantamweight,bwx,0.838,0.318,2.138574789915966,0.658,0.38,0.12862248603249432,0.19992268907563027,0.7,4.107233613445378,3.3836033613445378,20.53,0.1,0.7,0.2,2,1,0,2.0873176470588235,41.3,68.0,68.0,Orthodox,wrestler,1407,,,,,41.67176470588236,,,2022-08-13,0.6503434514676069,0.3236039441331013,3.382324171371674,0.06285197129464579,0.13892298732495806,4.661083625463459,0.08127419511764351,50.53454403509342,9.46319225209835,0.31429662744688786,28.753319933506987,0.7119223612043747,0.49138994894325194,2.367964816124934
Sam Alvey,Middleweight,mw,0.821,0.143,0.22432967032967036,0.528,0.445,0.3978399457878625,0.10440384615384615,0.5,2.9737307692307695,3.2277541208791205,14.577,0.25,0.5,0.25,4,5,2,0.27612637362637366,36.3,75.0,74.0,Southpaw,balanced,1419,-8.0,,,,19.948763736263736,10.0,13.0,2022-08-06,0.6691149186346621,0.37162149607784895,2.3428197608885,0.05222517394086452,0.06654069298778287,8.286479868040685,0.1880265823383461,33.98150454599953,-6.13347725794888,0.5019751150867081,27.37372891185561,0.6224458166010807,0.38811021248587674,3.022238464670521
Miranda Granger,Women's Strawweight,wswx,0.333,0.0,0.6496538461538461,0.579,0.47,0.05096728016135911,0.17769230769230765,0.5,3.3842435897435896,3.4323076923076927,12.33,0.0,0.5,0.5,0,0,2,0.5696538461538461,34.2,68.0,67.0,Orthodox,balanced,1414,,,,,39.129487179487185,,,2022-08-06,0.5627710733703507,0.35391657623759715,2.8250360047661993,0.06310960756594261,0.13036388079339242,8.149365986282058,0.19372830142139905,35.325868844654615,0.7175400000640461,0.2149975418615493,27.490989885303758,0.650446110628546,0.06726587822785675,5.861300039937018
Charles Rosa,Featherweight,fwx,0.38,0.351,1.6356387403446229,0.472,0.363,0.06641897799610033,0.913452762923351,0.7692307692307693,3.245915032679738,3.877865715983363,14.95,0.15384615384615385,0.7692307692307693,0.07692307692307693,1,0,0,1.4528051099227568,39.8,69.0,69.0,Switch,grappler,1428,,,,,43.58015448603684,,,2022-07-23,0.5712266856386663,0.2951365723875891,3.6426569547148606,0.0815582939884489,0.14527749857207847,2.5809949001729433,0.055434039311485134,39.99467944604252,-0.7052831802241811,0.9362617563720785,37.63037140972399,0.5551203246060072,0.2727790521246667,10.034492951888282
Shane Burgos,Featherweight,fwx,0.915,0.444,0.7177905723905724,0.564,0.524,0.501081293341817,0.47911313131313127,0.5454545454545454,6.436637037037036,6.022114478114478,33.55,0.2727272727272727,0.5454545454545454,0.18181818181818182,2,2,0,0.5236457912457912,35.3,75.0,71.0,Orthodox,striker,1435,,,,,34.777508417508415,,,2022-07-16,0.6344621591501676,0.4238987433919247,7.1354936332452805,0.08928904143562207,0.11592110498829553,8.831491982474411,0.10152302356725121,71.36078201211177,1.1112283213489504,0.9275308333332843,54.40974205859972,0.6246476319414019,0.4531774912745641,4.017761003712269
Antonina Shevchenko,Women's Flyweight,wflwx,0.485,0.429,0.7412740740740741,0.528,0.533,0.033070534931890536,0.47946666666666665,0.5,3.5461407407407406,3.3663185185185185,16.4,0.25,0.5,0.25,1,1,1,0.5621037037037038,41.6,67.0,68.0,Southpaw,balanced,1442,,,,,63.40296296296296,,,2022-07-09,0.6315211237788466,0.41562180916273733,5.992910377396875,0.12404788074432989,0.2112329365489346,8.79495884453184,0.1769263958856547,35.47069682595609,7.575677507496308,0.4838296973915548,32.1394127627878,0.5918715604887104,0.04065083097050801,14.202103743459586
Karl Roberson,Middleweight,mw,0.407,0.4,0.8006593406593406,0.577,0.515,0.2161541541552507,0.44795054945054946,0.2,2.51389010989011,2.4270796703296704,10.947,0.2,0.2,0.6,2,0,4,0.6965384615384617,31.8,74.0,73.0,Southpaw,balanced,1447,-4.0,,,,46.583241758241755,4.0,6.0,2022-07-09,0.6186833876767005,0.41641942473156757,7.69605016376659,0.21860812282446437,0.15522906286008473,5.26179721439253,0.1456155613828884,24.755374621206677,2.774688052060599,0.6638692585134972,25.436295302022383,0.61657057393904,0.30947664243849715,11.293175599092342
Cortney Casey,Women's Flyweight,wflwx,0.396,0.312,0.5809099415204679,0.552,0.391,0.020886653641194023,0.4779263157894737,0.7333333333333333,4.177878362573099,4.00409590643275,20.92,0.2,0.7333333333333333,0.06666666666666667,0,1,1,0.5313286549707602,39.1,67.0,67.0,Orthodox,striker,1442,,,,,25.175555555555555,,,2022-07-09,0.6678560506898945,0.32767217321508807,5.861919104752683,0.09894653587144718,0.08404725277314627,7.218678460514037,0.12021444349374127,47.50052107226377,1.7992133245725668,0.4804754364092411,35.09938619835991,0.6392021715933494,0.08640295397327633,6.069344874411724
Uriah Hall,Middleweight,mw,0.644,0.389,0.5983578595317727,0.544,0.486,0.5035019183950343,0.17644816053511705,0.42105263157894735,2.9063678929765886,3.334483277591973,14.089,0.42105263157894735,0.42105263157894735,0.15789473684210525,3,6,0,0.5257190635451505,37.9,79.0,72.0,Orthodox,balanced,1454,-2.0,,,,21.82892976588629,10.0,9.0,2022-07-02,0.5788901424160404,0.3894101896304354,6.002630076800716,0.1395477252063624,0.07279473933902268,2.9750680221855372,0.0678657480605632,34.61494198910978,-3.4010670743368734,0.6802194266161485,29.45809584364139,0.642388167389625,0.2162947068389937,5.376013827670244
Jessica Eye,Women's Flyweight,wflwx,0.571,0.409,0.7219644444444444,0.558,0.375,0.01984232095913432,0.46168000000000003,0.8125,3.8416844444444442,4.154991111111111,18.65,0.0625,0.8125,0.0625,1,1,0,0.5636622222222223,39.9,66.0,66.0,Orthodox,striker,1449,,,,,42.92177777777778,,,2022-07-02,0.6015956010965763,0.2934144383737188,2.0957462264381252,0.04100319363259057,0.14297309526269408,7.8269753067191035,0.14219480741829837,45.30241809557366,1.6554065044977844,0.4602978184349329,36.66364765767268,0.6439615175541678,0.12439049858230482,5.631262246075753
Alan Baudot,Heavyweight,hwx,0.625,0.0,0.595156862745098,0.468,0.586,0.3236080726403278,0.1475,0.25,4.60971568627451,4.348901960784314,20.88,0.0,0.25,0.5,2,0,0,0.4226274509803921,38.4,79.0,75.0,Orthodox,striker,1456,,,,,34.47843137254902,,,2022-06-25,0.6888931759645026,0.4709836002714624,6.4900500816998905,0.12354070933700662,0.11497184047503256,9.657663124802973,0.16773361834076322,40.009051430361694,1.0635710438986161,0.4467922030468822,35.5046239813159,0.5713739347630573,0.1333588441604232,9.329047967388972
Raulian Paiva,Bantamweight,bwx,0.745,0.188,1.008549732620321,0.521,0.4,0.21124919274949036,0.3033561497326204,0.5714285714285714,3.835024598930481,4.335767914438502,18.81,0.14285714285714285,0.5714285714285714,0.2857142857142857,2,1,0,1.1874951871657755,30.7,69.0,68.0,Orthodox,striker,1456,,,,,39.41860962566845,,,2022-06-25,0.596073266848619,0.3287011649708237,2.9384484669132305,0.05939386252809095,0.13135852294308856,4.276187772120958,0.07972329121114732,47.27303212121937,-5.455339047568604,0.4951095832577616,38.82450048953521,0.6136452291958996,0.3616494087028949,5.397445651144653
Eddie Wineland,Bantamweight,bwx,0.933,0.231,0.5894023529411765,0.615,0.295,0.6152679383651609,0.09894588235294119,0.375,3.539063529411765,4.255722352941176,15.5,0.3125,0.375,0.3125,5,5,0,0.6087223529411765,42.0,69.0,67.0,Orthodox,striker,1463,,,,,18.12023529411765,,,2022-06-18,0.7106654148109575,0.2738132310243347,3.919639303861101,0.08444059729544098,0.06027292291281634,2.6530062158429977,0.054796135482754305,40.84244707843536,-7.797127652633321,0.7057661531447101,34.25843850453849,0.6845973655069887,0.42059835125718054,3.677234814011912
Gloria de Paula,Women's Strawweight,wswx,0.444,0.375,1.1386538461538462,0.661,0.525,0.05096728016135911,0.17769230769230765,0.75,4.477743589743589,4.5193076923076925,22.9,0.0,0.75,0.25,1,0,0,0.9696538461538461,31.0,67.0,65.0,Orthodox,striker,1463,,,,,46.22948717948718,,,2022-06-18,0.6773310481923343,0.40331223053788356,2.158369338099533,0.045091589547924596,0.15410462153413318,7.349365986282059,0.1197285374653032,52.642535511321285,0.6008733333973796,0.2149975418615493,38.49098988530376,0.6867776675923944,0.21726587822785676,4.977966706603685
Tony Kelley,Bantamweight,bwx,0.524,0.0,0.8775058823529412,0.456,0.472,0.12640514003054926,0.943864705882353,0.5,4.642658823529412,4.337805882352941,26.56,0.25,0.5,0.25,1,1,0,0.8133058823529412,39.4,70.0,69.0,Switch,grappler,1463,,,,,46.30058823529412,,,2022-06-18,0.5422824583710693,0.35891797654691027,6.397137475339026,0.10362092509016613,0.15421171904674674,14.926633186666317,0.20792155908274024,44.04729416667664,-4.1104661904068305,1.0193173436460887,34.80295900644424,0.6055057296674689,0.33580960363314716,3.997008603657231
Danny Chavez,Featherweight,fwx,0.875,0.6,1.7327323232323233,0.51,0.386,0.14114032824171321,0.31121212121212116,0.75,3.319444444444444,3.8899646464646462,13.2,0.0,0.75,0.25,1,0,0,1.0830858585858585,39.3,67.0,68.0,Orthodox,balanced,1463,,,,,33.83282828282828,,,2022-06-18,0.5882470845371003,0.3337454838821553,4.533889272012321,0.10710226737710604,0.11276873851972079,4.1042087574621,0.09187810508603189,36.514369498516025,-6.744672703922331,0.40847515120958566,28.157782488906726,0.6339031957103765,0.3343852154946464,4.359108333573408
Deron Winn,Middleweight,mwx,0.4,0.528,3.0920730158730163,0.46,0.446,0.09490630893893609,0.18408888888888889,0.6,4.1054634920634925,5.233139682539683,21.64,0.0,0.6,0.4,1,0,1,1.9357873015873015,37.0,70.0,66.0,Orthodox,wrestler,1463,,,,,70.56634920634922,,,2022-06-18,0.6835068575882435,0.3823165588751809,3.7814566851353755,0.0772251840384727,0.23516781100056175,8.749558087726912,0.16137877307113693,43.50983814817779,-11.330032574525431,0.24211168913675532,55.610599137297356,0.5228069194088765,0.419375884183296,6.575121205583967
Joanna Jedrzejczyk,Women's Strawweight,wswx,0.801,0.625,0.4859068825910931,0.628,0.481,0.06301115397375785,0.11744939271255059,0.7333333333333333,5.797628879892038,3.470182186234818,30.77,0.13333333333333333,0.7333333333333333,0.13333333333333333,2,2,0,0.3503805668016194,38.8,65.0,66.0,Orthodox,striker,1470,,,,,28.954520917678817,,,2022-06-11,0.4957750734540346,0.3407772166078014,1.573607034324457,0.026187516789788094,0.0966239219017218,14.082281523309895,0.1628512065453056,68.9303750629386,29.39538156974072,0.17362777385860248,32.55299297109743,0.676702364900503,0.15297621465549646,4.183520607766649
Niklas Stolze,Lightweight,lwx,0.556,1.0,1.165590296495957,0.49,0.485,0.17921920514529313,0.5153908355795148,0.3333333333333333,3.260415094339623,3.3352075471698117,8.0,0.0,0.3333333333333333,0.6666666666666666,1,0,1,0.7674797843665769,33.5,74.0,73.0,Switch,balanced,1477,,,,,30.511320754716984,,,2022-06-04,0.537554410738635,0.3649454708641011,4.027603361384328,0.0943454715866537,0.10171219100818249,4.1183615798666775,0.10123216193744819,33.533890232717646,0.722876805427828,0.5922232878103424,27.79296843987107,0.5857445755631331,0.39659926512415244,4.506290041076821
Jeff Molina,Flyweight,flwx,0.737,0.0,0.6679619047619046,0.562,0.516,0.5959297052154194,0.26899047619047617,0.6666666666666666,5.55447619047619,4.3922,36.5,0.3333333333333333,0.6666666666666666,0.0,0,1,0,0.7720095238095238,28.9,69.0,66.0,Orthodox,striker,1477,,,,,37.40666666666667,,,2022-06-04,0.7123879569595489,0.40122053791794393,9.230790558647701,0.12136879404831172,0.12461865286389096,3.990931211645498,0.05819963105643157,60.93215800072943,11.498542013542012,0.8521338185623899,34.562318475175616,0.6508444152529455,0.2652537938252224,4.10341071626786
Poliana Botelho,Women's Flyweight,wflwx,0.769,0.571,1.0095717171717171,0.542,0.586,0.1633496744711533,0.18050909090909092,0.5714285714285714,3.2191535353535357,3.2487111111111115,13.6,0.14285714285714285,0.5714285714285714,0.2857142857142857,0,1,2,0.6558404040404041,37.5,67.0,68.0,Orthodox,balanced,1477,,,,,55.50323232323231,,,2022-06-04,0.5455035884465379,0.4290893475512494,4.428629502614774,0.10417414128241057,0.18508239542712054,11.412682375852917,0.2672465164802768,29.168032901043013,0.2825572809050625,0.32781421533624167,24.824813923041237,0.63996404722125,0.04434636105873602,10.911385901955915
Zarrukh Adashev,Flyweight,flwx,1.0,0.0,0.5844666666666666,0.65,0.404,0.09956349206349206,0.47286666666666666,0.5,3.621166666666667,3.5508,14.38,0.0,0.5,0.5,2,0,0,0.9411333333333334,33.9,65.0,65.0,Southpaw,striker,1477,,,,,23.343333333333334,,,2022-06-04,0.6339968476880269,0.33789888398690443,2.686316738816738,0.06223923737714471,0.07773923792257126,2.5076898101898104,0.057747935065979764,40.19063825063825,2.514349261849262,0.5112420912420912,28.835778665778665,0.6711262345537901,0.7945970695970697,4.809234376734377
Alex Da Silva,Lightweight,lwx,0.769,0.438,1.7591415094339624,0.566,0.463,0.29318044086576783,0.3437169811320755,0.75,3.13061320754717,3.334556603773585,10.36,0.0,0.75,0.25,0,0,1,1.3364198113207548,30.4,73.0,68.0,Orthodox,wrestler,1477,,,,,100.98490566037735,,,2022-06-04,0.6298995830805161,0.3695665214558493,5.416198395756741,0.1380621560593746,0.3365928641018566,3.8933391096560697,0.08898932590579348,33.7057903172643,-2.7083918861597414,0.6034226495613223,31.56316556670537,0.6190417780162275,0.15952435698363338,5.136185604124036
Felice Herrig,Women's Strawweight,wswx,0.75,0.286,1.1448021978021978,0.481,0.376,0.029124160092205205,0.6815384615384615,0.6,3.875710622710623,4.934890109890111,17.71,0.2,0.6,0.2,0,0,2,1.159087912087912,41.8,65.0,64.0,Orthodox,balanced,1477,,,,,65.54542124542125,,,2022-06-04,0.612733444000258,0.31158688487194547,4.447639621771161,0.08627082427948632,0.21852803770204435,9.388923420732606,0.17633895216357937,39.99573457789787,-5.524500952344354,0.6585700239208853,44.60199422017358,0.5808392173768198,0.038437644701632426,9.498123832344962
Felipe Colares,Featherweight,fwx,0.432,0.244,1.7319858585858587,0.369,0.453,0.11291226259337057,0.5555696969696969,0.8333333333333334,2.8147555555555552,4.368371717171717,10.61,0.0,0.8333333333333334,0.16666666666666666,1,0,0,1.9664686868686867,32.2,69.0,68.0,Orthodox,balanced,1491,,,,,66.94626262626261,,,2022-05-21,0.6137834521767214,0.37776561787495505,4.587111417609857,0.12471084769511653,0.22310387970466553,3.9633670059696797,0.10299637586638224,30.83149559881282,-12.755738163137863,0.6267801209676686,43.86622599112538,0.4927416788253545,0.34750817239571713,7.607286666858727
Alan Patrick,Lightweight,lwx,0.438,0.333,2.589509433962264,0.435,0.407,0.17532388828693227,0.3029811320754717,0.5,2.47777897574124,3.2904609164420484,8.36,0.1,0.5,0.3,3,1,0,2.319382749326145,42.9,74.0,71.0,Southpaw,wrestler,1498,,,,,86.79137466307279,,,2022-05-14,0.6135311356495635,0.3429062868430456,5.549515966406449,0.18757345349667612,0.2894037145517103,3.5806093613619097,0.11031789231527227,24.481230830644538,-3.409990168714657,0.44611164390517116,28.275055648506964,0.5425619383823789,0.34829963256207613,10.096002163395552
Frank Camacho,Lightweight,lwx,0.731,0.312,1.2550943396226415,0.518,0.464,0.10454453633475431,0.13514465408805032,0.375,5.749075471698113,6.3423710691823905,27.69,0.125,0.375,0.5,3,1,1,1.07261320754717,37.1,73.0,70.0,Orthodox,striker,1498,,,,,32.98993710691824,,,2022-05-14,0.7270892076186056,0.40449970510964267,2.224435294140858,0.04241964021636815,0.11002655586588422,7.277377588255561,0.09922562719488841,64.1864359690853,-6.578321863500434,0.22046358455603307,54.96256492325813,0.5978058571081709,0.6063495713224222,3.753669190628146
Tristan Connelly,Featherweight,fwx,0.6,0.143,1.009836940836941,0.509,0.51,0.16130323227624369,0.4983852813852813,1.0,3.5800793650793645,3.5233881673881675,16.56,0.0,1.0,0.0,0,0,0,0.9998124098124099,40.5,68.0,70.0,Orthodox,striker,1512,,,,,51.92323232323232,,,2022-04-30,0.6697837623798303,0.4132237086179998,7.553016310871224,0.15962040702942687,0.17300554243523644,8.376238579956686,0.16956091524054015,34.33070799830403,0.49180262408876463,0.6096858870966694,32.66603713017911,0.5856158672059921,0.3535831034224531,6.153266666941038
Gina Mazany,Women's Flyweight,wflwx,0.333,0.528,3.3226074074074075,0.501,0.509,0.15807053493189052,0.3181333333333333,0.25,3.7468074074074074,3.688985185185185,15.31,0.125,0.25,0.625,4,1,1,1.8287703703703704,37.8,68.0,66.0,Southpaw,wrestler,1512,,,,,84.3362962962963,,,2022-04-30,0.5564008317596,0.36941589342132847,5.867910377396875,0.12782256134827877,0.2812051587711568,9.29495884453184,0.19719352712839566,32.9206968259561,2.050677507496307,0.4338296973915548,29.0644127627878,0.6026108417920097,0.165650830970508,5.427103743459589
Sergey Khandozhko,Welterweight,wwx,0.611,0.286,1.0407482993197277,0.609,0.412,0.6265117183448942,0.29697959183673467,0.6666666666666666,3.786625850340136,3.348877551020408,16.75,0.3333333333333333,0.6666666666666666,0.0,0,1,0,1.0427414965986395,34.1,74.0,73.0,Orthodox,striker,1519,,,,,36.96258503401361,,,2022-04-23,0.6047158623931731,0.36355010040926644,3.122560363711098,0.06527179129426416,0.12321114558552017,4.906081378257796,0.09665007568797766,44.36921657930537,8.382709626385214,0.8908895080182564,31.779541363597268,0.6329698246336302,0.30286542591972865,4.670419467063452
Ike Villanueva,Light Heavyweight,lhwx,1.0,0.5,0.834925925925926,0.364,0.385,0.31164108165200377,0.12482962962962962,0.0,3.691066666666667,5.98542962962963,10.22,0.16666666666666666,0.0,0.8333333333333334,5,1,0,0.5565629629629629,42.2,73.0,73.0,Orthodox,striker,1519,,,,,22.562962962962967,,,2022-04-23,0.7103204379717658,0.36290763595250364,2.5370543665519483,0.06508941083723392,0.07721191713402667,4.462502979674925,0.12151717546651461,29.45820727044319,-14.479768042848088,0.3820657815165539,28.540822770353895,0.5299258322399384,1.0239839460482307,4.238629590620541
Kevin Croom,Bantamweight,bwx,0.3,0.059,1.1170058823529412,0.419,0.342,0.31390514003054926,0.486864705882353,0.5,3.193658823529412,3.4608058823529415,10.38,0.0,0.5,0.25,1,0,0,1.8203058823529412,38.9,73.0,71.0,Orthodox,balanced,1526,,,,,60.40058823529412,,,2022-04-16,0.5971294614461311,0.3072618251273519,2.7513041420056923,0.061527866663992806,0.20129505238008008,3.6766331866663173,0.0813903295621474,34.67229416667664,1.8270338095931695,0.7276506769794222,29.40712567311091,0.5383131529031332,0.5441429369664805,5.851175270323898
Aspen Ladd,Women's Bantamweight,wbwx,0.625,0.471,1.3206611570247935,0.47,0.47,0.13934802571166205,0.5099338842975206,0.42857142857142855,3.763322314049587,4.54897520661157,16.11,0.42857142857142855,0.42857142857142855,0.14285714285714285,1,3,0,0.9226776859504132,31.3,66.0,66.0,Orthodox,balanced,1533,,,,,76.93719008264463,,,2022-04-09,0.7149928386506837,0.40097521255334834,12.836858466900356,0.2724693506837181,0.2564268472218558,8.419590457494461,0.17617435450493366,28.459753500424302,-13.312312541154949,0.5812424361533615,33.383090530273144,0.6130296387372103,0.16705523485976234,3.1149598747519396
Kay Hansen,Women's Strawweight,wswx,0.375,0.226,1.563653846153846,0.52,0.504,0.05096728016135911,0.5696923076923077,0.75,3.4947435897435897,3.7428076923076925,14.42,0.25,0.75,0.0,0,0,0,1.8611538461538462,26.9,63.0,62.0,Orthodox,balanced,1533,,,,,63.57948717948719,,,2022-04-09,0.6457789367250348,0.39084730719817884,4.283369338099533,0.09422453752480321,0.2119379548674665,5.649365986282058,0.11639663449435639,39.49253551132128,-0.07412666660262046,0.5899975418615493,34.74098988530376,0.6056117427347472,0.06726587822785675,6.027966706603685
Sara McMann,Women's Bantamweight,wbwx,0.25,0.562,2.7134866310160426,0.441,0.444,0.10347169170698582,0.4595454545454545,0.38461538461538464,2.4807967914438502,2.604866310160428,9.25,0.23076923076923078,0.38461538461538464,0.38461538461538464,1,1,4,1.5190267379679145,45.7,66.0,66.0,Orthodox,wrestler,1547,,,,,128.28877005347593,,,2022-03-26,0.6347100591458656,0.3628673422787395,10.646538671859894,0.36806480082419885,0.42749732815880426,6.385645366053838,0.20255077919876044,16.455750864420207,-3.376454333352362,0.5112521085474132,24.58051516104509,0.5250140878998482,0.20333265897088262,9.12830736993753
Mike Grundy,Featherweight,fwx,0.5,0.282,2.7882323232323234,0.563,0.452,0.30780699490837987,0.49571212121212116,0.5,2.936444444444444,4.200964646464646,9.44,0.25,0.5,0.25,0,1,1,2.7495858585858586,39.5,72.0,67.0,Orthodox,wrestler,1554,,,,,47.93282828282828,,,2022-03-19,0.67643781537489,0.39597524758250724,3.5672226053456546,0.09105948662844295,0.15980577555675782,4.787542090795433,0.1325643795958358,31.164369498516027,-16.94467270392233,0.7418084845429189,34.62444915557339,0.6322247125220641,0.18438521549464643,3.0091083335734083
Kazula Vargas,Lightweight,lwx,0.3,0.25,0.9696415094339623,0.579,0.539,0.15681680450213148,0.4007169811320755,0.5,3.88161320754717,2.959556603773585,17.25,0.0,0.5,0.25,0,0,1,0.8589198113207548,40.8,71.0,68.0,Southpaw,striker,1554,,,,,52.78490566037736,,,2022-03-19,0.5930956166426824,0.40283213852034905,5.5866529412112875,0.1098394253194814,0.17587316713215967,3.7910663823833426,0.07125477213004977,43.96715395362794,12.07001720474935,0.5181953768340496,28.25634738488719,0.6101926629277363,0.15952435698363338,5.255503785942219
Timur Valiev,Bantamweight,bwx,0.556,0.4,1.7430058823529413,0.453,0.53,0.2627687763941856,0.391864705882353,0.75,4.464658823529412,3.5753058823529416,24.55,0.0,0.75,0.0,0,0,0,1.4398058823529412,36.4,67.0,66.0,Orthodox,balanced,1554,,,,,66.70058823529412,,,2022-03-19,0.5413061682734404,0.3773082647558349,7.063804142005692,0.11661488138956175,0.22224202207704977,5.244815004848135,0.0887754255014602,50.047294166676636,12.48044290050226,0.6253779497066949,33.37871658220182,0.56965661869084,0.8509611187846623,8.390947997596625
Sabina Mazo,Women's Flyweight,wflwx,0.591,0.8,0.8810262626262627,0.573,0.437,0.13153149265297148,0.2842363636363636,0.5714285714285714,5.255517171717172,4.235711111111112,28.1,0.14285714285714285,0.5714285714285714,0.2857142857142857,0,0,2,0.517749494949495,29.2,70.0,67.0,Orthodox,striker,1561,,,,,46.53050505050505,,,2022-03-12,0.5313384918028984,0.31784138404522144,4.2059022298875,0.06611932051877673,0.15510259744732258,9.662682375852917,0.13381041800335772,58.82257835558847,10.050739099086881,0.3914505789726052,29.852086650313968,0.6832728345348336,0.13980090651328148,4.0386586292286415
Marlon Moraes,Bantamweight,bwx,0.462,0.417,1.1067364705882352,0.542,0.406,0.5912255984924834,0.3871278431372549,0.2727272727272727,3.464484705882353,4.339163137254903,13.81,0.2727272727272727,0.2727272727272727,0.45454545454545453,5,2,0,0.8228964705882352,38.1,67.0,66.0,Orthodox,balanced,1561,,,,,27.7803137254902,,,2022-03-12,0.6421832131174823,0.3420826318229269,3.357838399545893,0.07764798782666794,0.09250021841223319,1.9799186519363217,0.040671712672724285,38.66331879365612,-0.01129625393126202,0.9214136943890252,37.5933241685163,0.6038145966532479,0.509257185429742,12.106341096553697
Alex Oliveira,Welterweight,wwx,0.638,0.384,2.1830476190476196,0.467,0.511,0.34970056467213395,0.5622637362637362,0.3181818181818182,3.1555531135531134,2.7876593406593404,12.84,0.3181818181818182,0.3181818181818182,0.3181818181818182,2,4,5,1.6647765567765567,38.3,76.0,71.0,Orthodox,wrestler,1568,,,,,80.20146520146521,,,2022-03-05,0.5754092605230985,0.4019243751964131,6.608154006870413,0.16786275638768297,0.26745402114272643,8.374341375778982,0.21101722247697774,25.912100695998227,3.858139247920038,0.8353219005104097,22.476065688943375,0.5627092950282544,0.24549281090303526,7.525277768604995
Devonte Smith,Lightweight,lwx,0.833,0.25,0.8399132075471698,0.488,0.516,0.4854534436017051,0.3847735849056604,0.16666666666666666,4.0684905660377355,3.9180452830188686,16.3,0.5,0.16666666666666666,0.3333333333333333,2,3,0,0.7271358490566039,32.9,76.0,69.0,Orthodox,striker,1568,,,,,32.72792452830189,,,2022-03-05,0.5973003574556948,0.39435451586597814,5.249322352969029,0.10618753563212997,0.10909853370572775,7.532853105906673,0.15004196120897445,38.533723162902355,1.3460137637994793,0.8045563014672397,25.245077907909753,0.6370582399312302,0.4876194855869066,4.054403028753775
Greg Hardy,Heavyweight,hwx,0.643,0.333,0.4836610644257703,0.551,0.499,0.1905579963959768,0.08428571428571428,0.2,4.387266106442577,3.4556582633053217,18.05,0.3,0.2,0.3,3,3,0,0.35435854341736694,37.9,80.0,77.0,Orthodox,striker,1568,,,,,26.030532212885152,,,2022-03-05,0.6059574978731185,0.4067843390692655,9.686043655708207,0.1863149373542768,0.08678215445691083,3.3476120111656087,0.06512206133848679,39.84727750907886,5.609634581475901,0.26094892805686504,25.042115959248186,0.6368200712893121,0.18898700869317417,6.080884552793698
Alejandro Perez,Featherweight,fwx,0.71,0.227,0.7699916815210933,0.617,0.356,0.14288956623139445,0.3942174688057041,0.5384615384615384,3.5273267973856206,3.3632186571598335,15.97,0.3076923076923077,0.5384615384615384,0.15384615384615385,1,3,1,0.8349227569815805,36.8,67.0,66.0,Orthodox,striker,1575,,,,,25.38015448603684,,,2022-02-26,0.6192504933489018,0.30038552488255565,6.486536128005799,0.13757019162559894,0.0846820207413065,3.296098238805694,0.06832988235576662,38.77735035224284,-2.579845978316391,0.49810595351039333,24.109544700661992,0.709185280602788,0.4691224543504218,2.563109804034545
Chas Skelly,Featherweight,fwx,0.391,0.342,1.6828661616161618,0.49,0.407,0.23723683078752328,1.8596060606060603,0.3333333333333333,2.455972222222222,3.3932323232323234,8.37,0.5,0.3333333333333333,0.08333333333333333,1,2,0,1.3467929292929293,41.1,72.0,71.0,Orthodox,grappler,1582,,,,,85.19141414141414,,,2022-02-19,0.8029898603162842,0.3880150956033516,3.5336113026728273,0.11710704680198826,0.28406955444504556,5.72710437873105,0.20430925903269145,22.24885141592468,-3.722336351961165,1.7875709089381262,30.978891244453365,0.5545566214855051,0.25885927441398987,11.17122083345337
Roxanne Modafferi,Women's Flyweight,wflwx,0.3,0.276,1.3014555555555556,0.523,0.303,0.08561371200972871,0.1856,0.9166666666666666,3.484855555555556,5.293738888888889,16.81,0.08333333333333333,0.9166666666666666,0.0,0,1,0,1.422577777777778,43.7,69.0,67.0,Orthodox,balanced,1589,,,,,74.35222222222222,,,2022-02-12,0.7826215110170226,0.2924228798427171,4.464277377642251,0.09075667755691419,0.2478548825918811,3.8495975117772585,0.07581200340784935,42.60437397081843,-22.986485112621015,0.2594938946652877,57.16739740992869,0.5877287957556715,0.15210974484950263,6.044145375162259
Alexis Davis,Women's Bantamweight,wbwx,0.273,0.462,0.9719595959595959,0.551,0.474,0.020342312008978673,0.6631818181818182,0.7857142857142857,4.066919191919192,4.173707070707071,19.84,0.07142857142857142,0.7857142857142857,0.14285714285714285,1,0,1,0.7287474747474748,41.7,68.0,66.0,Orthodox,striker,1596,,,,,83.26161616161616,,,2022-02-05,0.5275088862193319,0.34665437557200424,7.189776080649633,0.12978638333117873,0.27743899706226255,7.362654207455192,0.13180003656527556,43.331642733690096,-5.095828424273054,0.648576030670719,42.052337000469066,0.6097090653685332,0.03727449537726218,5.57074058622755
Danilo Marques,Light Heavyweight,lhwx,0.0,0.286,2.561907407407407,0.522,0.797,0.13955135206500474,0.549037037037037,0.25,2.5898333333333334,3.3090370370370374,6.11,0.25,0.25,0.5,2,0,0,2.4737037037037037,40.5,77.0,78.0,Orthodox,wrestler,1596,,,,,98.20370370370372,,,2022-02-05,0.6645803893619404,0.5859134809578834,7.087984624856601,0.3114506963528665,0.32975563715827405,2.8281287245936566,0.06222255628966501,21.822759088053985,-4.349710053560108,0.5609155602290257,28.009361796275705,0.5698931660061377,0.27997993256028825,8.964953654942342
Francis Ngannou,Heavyweight,hwx,0.718,0.625,0.8587363834422658,0.419,0.413,0.7518505014203926,0.30277777777777776,0.21428571428571427,2.670540305010893,2.541400871459695,8.48,0.7857142857142857,0.21428571428571427,0.0,0,10,0,0.4180566448801743,39.8,83.0,76.0,Orthodox,balanced,1610,,,,,30.968191721132897,,,2022-01-22,0.6723419737341675,0.360173502192213,4.933849419027112,0.174339151068171,0.10332424734418456,4.486739166579099,0.15024549754878377,21.411430265345935,-1.6661906471561707,0.9794385099961453,15.147116831202128,0.5674177896520357,0.05927059740463254,3.8159966274815185
Sijara Eubanks,Women's Flyweight,wflwx,0.667,0.447,1.7198063492063491,0.571,0.432,0.10487678504366127,0.3804,0.8,4.1456920634920635,3.597701587301588,20.64,0.1,0.8,0.1,1,1,0,1.251088888888889,41.1,67.0,64.0,Orthodox,balanced,1645,,,,,88.05968253968253,,,2021-12-18,0.7137475467963943,0.3718010294397211,10.463310935727932,0.17622415434258934,0.2934989796269779,4.951801458578311,0.0866065272427418,43.784066667146035,2.9362950064254063,0.46369076102949597,36.0552109395324,0.6223442709548893,0.11137418164819055,3.8099664739857695
Andre Ewell,Featherweight,fwx,0.727,0.75,0.7133737373737374,0.514,0.4,0.16673724341501878,0.27389976689976686,0.6666666666666666,4.125350427350427,4.5879782439782435,20.77,0.0,0.6666666666666666,0.3333333333333333,2,0,1,0.46543745143745147,38.4,75.0,68.0,Southpaw,striker,1645,,,,,22.997125097125096,,,2021-12-18,0.598245292116071,0.33351871176658904,1.7622750549661625,0.03921911092670395,0.07654604816203725,2.3889805371364403,0.04500191082217348,54.586357561216964,4.279609696994543,0.4111326374307509,35.76987798133905,0.6167099709598572,0.2732311385292499,8.481936489299612
Matt Sayles,Lightweight,lwx,0.81,0.25,0.9606415094339624,0.61,0.398,0.15681680450213148,0.5807169811320755,0.25,4.16261320754717,3.5110566037735853,18.56,0.25,0.25,0.5,0,0,2,0.8309198113207548,32.3,68.0,67.0,Orthodox,striker,1645,,,,,42.53490566037736,,,2021-12-18,0.5775831632885212,0.32743087932020715,7.29498627454462,0.1369590990155675,0.1418453893543819,4.8327330490500096,0.08843779738388992,43.17548728696127,5.215850538082683,0.664028710167383,27.048014051553857,0.6726725651722537,0.15952435698363338,3.8180037859422185
Ryan Hall,Featherweight,fwx,0.0,0.091,0.7401858585858586,0.659,0.5,0.3700551197362277,1.5815696969696968,0.6666666666666666,2.9425555555555554,2.378771717171717,11.5,0.16666666666666666,0.6666666666666666,0.16666666666666666,1,0,0,0.9380686868686869,41.3,70.0,70.0,Southpaw,grappler,1652,,,,,54.10626262626263,,,2021-12-11,0.502801695485882,0.408104843866355,8.615682846181285,0.23565358126475652,0.18040546700625282,2.3490812916839654,0.05134927495909467,30.01720988452711,7.358547551147849,1.8696372638248113,18.437654562553952,0.7064404800241558,0.14750817239571715,7.293000952573013
Chris Gruetzemacher,Lightweight,lwx,0.659,0.5,0.6916483704974271,0.529,0.571,0.11404858509245926,0.14743053173241852,0.2857142857142857,5.426718696397942,4.663222984562608,26.53,0.14285714285714285,0.2857142857142857,0.5714285714285714,1,1,3,0.5179416809605489,40.0,68.0,68.0,Orthodox,striker,1659,,,,,30.234476843910805,,,2021-12-04,0.5572080779483713,0.4116327948250332,5.410613903768637,0.08391174235014426,0.10072415720128546,14.62879694119858,0.19545503633068415,50.58573763472407,3.7327397852722544,0.2405057286065815,42.84953606601421,0.595974701654341,0.2283171794105569,5.193842325605036
Mallory Martin,Women's Strawweight,wswx,0.25,0.25,1.1316538461538461,0.523,0.407,0.05096728016135911,0.41869230769230764,0.25,3.85274358974359,5.267307692307693,14.5,0.25,0.25,0.5,0,0,2,1.069653846153846,32.4,63.0,64.0,Orthodox,balanced,1659,,,,,53.279487179487184,,,2021-12-04,0.7113808900836157,0.3560700217504177,3.095869338099533,0.06664331368585563,0.17756295486746648,6.149365986282058,0.1275586835276432,40.30503551132128,-13.01162666660262,0.4024975418615493,45.42848988530376,0.595884444728868,0.25476587822785673,3.777966706603685
Maki Pitolo,Middleweight,mwx,0.5,0.529,2.024365714285714,0.553,0.424,0.08541567804504249,0.6258800000000001,0.3333333333333333,3.6396171428571433,3.933725714285714,16.69,0.16666666666666666,0.3333333333333333,0.5,1,1,2,1.2415085714285716,35.6,75.0,70.0,Orthodox,wrestler,1659,,,,,59.00971428571429,,,2021-12-04,0.6679812239198817,0.3714251310438813,3.7478165111273327,0.08176559699688608,0.19662172587120152,4.317459421811364,0.09867734539977022,39.953359827865505,1.1304432103996387,0.6332851356076951,40.97371504774345,0.5597075140176964,0.16315258147925213,7.795081612498099
Sean Soriano,Featherweight,fwx,0.525,0.556,1.4116509539842874,0.563,0.616,0.12545806954818953,0.27663299663299656,0.4,3.449728395061728,2.9439685746352415,13.85,0.0,0.4,0.6,0,0,3,0.902742985409652,36.7,70.0,69.0,Orthodox,striker,1673,,,,,42.962514029180696,,,2021-11-20,0.6042555454022261,0.45636371349003013,5.378841746062235,0.12578562936326373,0.14328731173262932,5.899467613470584,0.1341385625456086,34.33414040893732,6.399607169163057,0.3630890232974095,26.55221691321624,0.60226055526483,0.1638979693285746,7.418352706766107
Ben Rothwell,Heavyweight,hwx,0.593,0.321,0.8670597572362279,0.447,0.433,0.2947078371963154,0.4828095238095238,0.4117647058823529,3.964367880485528,4.9558197945845,17.02,0.4117647058823529,0.4117647058823529,0.17647058823529413,2,4,1,0.7276676003734825,44.7,78.0,76.0,Orthodox,balanced,1680,,,,,48.39178338001867,,,2021-11-13,0.7117537669713311,0.3766951042916443,4.5652571739809105,0.09319783508550677,0.16137419319683782,6.400538333258275,0.1262089748358621,39.84511483061398,-12.17697293565767,0.7059208392559552,39.98628532621558,0.5558777987606834,0.11151765491825645,7.02535160662437
Liana Jojua,Women's Flyweight,wflwx,0.5,0.667,1.4944111111111114,0.544,0.301,0.0496058023978358,0.8882,0.25,3.0952111111111114,4.673477777777778,10.62,0.25,0.25,0.5,2,0,0,0.8681555555555556,31.2,62.0,64.0,Orthodox,grappler,1680,,,,,45.90444444444444,,,2021-11-13,0.7039890027414408,0.30450128188982606,3.176865566095313,0.07828846387115765,0.1530577381567352,4.00493826679776,0.08486592094469433,34.94354523893415,-14.923983738755538,0.8382445460873322,40.4091191441817,0.6177097364739705,0.06097624645576202,8.703155615189383
Felicia Spencer,Women's Bantamweight,wbwx,0.273,0.188,1.0655272727272727,0.454,0.488,0.036616161616161616,0.2683272727272727,0.5,3.4194545454545455,4.474272727272727,15.31,0.5,0.5,0.0,0,2,0,1.5541454545454545,35.6,68.0,66.0,Orthodox,balanced,1680,,,,,75.51090909090908,,,2021-11-13,0.654782059180073,0.4022479637861836,9.083044313590392,0.20289714430240657,0.25174545786996727,10.394882836577242,0.22500924245366774,28.93906218380007,-18.618543795270444,0.28520001310203097,38.867232916633796,0.5774219711384252,0.06709409167907192,7.230622528893801
Jordan Williams,Middleweight,mw,0.8,0.2,0.9556043956043956,0.386,0.355,0.20674439853606527,0.21875824175824174,0.3333333333333333,3.014923076923077,3.5098736263736265,13.0,0.0,0.3333333333333333,0.6666666666666666,1,0,1,1.0702197802197804,31.1,75.0,73.0,Southpaw,balanced,1692,-3.0,,,,44.737912087912086,0.0,3.0,2021-11-06,0.68159754458417,0.3538271779048797,3.437213109488067,0.07320525663793978,0.14912980491816447,5.394271120514384,0.12392343045808445,36.391952249932146,-3.2701727680592527,0.4254828779292502,35.714695867202664,0.5456411478780802,0.4249683224709793,5.24499781472604
Al Iaquinta,Lightweight,lwx,0.741,0.186,0.8222701092353525,0.612,0.405,0.4607649703166869,0.2716703078450844,0.5333333333333333,4.075205561072492,4.451392254220457,18.43,0.26666666666666666,0.5333333333333333,0.2,1,4,2,1.0648083416087388,39.1,70.0,70.0,Orthodox,striker,1687,,,,,23.556802383316782,,,2021-11-06,0.6636726368408762,0.3439043403822273,2.8259591331415947,0.05345020842217391,0.07842529342907976,2.87067456701855,0.052468438282136154,49.516245273708,-1.4592408761957625,0.7031499331030584,43.35229664326077,0.657847861592982,0.29273206008333436,7.445926406111008
Gian Villante,Heavyweight,hwx,0.854,0.227,0.521602495543672,0.529,0.438,0.2629325797743485,0.053636363636363635,0.5,4.454805704099822,5.48032798573975,20.07,0.2222222222222222,0.5,0.2777777777777778,4,4,1,0.5447736185383243,40.8,76.0,75.0,Orthodox,striker,1687,,,,,21.228520499108733,,,2021-11-06,0.6493415604398675,0.36815877937370006,3.7710854052031224,0.0692440120713928,0.0707506297379565,3.90021742087697,0.06898318638522483,50.61396336598132,-14.81779234767323,0.3077268090130955,49.8564245307552,0.5940513767715365,0.4220119117105096,1.8894166521730649
John Allan,Middleweight,mw,0.4,0.714,1.4128901098901099,0.536,0.4,0.20674439853606527,0.6473296703296703,0.6666666666666666,3.4340659340659343,4.456587912087913,17.889,0.0,0.6666666666666666,0.0,0,0,0,0.9750769230769232,28.7,75.0,73.0,Orthodox,grappler,1692,-2.0,,,,39.68076923076923,0.0,2.0,2021-11-06,0.620659724640139,0.35502880343719706,5.58007025234521,0.11313427172223436,0.13230440809276764,4.651413977657242,0.09386404884590781,41.27766653564644,-18.127315625202108,0.8540543065006787,42.000410152916956,0.6202417117878546,0.16782546532812218,3.759283529011754
Hu Yaozong,Middleweight,mwx,0.333,0.0,0.9205224489795919,0.354,0.486,0.12202239720720355,0.4089714285714286,0.3333333333333333,3.466310204081633,4.472751020408163,15.62,0.0,0.3333333333333333,0.6666666666666666,0,0,2,0.7060122448979592,31.2,72.0,75.0,Orthodox,striker,1694,,,,,51.12816326530612,,,2021-10-30,0.5498138616893635,0.36205946876265954,3.4996279829291557,0.08021550064729611,0.170462355640178,7.45351345973052,0.17190377848420105,34.81111843541226,-5.345245963165352,0.4720007431758283,45.31821929897415,0.47734387485466173,0.39378940211321733,11.729237468403877
Khama Worthy,Lightweight,lwx,0.571,0.0,0.6859035639412999,0.465,0.484,0.37748795320824385,0.5551928721174004,0.0,4.1537672955974845,4.317939203354298,13.29,0.4,0.0,0.6,3,1,0,0.5412620545073376,39.7,74.0,71.0,Orthodox,striker,1701,,,,,26.39769392033543,,,2021-10-23,0.5002364652220446,0.3425759220331023,4.061151820759239,0.08838877180754068,0.08791900570477686,2.607932022435987,0.049987619380261375,39.891438434970866,2.990808943904183,0.770141922265187,31.16437227862988,0.5736544546244438,0.6179899046203725,6.790606539885147
Randa Markos,Women's Strawweight,wswx,0.526,0.288,1.1558741258741259,0.587,0.437,0.018533556422312403,0.22661538461538458,0.7777777777777778,3.153179487179487,3.3197482517482517,14.65,0.05555555555555555,0.7777777777777778,0.1111111111111111,0,0,2,1.2568741258741256,40.9,63.0,64.0,Orthodox,balanced,1701,,,,,72.77435897435898,,,2021-10-23,0.7356566956749924,0.3780670070233221,7.241383316621174,0.1632812146508234,0.24247677937209583,8.775658777620352,0.19489711037331636,30.056574178029873,-3.471619183112415,0.23825997569668986,31.611348100584767,0.6565035437841006,0.02446031935558427,8.037837695681972
Livinha Souza,Women's Strawweight,wswx,0.4,0.458,2.0425230769230764,0.568,0.451,0.04077382412908729,0.9731538461538461,0.6666666666666666,2.643394871794872,3.8798461538461537,8.14,0.16666666666666666,0.6666666666666666,0.16666666666666666,1,0,0,1.4841230769230767,35.3,63.0,63.0,Orthodox,grappler,1701,,,,,50.90358974358975,,,2021-10-23,0.5168361095260577,0.3238808667979245,3.6552668990510546,0.11502064005939232,0.16959798294159226,5.090921360454219,0.15213769092374796,28.151171266199878,-9.487872761853524,0.9434266049178108,37.69279190824301,0.6132327663266798,0.3109555597251425,7.822373365282948
Laureano Staropoli,Middleweight,mw,0.48,0.263,0.9887230769230768,0.54,0.34,0.1447210789752457,0.15313076923076924,1.0,3.317046153846154,3.5327115384615384,16.556,0.0,1.0,0.0,0,0,0,1.0827538461538464,28.7,71.0,73.0,Orthodox,balanced,1706,-4.0,,,,33.356538461538456,2.0,4.0,2021-10-23,0.6542375377912629,0.32509196332886564,2.506049176641647,0.053257102465349794,0.1111686412204929,3.5559897843600687,0.07339585924528483,43.694366574952504,2.910879062358523,0.29783801455047515,32.40028710704186,0.630571447141227,0.21747782572968552,2.7314984703082277
Carlos Felipe,Heavyweight,hwx,0.727,0.0,0.5290283224400871,0.506,0.455,0.12098495345806917,0.1311111111111111,1.0,4.424636165577342,4.835468409586056,24.4,0.0,1.0,0.0,0,0,0,0.4128910675381263,31.4,75.0,72.0,Orthodox,striker,1708,,,,,29.380827886710236,,,2021-10-16,0.6371596144876341,0.3899882992225713,3.213377850399903,0.06721246375877052,0.09793793227410302,7.19570055538042,0.11666596454048743,52.341379049210396,-6.665714627645675,0.2304819582638953,45.61522131672525,0.5897407021337224,0.11854119480926507,5.348042637679087
Bethe Correia,Women's Bantamweight,wbwx,0.857,0.182,0.5208295454545454,0.56,0.438,0.02288510101010101,0.09420454545454544,0.6666666666666666,4.210534090909091,4.793670454545454,20.12,0.08333333333333333,0.6666666666666666,0.25,2,1,1,0.7215909090909092,43.0,64.0,65.0,Orthodox,striker,1722,,,,,40.55681818181819,,,2021-10-02,0.5839729276317552,0.34807982281178557,1.6605674687212677,0.03796144053938523,0.1351770854111538,7.9286199546789575,0.14093966514922956,48.717595683056864,-2.6152830538622096,0.10793750818876936,43.74727625471431,0.6331576395245408,0.1782974436630563,5.049678853285897
Johnny Eduardo,Bantamweight,bwx,0.588,0.2,0.7296705882352942,0.63,0.397,0.3342700933536995,0.454243137254902,0.25,3.211772549019608,3.424203921568628,12.75,0.25,0.25,0.5,1,2,3,0.7132039215686276,47.9,71.0,67.0,Orthodox,balanced,1722,,,,,23.667058823529416,,,2021-10-02,0.5386485566267379,0.30479629312173867,3.084202761337128,0.07295022593726774,0.07878003492005338,3.076088791110878,0.06760772738586818,36.36486277778443,5.093022539728779,0.7351004513196148,29.729750448740607,0.6696451430267726,0.11276195797765369,9.900783513549266
Nick Diaz,Middleweight,mwx,0.628,0.341,1.1499293233082706,0.541,0.417,0.20285035686581185,0.8395684210526316,0.4666666666666667,4.113640601503759,3.9164872180451122,19.38,0.4,0.4666666666666667,0.06666666666666667,1,4,0,0.9595834586466166,42.9,76.0,73.0,Southpaw,balanced,1729,,,,,42.97879699248121,,,2021-09-25,0.6795687959772981,0.3641372155501344,4.2761787305528465,0.08044298744272667,0.14335016611304804,9.482873379900719,0.17334793963469117,41.59488573936241,3.3399093819917125,0.9567897474858315,33.96592289962205,0.6158347642924726,0.08586977972592218,6.216034856780375
Gustavo Lopez,Bantamweight,bwx,0.316,0.417,1.7460058823529412,0.571,0.402,0.12640514003054926,0.594864705882353,0.5,3.107158823529412,3.8458058823529417,10.7,0.25,0.5,0.25,1,0,0,1.3578058823529413,37.0,67.0,65.0,Orthodox,balanced,1736,0.0,,,,37.850588235294126,,,2021-09-18,0.6257298442859014,0.34263918361791795,4.513804142005692,0.11625143382985251,0.12604505238008007,4.576633186666317,0.10869581317885724,32.49729416667664,-4.810466190406831,0.6526506769794221,32.96962567311091,0.6331178216121491,0.4691429369664805,10.013675270323898
Mike Rodriguez,Light Heavyweight,lhwx,0.355,0.0,0.39727160493827157,0.414,0.545,0.6812695288276504,0.10402469135802468,0.25,4.1692222222222215,4.246024691358024,19.06,0.25,0.25,0.375,1,2,2,0.3921358024691357,37.6,82.0,76.0,Southpaw,striker,1736,,,,,35.802469135802475,,,2021-09-18,0.4969256467800142,0.39649381286221225,4.673035501538389,0.09143477025843925,0.12093367822171068,13.885419149729104,0.25135824740298657,34.607329588114425,3.864899179979536,0.7399567787147753,33.76441113215767,0.512018296892455,0.3043003471970549,10.434152109830842
Emily Whitmire,Women's Flyweight,wflwx,0.7,0.667,1.653928888888889,0.544,0.313,0.03968464191826864,0.48355999999999993,0.16666666666666666,3.011368888888889,3.3981822222222227,8.78,0.16666666666666666,0.16666666666666666,0.6666666666666666,0,0,4,0.7947244444444446,35.1,63.0,65.0,Orthodox,balanced,1736,,,,,70.30355555555556,,,2021-09-18,0.6229380376361906,0.27540330022752135,4.391492452876251,0.13783553654741013,0.2342795238587215,3.953950613438208,0.0993447099500965,28.404836191147318,-3.589186991004431,0.4205956368698658,23.92729531534536,0.6455560496374053,0.04878099716460962,5.1625244921515065
Luigi Vendramini,Lightweight,lwx,1.0,0.154,1.3281415094339624,0.578,0.409,0.3711025187878457,0.4812169811320755,0.25,3.46861320754717,3.9855566037735852,10.86,0.25,0.25,0.5,2,1,0,1.537419811320755,30.4,73.0,68.0,Orthodox,balanced,1750,,,,,52.43490566037736,,,2021-09-04,0.610162740975253,0.3429207534307709,4.675938655497001,0.1117463665856904,0.1748612623702549,3.951780668097628,0.08898932590579348,35.12786823934222,-6.974625652393507,0.7592668054054781,30.667061670601473,0.6538227999140377,0.5880957855550619,3.4608609287993612
David Zawada,Welterweight,wwx,0.571,0.333,1.093137566137566,0.555,0.412,0.24049202025115696,1.1726507936507935,0.6,3.941597883597884,4.335015873015873,18.31,0.2,0.6,0.2,1,0,0,1.0321322751322752,35.9,75.0,72.0,Orthodox,grappler,1750,,,,,39.91534391534392,,,2021-09-04,0.5962525885422382,0.3427567492027672,2.9478888298949566,0.059797426647214595,0.13313858331865244,8.325456456593672,0.15579856145354073,43.243365031767425,-3.1980634529824403,1.343555087433003,42.893703111857704,0.6095229589266951,0.238767126142695,8.010753602587814
Darren Stewart,Light Heavyweight,lhwx,0.675,0.455,1.6282921810699587,0.485,0.456,0.22294236336988715,0.16034979423868315,0.42857142857142855,3.2051481481481483,3.4681275720164613,13.52,0.21428571428571427,0.42857142857142855,0.21428571428571427,1,2,2,1.120312757201646,35.5,74.0,72.0,Orthodox,balanced,1757,,,,,43.50164609053498,,,2021-08-28,0.6258163923859708,0.3739627068634639,5.340509130843036,0.13044994873980215,0.14617350015321617,10.590279433152737,0.25781319962080346,25.64153277476729,-0.9791814797431897,0.3425269667429131,32.170188895407335,0.5336871533960323,0.20489529569729287,6.13257199478919
Sasha Palatnikov,Welterweight,wwx,0.706,1.0,1.0227482993197279,0.523,0.531,0.14436886120203693,0.29697959183673467,0.0,5.19191156462585,4.665448979591837,23.17,0.3333333333333333,0.0,0.6666666666666666,0,1,2,0.7393129251700682,37.3,72.0,73.0,Switch,striker,1764,,,,,48.74829931972789,,,2021-08-21,0.6883547082461282,0.43657981042527777,6.658274649425384,0.11437366118427968,0.16249685987123444,10.423938521114938,0.16984269430097637,43.56564515073394,5.1684239120995,0.40874665087539924,39.22596993502584,0.5859266352648594,0.35643685449115725,9.063276609920594
Bea Malecki,Women's Bantamweight,wbwx,0.786,0.0,0.5133246753246753,0.621,0.46,0.052308802308802305,0.6936103896103897,0.3333333333333333,5.070935064935065,5.4815324675324675,30.67,0.3333333333333333,0.3333333333333333,0.3333333333333333,1,0,0,0.505922077922078,34.8,74.0,69.0,Orthodox,grappler,1764,,,,,50.91558441558441,,,2021-08-21,0.6236619098693655,0.36999523397906603,5.957920447986274,0.10672148767754115,0.16975541600471517,6.921261195110344,0.12315618740687477,56.34151740542867,-7.6336339932434925,0.6752857330029014,48.935332738048274,0.6388355375721285,0.31013441668438846,4.490175041276857
Anderson Dos Santos,Bantamweight,bwx,0.667,0.143,1.3680058823529413,0.497,0.255,0.12640514003054926,0.574364705882353,0.5,3.2196588235294117,4.5938058823529415,12.4,0.25,0.5,0.25,1,0,0,1.8078058823529413,40.9,70.0,65.0,Orthodox,balanced,1778,,,,,50.100588235294126,,,2021-08-07,0.6587792865530102,0.2827237188917861,3.6138041420056926,0.08372957673006354,0.1668783857134134,4.426633186666317,0.09761652466514001,36.09729416667665,-16.96046619040683,0.6526506769794221,44.51962567311091,0.586282485683904,0.31914293696648055,5.213675270323897
Casey Kenney,Bantamweight,bwx,0.556,0.368,1.2330039215686275,0.589,0.453,0.0842700933536995,0.35024313725490197,0.875,4.552439215686275,4.494870588235295,24.36,0.125,0.875,0.0,0,0,0,1.0812039215686273,35.3,68.0,67.0,Southpaw,striker,1778,,,,,44.86705882352942,,,2021-08-07,0.5585490541391758,0.3419192144232792,3.1637482158825825,0.0569030110314049,0.14957548946550794,5.22381606383815,0.0829720820829709,57.364862777784424,1.956658903365143,0.4169186331377966,36.79793226692242,0.6735924247589932,0.11276195797765369,4.32123805900381
Kai Kamaka,Featherweight,fwx,0.529,0.583,1.7227323232323233,0.555,0.571,0.27750396460534954,0.4487121212121212,0.75,4.369444444444444,4.618464646464647,24.55,0.0,0.75,0.25,1,0,0,1.1285858585858586,31.5,69.0,67.0,Orthodox,balanced,1785,0.0,,,,65.93282828282828,,,2021-07-31,0.5265467478367636,0.3919910054838413,4.370252908375958,0.08386994414478281,0.21973843548941777,6.681481484734826,0.10761884582677264,51.11891495306148,2.14623638698676,0.6812024239368584,40.45778248890673,0.619812027009013,0.18438521549464643,6.145471969937045
Ian Heinisch,Middleweight,mw,0.608,0.171,1.0808391608391608,0.591,0.5,0.34368582937143544,0.5636643356643357,0.7142857142857143,3.1612237762237765,2.992828671328671,15.333,0.14285714285714285,0.7142857142857143,0.14285714285714285,1,1,0,1.6454125874125873,33.0,72.0,71.0,Orthodox,grappler,1797,-2.0,,,,41.44230769230769,3.0,4.0,2021-07-24,0.5966404157741972,0.4036601313088058,7.702468948462103,0.16647976147052032,0.1381667782139161,5.459990713054609,0.11718508359646419,34.25245446207803,-1.6416250948255848,0.9071254677731592,29.51541252155321,0.6406624894403596,0.1067980233906232,3.4074228517953586
Marion Reneau,Women's Bantamweight,wbwx,0.5,0.636,0.6824278074866309,0.599,0.416,0.021538918597742124,0.6943101604278076,0.6153846153846154,3.330385026737968,3.717513368983957,15.17,0.3076923076923077,0.6153846153846154,0.07692307692307693,1,2,0,0.44232085561497325,49.0,68.0,66.0,Orthodox,balanced,1799,,,,,38.512299465240645,,,2021-07-17,0.6571947286893587,0.34789704682860273,6.467967243288466,0.1449214894455933,0.12834155473832498,8.634244805829749,0.188620882915923,31.95925226498043,-5.770712036433594,0.6751176547659006,26.865529166647327,0.7027205147855404,0.10319260294847367,5.04987599738851
Jerome Rivera,Flyweight,flwx,0.333,0.0,0.5844666666666666,0.484,0.288,0.09956349206349206,0.23536666666666667,0.25,3.405166666666667,3.7658,10.57,0.0,0.25,0.75,2,0,1,1.0571333333333333,31.2,72.0,70.0,Southpaw,striker,1806,,,,,25.193333333333335,,,2021-07-10,0.45896747048473674,0.24030943830581425,2.311316738816738,0.053543585203231665,0.08389995220828554,3.5255469530469528,0.0992285461118082,33.84242396492397,1.603634976134976,0.32374209124209125,27.09470723720724,0.592755671710657,0.6606684981684982,7.889591519591519
Conor McGregor,Lightweight,lwx,0.667,0.556,0.8609517819706499,0.542,0.498,1.1530296908898363,0.19354088050314466,0.14285714285714285,5.05427253668763,4.543358490566038,21.39,0.5714285714285714,0.14285714285714285,0.2857142857142857,2,8,2,0.5202976939203354,37.9,74.0,69.0,Southpaw,striker,1806,,,,,34.38218029350105,,,2021-07-10,0.6836593993903818,0.42757136108735,7.732956862760572,0.12625468951612306,0.11455474094762651,6.268251725503707,0.10121303607899462,48.12429064605686,10.781118757666375,1.3136423897040221,38.058376615505416,0.5997638576207898,0.1542330475482815,9.335779460418763
Carlos Condit,Welterweight,wwx,0.345,0.409,0.6607060041407867,0.545,0.386,0.31930066790206924,0.6331242236024844,0.5263157894736842,4.013973084886128,3.1133105590062113,18.63,0.2631578947368421,0.5263157894736842,0.21052631578947367,1,5,3,0.5394430641821946,42.1,75.0,74.0,Orthodox,striker,1806,,,,,32.98426501035197,,,2021-07-10,0.5689422258784557,0.30809447899628045,6.6351270672164215,0.12138469954943405,0.11008090152817497,5.235304960532565,0.09568472281860267,43.69147654346009,11.585075876629315,0.9045943913292278,26.805488434331536,0.6263418020371311,0.27273198953112515,6.543412688043466
Omari Akhmedov,Middleweight,mwx,0.659,0.456,2.3767714285714283,0.558,0.344,0.16960935963589494,0.2845684210526316,0.6,3.0928511278195487,3.0875398496240605,14.08,0.2,0.6,0.2,2,2,1,1.6527413533834585,38.7,73.0,72.0,Orthodox,wrestler,1806,,,,,60.34721804511278,,,2021-07-10,0.6970007783597311,0.31074909832949826,6.219392026951739,0.14655455483759214,0.20106023074832044,5.376225180454734,0.1289345450490244,31.208459146564625,-0.8941626401689523,0.4263188333584077,28.472848107378287,0.6080573559623049,0.27285038914420473,4.221575022985362
Justin Jaynes,Featherweight,fwx,0.2,0.4,1.0899842873176206,0.629,0.444,0.4587914028815228,0.8994107744107743,0.2,3.5358395061728394,4.717301907968574,13.4,0.2,0.2,0.6,2,1,1,0.7960763187429855,36.9,68.0,67.0,Orthodox,grappler,1820,,,,,35.0736251402918,,,2021-06-26,0.6833968757873375,0.38454993866447995,4.263457130677619,0.10040328184161273,0.11690554535086292,3.5148522288551995,0.07779988556016544,37.09055066534758,-13.22859795904207,1.1964223566307428,38.46247332347265,0.6598644916241313,0.3305646359952413,5.34142962984303
Michel Prazeres,Welterweight,wwx,0.478,0.36,3.3418465608465606,0.576,0.472,0.1822695721491405,0.5922698412698413,0.7142857142857143,2.7507989417989416,2.8597301587301587,11.0,0.21428571428571427,0.7142857142857143,0.07142857142857142,0,0,1,2.887010582010582,44.9,67.0,66.0,Orthodox,wrestler,1820,,,,,82.5021164021164,,,2021-06-26,0.661099657244482,0.4062145630303864,5.314554255557319,0.15093304024028717,0.2750851151751497,4.119069184637791,0.10914175314571335,28.23498812918933,0.7644471369876433,0.7265245984635562,22.61490422398152,0.6757222670648518,0.055280998968783385,5.161994957912063
Yancy Medeiros,Lightweight,lwx,0.632,0.5,0.6146385302879841,0.472,0.372,0.8010553514419138,0.6648282025819265,0.26666666666666666,4.4154687189672295,5.755602780536247,19.0,0.3333333333333333,0.26666666666666666,0.3333333333333333,4,2,1,0.41980834160873887,38.8,75.0,70.0,Orthodox,striker,1820,,,,,27.819960278053625,,,2021-06-26,0.6437670610582592,0.3141162404549627,4.268790349112557,0.0779040962756446,0.09270884714094564,4.96102976535923,0.08819036666278897,47.336442318042984,-11.319883862973052,1.364285530717785,44.47817167566938,0.5707562530041732,0.6388559905992794,6.168379089543729
Roque Martinez,Heavyweight,hwx,0.538,0.5,0.8434649859943978,0.563,0.537,0.1555520830175175,0.33185714285714285,0.6666666666666666,3.607532212885154,4.318316526610644,16.12,0.0,0.6666666666666666,0.3333333333333333,0,0,1,0.5901456582633052,40.3,72.0,70.0,Orthodox,striker,1827,,,,,50.73249299719888,,,2021-06-19,0.6355369362167773,0.429110744767554,3.131485807657018,0.0727548226469126,0.16907496054289434,8.358757856917682,0.1716028588624777,37.635344491841934,-1.5702045212587243,0.4570482320535797,38.43385597864675,0.6149766771924696,0.15241010761191223,11.62605481987311
Lara Procopio,Women's Flyweight,wflwx,0.5,0.474,2.081184126984127,0.471,0.586,0.05669234559752663,0.4336571428571428,0.6666666666666666,4.57324126984127,5.088117460317461,26.89,0.0,0.6666666666666666,0.3333333333333333,0,0,1,1.468320634920635,30.6,67.0,64.0,Orthodox,wrestler,1827,,,,,74.71936507936508,,,2021-06-19,0.6289980574424021,0.40598918559211983,3.8449892183946437,0.07179769160801239,0.2491294785283323,8.219929447768868,0.12995024620222864,52.43548027306759,-3.4131242728634734,0.4579937669569511,43.32470759335052,0.5997922011371489,0.21254428166372802,8.08932070307358
Kevin Aguilar,Featherweight,fwx,0.81,0.167,0.7215858585858587,0.523,0.389,0.22541226259337055,0.24896969696969692,0.8333333333333334,3.963155555555555,4.589171717171718,20.0,0.0,0.8333333333333334,0.16666666666666666,1,0,0,0.6914686868686869,37.8,73.0,67.0,Orthodox,striker,1862,,,,,32.326262626262626,,,2021-05-15,0.600010546417559,0.328912297282504,4.437111417609858,0.08681817753804848,0.10779832414910998,5.11336700596968,0.09266915073549217,46.73149559881282,-7.105738163137865,0.43928012096766855,41.066225991125386,0.6057891503712414,0.4850081723957171,6.569786666858727
Jacare Souza,Middleweight,mw,0.625,0.281,1.3412615384615385,0.595,0.524,0.27807482520190857,0.6253653846153846,0.3125,2.699623076923077,3.1056557692307694,12.714,0.5,0.3125,0.1875,2,4,1,1.5277769230769231,41.4,72.0,73.0,Orthodox,grappler,1867,-4.0,,,,73.72826923076924,9.0,7.0,2021-05-15,0.659924741295903,0.4514460593974552,8.334453159749396,0.21258813195811038,0.24580019362611946,5.603709177894321,0.1412556552843572,26.554326144619107,-9.394560468820739,0.9032047215609518,32.531572124949506,0.6489646169669624,0.26445319857912847,5.092892092296971
Gregor Gillespie,Lightweight,lwx,1.0,0.482,5.089094339622641,0.579,0.529,0.39025882204904,0.6431446540880503,0.125,3.8690754716981135,2.919037735849057,15.79,0.75,0.125,0.125,1,4,0,3.0726132075471697,39.6,71.0,67.0,Orthodox,grappler,1869,,,,,138.0566037735849,,,2021-05-08,0.7704927124482158,0.45407802660194624,21.117292436998,0.4436330861781875,0.46022496856429695,4.4916633025412755,0.09032566158266679,24.275721683371007,-1.2211790063575765,0.9347492988417473,29.30185063754384,0.5997212505477523,0.24920671417956508,4.878669190628146
Maurice Greene,Heavyweight,hwx,0.273,0.0,0.39677124183006535,0.459,0.451,0.3407387150935519,0.39433333333333337,0.25,3.4738104575163398,3.699267973856209,13.88,0.375,0.25,0.375,2,1,1,0.2817516339869281,40.0,80.0,79.0,Orthodox,grappler,1869,,,,,20.652287581699344,,,2021-05-08,0.5410804626010676,0.35913575529635167,2.2017000544665937,0.05144932221970803,0.06873122698335504,5.1884420832019815,0.11703720786113281,36.92270095357446,3.7090473625990774,0.6728614686979215,30.04474932087727,0.5501810580005122,0.4639058961069488,10.719365311592648
Luke Sanders,Featherweight,fwx,0.727,0.3,0.9824882154882154,0.508,0.526,0.5940935521611421,0.3661414141414141,0.25,5.6652962962962965,4.227643097643098,26.0,0.25,0.25,0.5,1,1,3,0.8053905723905723,40.5,67.0,66.0,Southpaw,striker,1876,,,,,44.82188552188552,,,2021-05-01,0.7446802630402735,0.45494130892536727,13.197592848008213,0.18693181461504038,0.14948471456870274,6.7611391716414,0.09917942048470502,48.94291299901068,5.953551530718446,0.8973167674730571,27.721854992604488,0.6353655404352702,0.3729234769964309,4.131072222382272
Luis Pena,Lightweight,lwx,0.485,0.333,1.2937610062893083,0.511,0.469,0.1954536272438452,0.9144779874213836,0.625,3.8144088050314466,3.461037735849057,17.09,0.25,0.625,0.125,0,1,1,1.1332798742138366,33.0,75.0,75.0,Southpaw,grappler,1890,,,,,86.25660377358491,,,2021-04-17,0.7643712786046293,0.4190622733734684,10.610798930504494,0.2078495747376047,0.2876275659668943,4.959195770073744,0.09506716538549725,36.92507233272165,-3.0783218635004332,1.038645402737851,24.951201286894488,0.6493139091302392,0.10634957132242225,3.5150328269917814
Anthony Birchak,Bantamweight,bwx,0.619,0.143,0.989404705882353,0.568,0.366,0.5011241120244394,0.4852917647058824,0.16666666666666666,3.8509270588235287,3.7322447058823536,13.67,0.16666666666666666,0.16666666666666666,0.6666666666666666,2,1,2,1.073044705882353,40.1,69.0,68.0,Orthodox,striker,1890,,,,,37.4004705882353,,,2021-04-17,0.5683294874642807,0.30678506985797915,4.851043313604554,0.11269569914958977,0.1244804863485085,7.7413065493330535,0.1775424722891537,32.43783533334131,2.111627047674536,0.8821205415835378,31.17570053848873,0.6069019283967473,0.7353143495731844,7.530940216259118
Justine Kish,Women's Flyweight,wflwx,0.5,0.333,1.0172080808080808,0.577,0.481,0.12698603810751694,0.2721454545454545,0.8571428571428571,4.243062626262627,4.384620202020202,22.33,0.0,0.8571428571428571,0.14285714285714285,0,0,1,0.9040222222222223,38.2,64.0,65.0,Orthodox,striker,1890,,,,,41.821414141414145,,,2021-04-17,0.49923759222444003,0.33761390466880586,3.1740840480693184,0.05861317605507132,0.13934502168974683,7.321773284943825,0.12079960664442932,51.186214719224836,0.6461936445414261,0.3823596698816962,38.66117755940488,0.6476505296142832,0.13525545196782693,6.875022265592278
Juan Espino,Heavyweight,hwx,0.5,0.786,4.108750700280112,0.4,0.71,0.1555520830175175,1.212142857142857,0.3333333333333333,3.2235322128851536,3.0518879551820723,8.8,0.6666666666666666,0.3333333333333333,0.0,0,0,0,1.6830028011204479,45.7,80.0,75.0,Orthodox,grappler,1890,,,,,73.14677871148459,,,2021-04-17,0.7170832968329054,0.5429671568976234,9.817200093371302,0.32600157589366585,0.24382496054289435,5.851614999774826,0.15959742243843664,24.03891592041336,-0.027347378401581603,1.0677625177678653,24.419570264361035,0.5495505067242823,0.15241010761191223,8.218911962730255
Bartosz Fabinski,Middleweight,mwx,0.8,0.706,4.901965714285714,0.513,0.681,0.08541567804504249,0.16568,0.5,2.7576171428571428,2.4787257142857144,9.42,0.0,0.5,0.5,0,0,3,2.1565085714285717,40.2,75.0,72.0,Orthodox,wrestler,1890,,,,,143.1897142857143,,,2021-04-17,0.6115316500852093,0.4980531569559168,7.174739588050409,0.2265720893911604,0.4773653156147913,10.017459421811363,0.32821937060265755,17.73028290478858,-1.7541721742157463,0.2179005202230798,22.535253509281905,0.553965887223438,0.3131525814792521,5.660466227882713
Yorgan De Castro,Heavyweight,hwx,1.0,0.0,0.595156862745098,0.537,0.406,0.3236080726403278,0.1475,0.5,3.03571568627451,4.056401960784314,9.75,0.25,0.5,0.25,1,1,0,0.4851274509803921,39.5,74.0,72.0,Orthodox,balanced,1897,,,,,37.47843137254902,,,2021-04-10,0.5385784208593283,0.33447797117335526,2.7400500816998905,0.06366046981604853,0.12497184047503256,3.095163124802973,0.0629431991790866,33.634051430361694,-9.998928956101384,0.4467922030468822,28.942123981315905,0.6381055518312355,0.3208588441604232,3.329047967388972
Jordan Griffin,Featherweight,fwx,0.421,0.368,1.5244287317620653,0.506,0.476,0.12545806954818953,1.2477441077441078,0.8,3.0486172839506174,3.4061907968574636,12.07,0.2,0.8,0.0,0,0,0,1.2721874298540965,36.3,73.0,70.0,Southpaw,grappler,1897,,,,,67.46251402918068,,,2021-04-10,0.7570424545993917,0.4199225389023325,6.1205999878204755,0.1567046154104549,0.22492141836673596,3.491042705045676,0.08079281048190781,33.04293161772853,-0.2762170066611195,1.3154699756783619,32.84342570442502,0.5725266158247171,0.1638979693285746,8.150953439366837
Hunter Azure,Bantamweight,bwx,0.676,0.333,1.5765058823529412,0.606,0.492,0.2627687763941856,0.387364705882353,0.75,3.637658823529412,3.0013058823529417,17.27,0.0,0.75,0.25,1,0,0,1.4398058823529412,34.3,69.0,68.0,Orthodox,balanced,1897,,,,,63.500588235294124,,,2021-04-10,0.5790254665190544,0.37371163925374595,5.154713232914784,0.10550377027845065,0.21148444631947402,5.653905913939044,0.10992552296734714,40.63820325758573,7.571351991411351,0.6253779497066949,26.833262036747275,0.6236921864062983,0.3055065733301169,4.163675270323898
Thomas Almeida,Bantamweight,bwx,0.759,0.143,0.6207176470588236,0.618,0.435,0.3783539575684771,0.14135126050420171,0.3,4.5215193277310926,4.61003193277311,20.71,0.4,0.3,0.3,3,4,0,0.6708890756302521,34.9,70.0,67.0,Southpaw,striker,1911,,,,,18.243193277310926,,,2021-03-27,0.6045559056800611,0.34912802622257544,1.6691125709420283,0.035000512408704144,0.0606379891151478,6.264198555646058,0.10663102219860854,51.047433401366234,-1.165164353701862,0.5076371215392615,40.63570446626746,0.6620586187907896,0.9129796374502337,2.6445491340626353
Megan Anderson,Women's Bantamweight,wbwx,0.538,0.25,0.6701272727272727,0.37,0.464,0.2616161616161616,0.46152727272727273,0.16666666666666666,2.5542545454545453,3.7620727272727272,6.38,0.5,0.16666666666666666,0.3333333333333333,0,2,2,0.6541454545454546,36.4,72.0,72.0,Orthodox,balanced,1932,,,,,38.490909090909085,,,2021-03-06,0.6575671732256912,0.38604372657317054,4.470544313590392,0.17115644802389518,0.12824545786996727,5.444882836577241,0.18592160739964608,22.414062183800066,-4.2185437952704445,0.6227000131020309,27.954732916633795,0.5013549106508639,0.06709409167907192,12.0681225288938
Jimmie Rivera,Bantamweight,bwx,0.926,0.276,1.110403137254902,0.601,0.404,0.2950022815795113,0.21186117647058827,0.8181818181818182,3.9499513725490187,3.8822964705882357,19.03,0.09090909090909091,0.8181818181818182,0.09090909090909091,1,1,0,1.1374964705882353,37.0,68.0,64.0,Orthodox,striker,1939,,,,,29.833647058823534,,,2021-02-27,0.560145898441487,0.31552132504960606,2.3535691056214265,0.04687254221613986,0.09947230379811169,5.657422757026634,0.10229590057877128,47.4849936705034,1.4951076869554376,0.4915286369177608,27.825179669337313,0.7059089395494645,0.31779577327867464,2.1792475004945846
Shana Dobson,Women's Flyweight,wflwx,0.143,0.5,1.013728888888889,0.501,0.379,0.1781461803798071,0.19856000000000001,0.3333333333333333,3.5141688888888893,4.729582222222223,13.85,0.3333333333333333,0.3333333333333333,0.3333333333333333,2,2,0,0.6717244444444445,37.2,69.0,66.0,Orthodox,striker,1946,,,,,32.263555555555556,,,2021-02-20,0.5865245355264859,0.30676234522292994,4.699184760568558,0.10910135933222023,0.10756157514077277,6.907796767284362,0.15377508969693193,34.266374652685776,-5.650725452542893,0.35905717533140424,35.60421839226844,0.6045032567740607,0.18724253562614807,12.039447569074584
Alistair Overeem,Heavyweight,hwx,0.632,0.345,0.8750522875816994,0.511,0.743,0.6135511757285941,0.25166666666666665,0.15,3.866738562091504,3.3024673202614374,16.25,0.45,0.15,0.4,8,9,0,0.6900424836601307,46.1,80.0,76.0,Orthodox,balanced,1960,,,,,62.80947712418301,,,2021-02-06,0.55676001752032,0.6125696994378641,15.51562275450602,0.32075395613914903,0.20925197712804114,9.21353922341917,0.18881323422519672,24.17725956769632,-2.5261581368822794,0.8250670979853244,28.351920114984086,0.5796923146352225,0.5558165844171107,5.422182655796324
Martin Day,Featherweight,fwx,0.65,0.667,1.0762323232323232,0.52,0.466,0.44114032824171323,0.6287121212121212,0.5,3.7864444444444443,4.039464646464646,17.9,0.0,0.5,0.5,1,0,1,0.7330858585858586,37.6,73.0,70.0,Orthodox,balanced,1960,,,,,37.83282828282828,,,2021-02-06,0.6162012067649656,0.3880037256403971,5.433889272012321,0.11192705153149915,0.1261020718530541,3.0542087574620997,0.06138462277690713,43.71436949851603,1.5053272960776691,1.0084751512095855,35.95778248890673,0.5995144321482324,0.4843852154946464,9.459108333573408
Antonio Carlos Junior,Middleweight,mwx,0.533,0.391,2.9973915966386553,0.528,0.426,0.050244516497083815,0.7138117647058825,0.46153846153846156,2.325010084033613,2.5811327731092435,9.06,0.38461538461538464,0.46153846153846156,0.07692307692307693,1,0,0,2.3478873949579833,36.3,79.0,74.0,Orthodox,grappler,1974,,,,,114.07042016806723,,,2021-01-23,0.66417081931631,0.3570406257318611,6.613817404735535,0.22533822846125987,0.3802026366361518,3.559902601065508,0.11337214408172984,21.188769355757987,1.7310016622260316,0.7017061883665175,24.627355005459943,0.5729211101314341,0.1676632832230895,12.76534778110748
Tom Breese,Middleweight,mw,0.706,0.0,0.4074358974358974,0.605,0.509,0.7359855145306535,0.7429423076923077,0.25,3.036705128205128,2.698092948717949,14.462,0.5,0.25,0.25,1,4,1,0.7329615384615386,29.3,73.0,75.0,Southpaw,balanced,1982,-1.0,,,,43.813782051282054,5.0,3.0,2021-01-20,0.6597916936970125,0.4297373660460286,5.697348672842398,0.12780944935085495,0.14594537765525406,5.642811999787237,0.12632576542133486,34.213254197075806,6.6500915263244105,1.4789675762279602,26.48741874304771,0.6529260862622134,0.09789818810807127,8.167274366282497
Markus Perez,Middleweight,mw,0.773,0.25,0.9217482517482517,0.529,0.473,0.13156461725022336,0.7361188811188811,0.5714285714285714,2.7367692307692306,3.3631923076923083,12.0,0.2857142857142857,0.5714285714285714,0.14285714285714285,1,0,0,1.0446853146853146,32.6,73.0,73.0,Orthodox,grappler,1982,-3.0,,,,47.86958041958042,2.0,5.0,2021-01-20,0.5438983209125371,0.35825484059218726,3.2611810696742243,0.07641470876959805,0.15954093646307435,8.761127076690972,0.2300185816201796,29.028969613593187,-2.3707917614922516,0.8673527405004319,32.86957918821988,0.6034806140475412,0.22611620520880502,8.949089518462024
Sarah Moras,Women's Bantamweight,wbwx,0.333,0.217,0.7374825174825175,0.505,0.343,0.028166278166278164,0.6690979020979022,0.6666666666666666,2.730272727272727,3.8227482517482514,10.71,0.2222222222222222,0.6666666666666666,0.1111111111111111,1,1,0,0.9356503496503497,38.1,67.0,67.0,Orthodox,balanced,1981,,,,,51.646853146853154,,,2021-01-16,0.6658821733230709,0.30244796688151665,8.371572548915687,0.24858399588295121,0.17220804451535943,3.928756028136339,0.09831355577390598,25.981970910615438,-10.254649073284956,0.6520769331554084,38.29210224356446,0.5774809462454394,0.22468776283005532,13.696632714533694
Vanessa Melo,Women's Bantamweight,wbwx,0.714,0.0,0.44915909090909084,0.592,0.308,0.04577020202020202,0.1884090909090909,1.0,3.612068181818182,5.254340909090908,17.42,0.0,1.0,0.0,0,0,0,0.5676818181818182,38.2,65.0,65.0,Orthodox,striker,1981,,,,,28.613636363636363,,,2021-01-16,0.6541430363322831,0.30648043363031596,3.02568039198799,0.07167142549567251,0.09534154455968132,4.993603545721551,0.10448194170100711,44.17382772975009,-16.616929744088054,0.21587501637753873,46.88091614579224,0.6508770123296517,0.0838676145988399,10.178903161117251
Anthony Pettis,Welterweight,wwx,0.559,0.4,0.6397182539682539,0.529,0.484,0.2381860158898098,0.6799523809523809,0.45,3.441849206349206,4.002297619047619,15.08,0.35,0.45,0.2,3,3,1,0.5214246031746032,39.4,72.0,70.0,Orthodox,balanced,2009,,,,,35.38492063492063,,,2020-12-19,0.6431253417944285,0.4093999735819362,3.709153635494168,0.08110778157326227,0.11807574534915362,3.700854617678132,0.0790936514984422,39.28752885523858,-1.2266116530886262,0.8545118908190504,31.382084368304103,0.6270553064977052,0.13949996491286207,6.080955677893506
Junior Dos Santos,Heavyweight,hwx,0.818,0.5,0.43530573710965864,0.562,0.479,0.657186555367249,0.09566666666666668,0.2608695652173913,4.395989832970225,3.413156136528685,19.12,0.43478260869565216,0.2608695652173913,0.30434782608695654,7,10,0,0.2717414669571532,42.4,77.0,76.0,Orthodox,striker,2016,,,,,13.89360929557008,,,2020-12-12,0.6188633979301651,0.4054938046817068,4.028341786659483,0.07493556718458345,0.046204938684811694,5.0588478224192714,0.09085369078304968,47.13805866135876,15.744250935101507,0.7377468596511835,29.119505445294113,0.6342242822077346,0.3479428503770347,4.499794544615889
Matt Wiman,Lightweight,lwx,0.561,0.379,2.0265969125214407,0.511,0.501,0.11838792890986599,1.330442538593482,0.5,3.3414048027444254,3.6736569468267586,13.93,0.2777777777777778,0.5,0.2222222222222222,4,2,0,1.57142538593482,42.8,68.0,70.0,Orthodox,grappler,2023,,,,,83.35814751286449,,,2020-12-05,0.6812203890541814,0.4227257506855063,11.570146524076831,0.2726795735038651,0.2778629698662399,9.499024139048487,0.22218391540673332,23.099419619501067,-1.0245391982729637,1.2861619552123817,34.36367177632261,0.5800507548805584,0.2420997661758667,11.517910467615351
Jose Quinonez,Bantamweight,bwx,0.429,0.472,2.405772850678733,0.64,0.455,0.37449107518363467,0.5911475113122173,0.5555555555555556,3.644405429864253,3.25449592760181,16.24,0.1111111111111111,0.5555555555555556,0.3333333333333333,2,0,1,1.6529574660633486,35.9,69.0,68.0,Southpaw,wrestler,2023,,,,,63.10805429864254,,,2020-12-05,0.5448116159974311,0.34559820630335936,6.522780570904601,0.1356675581591729,0.21028413479799798,3.7790270159704806,0.07586236843819129,39.138994212460354,2.986965860848543,0.9093234935257983,24.376912502134186,0.7059830577580039,0.3018901590123396,3.617206759759761
Rachael Ostovich,Women's Flyweight,wflwx,0.667,0.833,1.653911111111111,0.578,0.431,0.0496058023978358,0.6532,0.0,3.1557111111111116,3.998977777777778,10.44,0.25,0.0,0.75,1,0,2,0.8266555555555557,35.3,62.0,63.0,Orthodox,wrestler,2030,,,,,33.65444444444444,,,2020-11-28,0.6018613431669726,0.34242215527758507,2.5726988994286466,0.05951499703761573,0.11220125667525373,5.275771600131093,0.12572950041903727,34.00604523893415,-1.4864837387555392,0.6090778794206655,36.1591191441817,0.6221375084437142,0.22764291312242868,10.953155615189383
Spike Carlyle,Featherweight,fwx,0.571,0.368,2.2994083694083693,0.301,0.541,0.16130323227624369,0.5600995670995671,0.6666666666666666,3.2522222222222217,3.906959595959596,11.43,0.3333333333333333,0.6666666666666666,0.0,0,1,0,1.8295266955266953,33.1,71.0,68.0,Switch,wrestler,2030,,,,,78.28037518037516,,,2020-11-28,0.7151936377393701,0.44708058761923575,10.104036719034488,0.2740259679114978,0.2609874018456673,4.45787123301791,0.10559878676498882,29.106218202385662,-4.732687171829602,0.6505022136272816,34.972159579158706,0.47440215095025906,0.2107259605653102,11.887960544492058
Geraldo de Freitas,Bantamweight,bwx,0.593,0.45,2.2885781512605043,0.504,0.522,0.14446301717777058,0.28270252100840343,1.0,3.7060386554621845,3.308063865546219,18.33,0.0,1.0,0.0,0,0,0,1.818349579831933,34.7,72.0,67.0,Orthodox,wrestler,2044,,,,,57.286386554621856,,,2020-11-14,0.6584624607107716,0.4028047232224682,3.7872047337207912,0.07901729590264488,0.190845139228028,6.059009356190076,0.11482944251633932,42.911193333344734,8.016610068106479,0.4030293451193396,28.251000769269613,0.6154479909350948,0.19330621367597775,6.4727717375130265
Paul Felder,Lightweight,lwx,0.649,0.286,0.554638530287984,0.488,0.446,0.23126680630199906,0.25745978152929494,0.6,3.7870476663356505,3.58691857000993,17.74,0.3333333333333333,0.6,0.06666666666666667,1,4,0,0.5137557100297915,42.2,70.0,71.0,Orthodox,striker,2044,,,,,38.793644488579936,,,2020-11-14,0.5968357665554976,0.3529883190404756,6.53464946361895,0.12422133294780417,0.12938845715234143,7.18130579625443,0.13466534296115823,39.87601096701103,-2.1975692552830153,0.4697175148481188,26.81662607148249,0.6183473495100849,0.12224770967242336,2.949073809503211
Bevon Lewis,Middleweight,mwx,0.5,0.0,0.8054571428571429,0.526,0.405,0.10676959755630311,0.2071,0.5,3.2967714285714287,3.278657142857143,13.42,0.0,0.5,0.5,2,0,0,1.1543857142857143,35.1,79.0,75.0,Orthodox,striker,2051,,,,,67.98714285714286,,,2020-11-07,0.5335840233881309,0.3284647145931644,2.7809244850630113,0.0641885630663841,0.2265677556296002,9.021824277264205,0.22437853909293057,30.787853630985726,-1.692715217769683,0.27237565027884975,25.41906688660238,0.6061864870441398,0.5789407268490652,3.6380827848533923
Claudia Gadelha,Women's Strawweight,wswx,0.588,0.429,2.5995769230769232,0.572,0.415,0.08798364008067955,0.5943461538461539,0.9166666666666666,3.479871794871795,4.499403846153847,16.39,0.08333333333333333,0.9166666666666666,0.0,0,0,0,2.0345769230769233,37.5,63.0,64.0,Orthodox,wrestler,2051,,,,,80.5647435897436,,,2020-11-07,0.7781407664912526,0.37749905856478233,5.016684669049766,0.10263054053667417,0.2684689774337332,5.449682993141029,0.10811014246516584,40.30876775566064,-8.84956333330131,0.6699987709307746,41.68299494265188,0.6529607541673992,0.15863293911392837,7.3264833533018425
Eduardo Garagorri,Featherweight,fwx,0.618,1.0,1.0724083694083695,0.582,0.512,0.16130323227624369,0.35567099567099564,0.3333333333333333,3.625507936507936,3.26924531024531,15.29,0.0,0.3333333333333333,0.6666666666666666,0,0,2,0.7276695526695527,37.1,70.0,69.0,Orthodox,striker,2051,,,,,37.651803751803754,,,2020-11-07,0.6646762812640696,0.4222033619065962,4.777506106789592,0.10650260342551651,0.12547719776403463,4.825218171793419,0.10144324604402755,39.02458554932444,5.736700583272438,0.46682874423952647,27.441547334260747,0.6328627379822748,0.2107259605653102,3.990001360818589
Jack Marshman,Middleweight,mw,0.2,,0.4074358974358974,0.565,0.256,0.4539342324793714,0.12760897435897436,0.5,2.7680384615384614,3.6107596153846155,12.444,0.125,0.5,0.375,1,1,2,0.3742948717948718,30.9,73.0,72.0,Orthodox,balanced,2063,-2.0,,,,16.947115384615383,3.0,5.0,2020-10-31,0.6415546116301432,0.2674582459594797,3.116152091645817,0.07246497113403631,0.056467694844237915,2.3522137091889466,0.05255423553278369,36.05086103468264,-7.324267448034564,0.5815316787920626,37.44468370031266,0.6198701007100978,0.3201204103302935,6.304026503034634
Anderson Silva,Middleweight,mw,0.763,0.75,0.2918700265251989,0.595,0.59,0.788820076493927,0.2993554376657825,0.24,2.7354986737400533,2.3561763925729444,13.206,0.56,0.24,0.16,4,11,0,0.20919098143236076,45.5,77.0,74.0,Southpaw,balanced,2063,-3.0,,,,18.143633952254643,17.0,7.0,2020-10-31,0.5533580943160729,0.4667788589729263,6.658900372897777,0.16480219722560352,0.06036101658579302,5.792705836971452,0.14303423652967026,28.584264336190518,4.698332681601461,1.087924438514942,21.64049309109818,0.67085565583619,0.28681501379841373,7.748135761518436
Stefan Struve,Heavyweight,hwx,0.558,0.467,0.650044817927171,0.465,0.474,0.20658988410841664,1.4821428571428572,0.20833333333333334,3.2242044817927176,4.014543417366947,12.72,0.4583333333333333,0.20833333333333334,0.3333333333333333,8,5,0,0.4001792717086835,38.3,84.0,83.0,Orthodox,grappler,2065,,,,,29.536694677871143,,,2020-10-24,0.545820940758343,0.3624031022137654,4.192809340113013,0.10756599503901754,0.0984313954152267,2.840854060502713,0.06926582247607603,32.76656127823998,-1.3568368446003956,1.4156983934171214,29.83750126174243,0.5634478945382134,0.5971087380831024,10.400690723601818
Khabib Nurmagomedov,Lightweight,lwx,0.846,0.48,4.432890122086571,0.654,0.488,0.19453917735084825,0.6956903440621531,0.46153846153846156,4.104817980022197,2.3152619311875693,18.55,0.5384615384615384,0.46153846153846156,0.0,0,2,0,2.8421975582685906,37.7,70.0,70.0,Orthodox,grappler,2065,,,,,126.26936736958933,,,2020-10-24,0.8029687957442774,0.4387940057636154,24.334895501746487,0.4400006176287139,0.4209010982582712,2.8846504338150716,0.052588086705157015,28.26937275836361,2.2388316257644,0.8197080411107601,18.26150093654134,0.7168332264790808,0.07507028563935689,1.9902061159851925
John Phillips,Middleweight,mw,0.077,,0.4889230769230769,0.493,0.343,0.42164415589832255,0.15313076923076924,0.3333333333333333,2.198046153846154,3.3239115384615383,7.231,0.16666666666666666,0.3333333333333333,0.5,0,1,3,0.4491538461538462,35.4,75.0,71.0,Southpaw,balanced,2077,-2.0,,,,23.636538461538464,1.0,5.0,2020-10-17,0.5236649260534362,0.28551075801732323,2.821433792026262,0.07039261581677062,0.07877547882733052,3.5406051689754534,0.10903772701624012,26.609751190337118,-6.512197860718399,0.5747610914735521,34.00028710704187,0.5838264295650764,0.11747782572968553,13.031498470308227
Gadzhimurad Antigulov,Light Heavyweight,lhwx,0.0,0.368,3.522925925925926,0.404,0.551,0.11164108165200379,0.9948296296296295,0.0,2.7424666666666666,4.16442962962963,6.14,0.3333333333333333,0.0,0.6666666666666666,3,0,1,2.051762962962963,39.4,70.0,71.0,Orthodox,grappler,2072,,,,,70.38296296296298,,,2020-10-17,0.6314528949990661,0.4320062190094829,5.7941972236948045,0.25482651902732495,0.23648175840386793,5.348217265389211,0.21721990549684828,17.972492984728902,-3.479768042848087,0.6963514958022682,27.56939419892533,0.5195810046537315,0.995412517476802,5.981486733477684
James Krause,Welterweight,wwx,0.649,0.154,0.8978375350140055,0.618,0.502,0.2745195310831917,0.8778151260504201,0.5384615384615384,4.894963585434174,4.269773109243697,24.44,0.38461538461538464,0.5384615384615384,0.07692307692307693,1,3,0,1.5175994397759103,40.0,73.0,74.0,Orthodox,striker,2072,,,,,59.00224089635855,,,2020-10-17,0.7157469538043145,0.4387642421768399,2.9456866203516285,0.04868984956910394,0.19657958935874362,4.2094893910473274,0.06676021329246423,61.615265650302206,13.968248081452735,1.1002927385957528,36.20334056148123,0.6809984853960039,0.20191517537871181,6.185981545261421
Dequan Townsend,Middleweight,mwx,0.467,0.0,0.8054571428571429,0.387,0.349,0.10676959755630311,0.2071,0.5,2.3897714285714287,3.9651571428571426,5.45,0.0,0.5,0.5,2,0,0,0.5708857142857143,40.1,79.0,75.0,Orthodox,balanced,2086,,,,,29.48714285714286,,,2020-10-03,0.5130871289781931,0.2892331128615626,3.1900153941539204,0.08918856306638409,0.09825967482151939,6.010460640900568,0.2534158061736759,21.446944540076636,-8.158624308678775,0.27237565027884975,34.066794159329646,0.5069166066782004,0.3403043632127015,14.285810057580663
Jessin Ayari,Lightweight,lwx,0.5,0.0,0.7716415094339624,0.586,0.377,0.15681680450213148,0.36521698113207546,0.75,3.82261320754717,3.871056603773585,16.3,0.0,0.75,0.25,1,0,0,1.0089198113207547,34.1,73.0,72.0,Orthodox,striker,2086,,,,,28.58490566037736,,,2020-10-03,0.6791407842429313,0.3489949521037921,3.561652941211287,0.07138472628862873,0.09528983379882634,5.516066382383343,0.10779785028422421,42.84215395362794,-1.0174827952506504,0.4806953768340496,31.18134738488719,0.6584960025284168,0.6095243569836333,5.068003785942219
Khadis Ibragimov,Middleweight,mw,0.81,0.3,1.0611538461538461,0.473,0.498,0.1809013487190571,0.3414134615384615,0.5,3.303057692307692,3.586139423076923,16.4,0.0,0.5,0.5,1,0,1,1.0614423076923076,25.4,78.0,75.0,Orthodox,balanced,2098,-4.0,,,,58.87067307692308,0.0,4.0,2020-09-26,0.767645506295389,0.4372112192125039,3.7575614708020586,0.0792985019972217,0.19623857930339392,7.344987230450085,0.15102211984969818,38.44295821869063,-0.23640117205184596,0.5222975181880939,35.60035888380233,0.5856598247575585,0.2968472821621069,4.139373087885285
Diego Sanchez,Welterweight,wwx,0.471,0.217,1.347589947089947,0.565,0.373,0.21854791348769764,0.6621904761904762,0.65625,2.81978835978836,3.224420634920635,12.6,0.1875,0.65625,0.125,4,6,0,1.8862830687830687,44.5,72.0,70.0,Southpaw,balanced,2093,,,,,69.08994708994709,,,2020-09-26,0.683014597911207,0.3197118289666456,11.147839118340649,0.2920612726317203,0.23022976860811925,4.290765823550127,0.10853771503874997,24.1496690967697,-7.8065366202663675,0.8413832773527561,34.2463195508582,0.6146300493079443,0.3768468486907409,6.371430769389322
Jeff Hughes,Heavyweight,hwx,0.4,0.0,0.595156862745098,0.61,0.464,0.13610807264032782,0.1475,0.5,3.4602156862745095,3.908401960784314,14.5,0.0,0.5,0.25,0,0,1,0.4851274509803921,38.1,77.0,74.0,Orthodox,striker,2093,,,,,32.72843137254902,,,2020-09-26,0.5964917718761276,0.39118134038445673,3.3025500816998905,0.07659150429880715,0.10913850714169923,4.782663124802973,0.10173630262736247,38.509051430361694,-1.5614289561013839,0.2592922030468822,34.5671239813159,0.6300233600504137,0.5083588441604232,5.016547967388972
Mirsad Bektic,Featherweight,fwx,0.923,0.529,3.277132756132756,0.578,0.418,0.2669870198648299,0.4935497835497835,0.4,2.814825396825397,2.413265512265512,10.74,0.3,0.4,0.3,2,2,1,1.916763347763348,35.3,70.0,68.0,Orthodox,wrestler,2100,,,,,127.4044733044733,,,2020-09-19,0.7709607575625711,0.3857336004733526,12.462843559162321,0.37357313433168876,0.42474983816033735,3.824765252711262,0.10388022045016358,21.211937850083693,1.0502491381313388,0.6992528814365334,19.746062043350427,0.6590284271054367,0.2916983840093632,5.539366252725178
Irwin Rivera,Bantamweight,bwx,0.7,0.167,1.431435294117647,0.577,0.44,0.14446301717777058,0.28270252100840343,1.0,3.5727529411764705,4.355921008403362,16.78,0.0,1.0,0.0,0,0,0,1.7232067226890757,37.3,67.0,66.0,Southpaw,striker,2100,,,,,36.28638655462185,,,2020-09-19,0.6329528709627713,0.36780513634318207,4.21577616229222,0.08897687274963895,0.12084513922802802,4.201866499047219,0.0825081214532964,42.339764761916165,-11.269104217607806,0.4030293451193396,38.67957219784104,0.6382282353359516,0.3361633565331206,3.6156288803701684
Mara Romero Borella,Women's Flyweight,wflwx,0.667,0.444,1.627480808080808,0.712,0.38,0.03607694719842604,0.3256,0.42857142857142855,2.9881535353535353,3.0418929292929295,11.13,0.14285714285714285,0.42857142857142855,0.42857142857142855,1,0,2,1.1222949494949495,40.0,69.0,66.0,Orthodox,balanced,2100,,,,,62.8850505050505,,,2020-09-19,0.6021389807635082,0.3033613726638016,3.792265866251137,0.10032622214741851,0.209547041891767,4.158136921307462,0.09842373423727618,32.34985108286119,1.1734663718141538,0.32781421533624167,24.442995741223058,0.7333633453780326,0.2988918156041906,4.547749538319551
Cole Smith,Bantamweight,bwx,0.455,0.333,1.71729243697479,0.497,0.354,0.14446301717777058,0.997131092436975,1.0,2.8964672268907563,3.0226352941176478,8.89,0.0,1.0,0.0,0,0,0,1.5804924369747901,37.2,67.0,71.0,Orthodox,grappler,2114,,,,,88.95781512605042,,,2020-09-05,0.5287546685029794,0.32054412667615734,3.930061876577934,0.10093288031822929,0.2964006947835836,5.773295070475791,0.15655022173711855,30.911193333344734,-0.2691042176078064,1.117315059405054,28.679572197841043,0.5816529006250909,0.4790204993902635,5.758486023227312
Zelim Imadaev,Welterweight,wwx,0.6,0.5,0.8757482993197279,0.438,0.37,0.14436886120203693,0.29697959183673467,0.3333333333333333,3.569768707482993,4.197448979591837,14.38,0.0,0.3333333333333333,0.6666666666666666,1,0,1,0.7748843537414967,31.4,76.0,72.0,Orthodox,balanced,2114,,,,,50.291156462585036,,,2020-09-05,0.6230434789686806,0.3503790609224375,2.8011317922825265,0.05887520280812344,0.16767543129980586,8.12036709254351,0.17488313399890748,38.422788007876804,-6.724433230757643,0.40874665087539924,31.940255649311553,0.6154406264283352,0.30286542591972865,4.0275623242063086
Ricardo Lamas,Featherweight,fwx,0.419,0.309,1.7453742183742182,0.567,0.495,0.18158729296426165,0.8123189033189032,0.4117647058823529,3.4937883597883603,3.2948912938912933,15.79,0.4117647058823529,0.4117647058823529,0.17647058823529413,3,4,0,1.6703660413660413,44.1,71.0,68.0,Orthodox,balanced,2121,,,,,60.89345839345839,,,2020-08-29,0.5167708951194725,0.3695838654050934,7.304639522170108,0.15570706866891196,0.2029469881077633,7.965011857479296,0.16754086542959942,32.73429614981061,-1.064135967409008,0.9225268746462583,29.08542089802963,0.6338294928130004,0.3258810845994643,4.277905931586862
Hannah Cifers,Women's Strawweight,wswx,0.647,1.0,0.636020979020979,0.529,0.445,0.30979438557189753,0.29277622377622375,0.2857142857142857,4.6224498834498835,4.990951048951049,20.79,0.0,0.2857142857142857,0.7142857142857143,2,0,3,0.4594755244755244,34.0,62.0,61.0,Orthodox,striker,2121,,,,,40.62144522144523,,,2020-08-29,0.5057443972392793,0.3194216803360011,3.0697231549814785,0.056848866125450946,0.13550033081270293,11.154084353659677,0.18475629213196576,45.67638946277911,1.7188169697435485,0.5654527577174904,41.62981082567546,0.6170140782457608,0.1852842750748049,10.79306669571177
Frankie Saenz,Bantamweight,bwx,0.617,0.319,1.7450033613445377,0.522,0.474,0.2252927330786812,0.22420840336134457,0.7,3.880090756302521,3.590031932773109,18.18,0.0,0.7,0.3,3,0,0,1.6323176470588234,45.9,66.0,66.0,Orthodox,balanced,2149,,,,,57.457478991596645,,,2020-08-01,0.5099726892893791,0.3446022310487273,5.138500326044069,0.09907540732161815,0.19142030204031785,14.988688351564425,0.2769156525469202,33.41988238095808,-3.027409251661046,0.43110650929436367,31.987745282593988,0.6085715732898285,0.47930616806247867,4.200671583042228
Fabricio Werdum,Heavyweight,hwx,0.267,0.286,1.2317843137254902,0.549,0.564,0.27263434046425145,0.43409090909090914,0.3888888888888889,4.4662602495543675,3.362055258467023,20.23,0.4444444444444444,0.3888888888888889,0.16666666666666666,3,4,0,1.1952281639928697,48.9,77.0,76.0,Orthodox,balanced,2156,,,,,49.04670231729055,,,2020-07-25,0.6387580942146858,0.4641013164118713,6.853819864419794,0.11967633018847118,0.16344017339587963,7.3734477478622376,0.12585064239811525,44.455770768065406,10.564439057285446,0.6521393135046514,29.15044177832975,0.6166529882814513,0.32741974498395554,3.8758521534307007
Raphael Pessoa,Heavyweight,hwx,1.0,0.0,0.6801792717086835,0.421,0.27,0.3698377973032318,0.16857142857142857,0.3333333333333333,3.130532212885154,3.6883165266106444,9.67,0.0,0.3333333333333333,0.6666666666666666,1,0,1,0.6972885154061624,37.3,78.0,75.0,Orthodox,balanced,2156,,,,,28.061064425770304,,,2020-07-25,0.6102763107155743,0.32080329135140495,3.131485807657018,0.0727548226469126,0.09353924625718006,5.251614999774826,0.13104838526870982,32.43891592041336,-5.85591880697301,0.5106196606250083,25.362427407218178,0.6114552686290441,0.15241010761191223,6.161769105587396
Rogerio Nogueira,Light Heavyweight,lhwx,0.641,1.0,0.37372113289760345,0.547,0.366,0.3934023169381535,0.2600174291938998,0.46153846153846156,3.0038039215686276,3.432135076252724,12.18,0.3076923076923077,0.46153846153846156,0.23076923076923078,3,4,0,0.27656644880174286,50.0,75.0,74.0,Southpaw,balanced,2156,,,,,21.360566448801745,,,2020-07-25,0.7291660000309426,0.3384668871867949,5.3999479467112295,0.14339097803184747,0.07224417161011841,4.935926122497855,0.12795292971506056,28.22541604143717,0.8900524117700331,0.5986941571946115,28.77191255398969,0.6131916660234932,0.2956208085997995,11.711798918852418
Brett Johns,Bantamweight,bwx,0.583,0.492,3.7703679144385025,0.534,0.49,0.09193101093130855,0.8277197860962567,0.7142857142857143,3.1802064171122995,3.8311315508021395,13.32,0.2857142857142857,0.7142857142857143,0.0,0,0,0,2.52704064171123,34.3,71.0,67.0,Orthodox,grappler,2163,,,,,111.13679144385029,,,2020-07-18,0.782370469967221,0.4331343254311109,10.405254687008924,0.2541644380321898,0.37039959152363083,5.343771504178374,0.122157004202816,28.24492207337249,-8.582731392066211,0.859344033018527,32.073603360348606,0.6261037251899242,0.5249269206646173,6.257792541096805
Joe Duffy,Lightweight,lwx,0.64,0.667,1.1524276729559748,0.546,0.344,0.371211203001421,0.613811320754717,0.375,3.159075471698113,3.9037044025157237,11.2,0.375,0.375,0.25,1,1,1,0.6726132075471698,38.3,73.0,70.0,Orthodox,grappler,2163,,,,,32.85660377358491,,,2020-07-18,0.6459146761054736,0.303592161542711,3.5744352941408586,0.08702890604459561,0.10945248179181015,3.5107109215888954,0.08459772938414638,33.62810263575196,-4.078321863500434,0.8871302512226998,29.854231589924794,0.6365450879702542,0.37301623798908895,6.41200252396148
Chris Fishgold,Featherweight,fwx,0.444,0.462,2.053232323232323,0.469,0.323,0.14114032824171321,0.9582121212121212,0.25,2.897444444444444,3.326464646464647,8.75,0.25,0.25,0.5,1,0,1,1.3955858585858585,34.0,68.0,68.0,Orthodox,grappler,2166,,,,,41.78282828282828,,,2020-07-15,0.6260176473076631,0.321267845241726,3.1088892720123216,0.07593343620827488,0.1392270718530541,4.1417087574621,0.11449715270507951,31.226869498516027,1.4303272960776692,0.9709751512095857,31.082782488906727,0.5503937407604322,0.3718852154946464,10.884108333573408
Paige VanZant,Women's Flyweight,wflwx,0.344,0.333,1.2770991452991454,0.426,0.521,0.12082765097391901,0.8145846153846154,0.2222222222222222,3.477206837606838,3.054986324786325,13.7,0.4444444444444444,0.2222222222222222,0.3333333333333333,0,2,3,1.0255572649572648,32.2,65.0,64.0,Orthodox,balanced,2170,,,,,78.01042735042735,,,2020-07-11,0.6200371885002272,0.4344425237721922,10.58877345873424,0.2542537928929167,0.26012583217672003,11.509727896624707,0.2699368821844531,22.461914126969507,-1.2023846419097632,0.8017959748497295,24.736715459964657,0.5326143112669374,0.03752384397277663,6.5497680039961415
Danny Henry,Featherweight,fwx,0.5,0.333,1.1302323232323233,0.458,0.52,0.6411403282417132,1.4262121212121213,0.25,4.491944444444444,4.055464646464646,17.5,0.25,0.25,0.5,0,0,2,0.8330858585858586,37.9,73.0,72.0,Orthodox,grappler,2170,,,,,55.83282828282828,,,2020-07-11,0.6641128854029013,0.4336206087572802,12.233889272012322,0.24260010287494155,0.1861020718530541,3.9542087574620997,0.0787828669907938,35.414369498516024,0.055327296077669175,1.6584751512095857,29.707782488906727,0.5793175683559866,0.4343852154946464,6.259108333573408
Yoel Romero,Middleweight,mw,0.806,0.333,1.4078959276018101,0.607,0.493,0.6186457783301719,0.09007692307692307,0.46153846153846156,3.1547330316742084,2.8803009049773753,15.512,0.5384615384615384,0.46153846153846156,0.0,0,7,0,1.3845022624434389,42.9,73.0,72.0,Southpaw,balanced,2301,-3.0,,,,37.6920814479638,9.0,4.0,2020-03-07,0.6123747594322207,0.4062686646656399,6.750480363824771,0.14479189904246767,0.12560611666260946,5.536355139910848,0.11831175221335724,35.03772589224292,-2.425885093277476,0.7087145639626597,22.552836465154588,0.6985159236171641,0.12245617655781774,2.4863807691279587
Nordine Taleb,Middleweight,mw,0.739,0.762,1.639076923076923,0.668,0.511,0.2571173410261952,0.09570673076923077,0.5,3.348528846153846,2.6133197115384617,16.778,0.16666666666666666,0.5,0.3333333333333333,2,2,2,0.8642211538461539,38.2,74.0,73.0,Orthodox,grappler,2483,-1.0,,,,60.78533653846154,7.0,5.0,2019-09-07,0.5239757978900624,0.38685688439861854,6.920447402067696,0.13964319381883378,0.20262854891095622,4.097493615225043,0.08289072395327746,39.204812442678644,7.506799413974077,0.3528154257607136,24.083512775234496,0.7138345840765051,0.3234236410810535,3.644686543942642
David Branch,Middleweight,mw,0.438,0.326,1.8299408284023668,0.567,0.398,0.215170060750189,0.11779289940828402,0.3333333333333333,1.971881656804734,2.0814704142011835,6.85,0.1111111111111111,0.3333333333333333,0.5555555555555556,3,1,2,1.83396449704142,37.5,78.0,73.0,Orthodox,wrestler,2644,-2.0,,,,86.32810650887573,4.0,5.0,2019-03-30,0.5250670145696389,0.30100443063712407,4.0315762897243435,0.14553837232778452,0.2877622026482424,6.6430690648923605,0.2773356976426787,18.903358903809615,-0.30701610587805905,0.3329523188849809,20.44252854387836,0.6326008973295036,0.1942137120997581,6.597306515621714
Alex Garcia,Middleweight,mw,0.667,0.527,2.834945054945055,0.592,0.314,0.36051505641088977,0.1950934065934066,0.6,2.161747252747253,2.9520796703296703,8.48,0.3,0.6,0.1,1,2,0,1.8922527472527473,31.3,72.0,69.0,Orthodox,wrestler,2798,-2.0,,,,69.79752747252748,5.0,5.0,2018-10-27,0.7755489277969575,0.31579214177609394,3.604320840458319,0.11072661753729873,0.23270775960193937,4.111421274542907,0.1333695526746155,24.71026183925179,-8.792229241172482,0.555598581821768,27.371633647887045,0.6654291594037937,0.2553413040926325,5.879641764505877
Brad Scott,Middleweight,mw,0.636,0.154,0.6181025641025641,0.572,0.416,0.3311272149355117,0.5489423076923077,0.625,3.403371794871795,3.8914262820512824,17.211,0.25,0.625,0.125,1,0,0,0.8302948717948718,28.9,76.0,73.0,Orthodox,balanced,2951,-2.0,,,,50.74711538461539,3.0,5.0,2018-05-27,0.6207303797967371,0.3590086939907408,3.3734620331662843,0.06920663416010299,0.1691122692431983,6.744026574686022,0.13349387438526658,40.93390197035515,-3.447074465578423,0.8797772928271503,37.491467326043654,0.6379804340883003,0.4136876617922818,7.228003111221768
Rob Wilkinson,Middleweight,mw,,0.25,2.0648717948717947,0.391,0.5,0.24120179829207614,0.25521794871794873,0.0,2.9840769230769233,3.7381858974358977,11.5,0.0,0.0,1.0,2,0,0,2.41525641025641,26.0,80.0,75.0,Orthodox,wrestler,3057,-2.0,,,,64.69423076923077,0.0,2.0,2018-02-10,0.5491547719145307,0.3727044102153522,4.010081961069411,0.08540613274426308,0.21565143907119189,7.843316307266782,0.19853497210076407,32.90727762492084,-3.5652015627357945,0.4963966909174586,38.41714517840311,0.5613008904731448,1.1957963762161425,6.469164117180379
Cyril Asker,Middleweight,mw,1.0,0.625,1.9321367521367523,0.357,0.39,0.1608011988613841,0.44792307692307687,0.0,2.53382905982906,3.2699017094017098,9.5,0.4,0.0,0.6,3,1,0,1.2396153846153846,32.1,74.0,72.0,Orthodox,wrestler,3057,-1.0,,,,67.18504273504273,2.0,3.0,2018-02-10,0.7810536008034323,0.3841533674939955,11.840054640712943,0.3785748487300935,0.22389108283758472,3.506655315955632,0.0892173989782702,22.66040730550278,-10.65457881960164,0.6087089050560834,33.22254123004652,0.5048273742755438,0.686086473032984,8.59055385589803
Rafael Natal,Middleweight,mw,0.771,0.343,2.220201465201465,0.576,0.479,0.3448888254860477,0.45906227106227104,0.6470588235294118,3.0475457875457876,2.5439578754578753,14.909,0.11764705882352941,0.6470588235294118,0.23529411764705882,4,1,0,2.1454065934065936,34.6,77.0,72.0,Orthodox,wrestler,3260,-3.0,,,,68.59835164835165,9.0,7.0,2017-07-22,0.5894021208651424,0.38970546350835555,9.14898445640944,0.20333613084214722,0.22855192631471283,5.3870514124658335,0.11901597597061674,31.174806594133223,3.6729294236339287,0.8041652883140791,23.291262258764526,0.6582509966611145,0.38711065294487185,6.416514423090498
Nick Roehrick,Middleweight,mw,0.0,,0.9778461538461538,0.44,0.175,0.2894421579504914,0.3062615384615385,0.0,3.034292307692308,3.705823076923077,9.333,0.0,0.0,1.0,1,0,0,0.8983076923076924,30.0,,74.0,Orthodox,balanced,3275,-1.0,,,,40.17307692307692,0.0,1.0,2017-07-07,0.6683024964837722,0.3476817352480571,4.812098353283294,0.1024873592931157,0.13389283799654136,4.911979568720138,0.11184445099296655,35.788733149905006,-5.578241875282954,0.5956760291009503,39.80057421408373,0.5848797498864551,0.23495565145937106,6.262996940616455
Clint Hester,Middleweight,mw,0.6,0.357,1.0413846153846154,0.569,0.428,0.48951916270476886,0.1392097902097902,0.2857142857142857,3.1822237762237764,3.195828671328671,15.5,0.2857142857142857,0.2857142857142857,0.42857142857142855,2,1,1,0.9651398601398601,29.4,77.0,74.0,Orthodox,balanced,3715,-3.0,,,,48.50594405594406,4.0,3.0,2016-04-23,0.6916561410493896,0.37632028768989234,6.24413561512877,0.13382856507458338,0.16166214858428649,4.70430889487279,0.10011572238264295,36.784651431775,4.90761732941684,0.6287163768640682,34.42071555185624,0.6179425397370314,0.4647525688451687,13.12522588209839
Shawn Jordan,Middleweight,mw,0.889,0.346,1.3642307692307694,0.496,0.498,0.44171806392968677,0.10937912087912087,0.2,2.7174615384615386,2.6756510989010986,12.368,0.6,0.2,0.2,2,6,0,1.2979670329670332,30.9,75.0,72.0,Southpaw,grappler,3918,-1.0,,,,67.29752747252748,6.0,4.0,2015-10-03,0.7570250991567099,0.44069706773018996,9.613343396849297,0.2493685857657784,0.22440199519091178,6.840744582813583,0.1751485284158554,24.3042468016578,-4.668920970495791,0.5510873036262792,26.902460715556224,0.5852461691771352,0.30947664243849715,2.0450552983404635
Igor Araujo,Middleweight,mw,0.222,0.158,1.0201538461538462,0.498,0.421,0.1809013487190571,0.4639134615384616,0.75,2.3905576923076923,2.979639423076923,7.273,0.0,0.75,0.25,1,0,0,1.4249423076923078,34.6,77.0,73.0,Orthodox,grappler,3998,-2.0,,,,69.27067307692307,2.0,2.0,2015-07-15,0.5507247745880719,0.3572802970514346,5.871197834438422,0.19530459955819732,0.23098100354581813,4.05862359408645,0.11900992472774696,25.92477640050881,0.9226897370390631,0.6450247909153666,30.90944979289324,0.5850731845114303,0.28321091852574326,12.743918542430738
Luke Barnatt,Middleweight,mw,0.636,0.429,0.8489230769230769,0.591,0.364,0.3847210789752457,0.39313076923076923,0.6666666666666666,3.866646153846154,3.508711538461539,21.133,0.3333333333333333,0.6666666666666666,0.0,0,1,0,0.7293538461538462,27.1,77.0,78.0,Orthodox,balanced,4058,-3.0,,,,24.716538461538462,3.0,3.0,2015-05-16,0.6719836051594165,0.3473497785955988,3.966049176641647,0.07584935787999633,0.0824575301093818,7.91598978436007,0.13605967479797046,46.11436657495251,4.130879062358524,0.7778380145504752,35.80028710704187,0.6313324044320872,0.23747782572968554,4.871498470308228
Mike Rhodes,Middleweight,mw,0.75,0.333,1.0657472527472527,0.644,0.394,0.20674439853606527,0.40261538461538454,0.6666666666666666,3.125065934065934,3.4267307692307694,14.286,0.0,0.6666666666666666,0.3333333333333333,0,0,1,1.008934065934066,25.0,74.0,73.0,Orthodox,balanced,4205,-3.0,,,,39.59505494505494,0.0,3.0,2014-12-20,0.5879711709577965,0.34459536306978755,3.437213109488067,0.07320525663793978,0.13198694777530734,4.549373161330711,0.09886848540313939,38.88991143360561,-4.004866645610273,0.6091563473170053,31.67387954067205,0.6684701596197631,0.16782546532812218,3.3715284269709374
Colton Smith,Middleweight,mw,0.25,0.36,2.1111538461538464,0.516,0.415,0.3475680153857238,0.6914134615384615,0.25,2.2630576923076924,2.4606394230769233,6.0,0.0,0.25,0.75,1,0,2,1.9504423076923079,26.9,71.0,72.0,Orthodox,grappler,4380,-3.0,,,,77.17067307692308,1.0,3.0,2014-06-28,0.5139192190325164,0.32279753843074493,4.174228137468726,0.12886941437301214,0.2572941348589495,5.528320563783419,0.21391733213515438,24.242958218690628,-3.486401172051846,1.0389641848547606,26.833692217135663,0.574637417064553,0.4801806154954402,4.122706421218618
Robert McDaniel,Middleweight,mw,0.5,0.5,1.0657472527472527,0.568,0.442,0.20674439853606527,0.7699010989010989,0.3333333333333333,2.5494945054945055,2.6308736263736265,7.571,0.3333333333333333,0.3333333333333333,0.3333333333333333,0,0,1,0.8863626373626374,30.9,75.0,75.0,Southpaw,grappler,4485,-2.0,,,,69.8521978021978,1.0,2.0,2014-03-15,0.6400466426559096,0.3954895455819809,5.824968211528883,0.17832655043847886,0.23280327430591957,4.549373161330711,0.129272798071603,27.86950327034031,-0.8824176660184361,0.9765032860925155,23.22489994883532,0.6527177037479529,0.16782546532812218,5.942956998399509
Alex Perez,Flyweight,flw,0.743,0.484,2.029401586157174,0.596,0.468,0.6147176064507491,0.5942645998558038,0.2,3.946627253064167,3.0961550108147082,17.44,0.4,0.2,0.3333333333333333,2,4,3,1.2820504686373468,34.2,65.0,66.0,Orthodox,balanced,21,0.0,United States,"Hanford, United States",11.0,63.98980533525596,8.0,6.0,,0.5971002924033632,0.37524534559921796,6.99043861455358,0.13946929436833405,0.21302880249614597,6.436803086538792,0.12632559599834398,37.47214730758242,6.105038245255689,1.1320398917265466,27.677674009443745,0.6482952101733935,0.05952489550540106,5.786511889261685
Alexandre Pantoja,Flyweight,flw,0.692,0.476,2.587755915317559,0.498,0.503,0.24931440527788562,0.9268194271481942,0.5,4.181087173100872,3.8089066002490664,19.604,0.4444444444444444,0.5,0.05555555555555555,1,2,0,1.6935890410958905,36.2,67.0,65.0,Orthodox,grappler,196,-1.0,Brazil,Brazil,1.0,80.61937733499377,14.0,4.0,,0.6325126314292064,0.4098966924122067,5.229222502816565,0.09578610450844255,0.26884932325442246,5.644202525349922,0.10043466128219433,45.59630234256744,2.179804018845565,1.0830326386853564,40.08286964409034,0.5538296803971435,0.09983855086805543,4.136464273032288
Amir Albazi,Flyweight,flw,0.625,0.25,1.3556936488169364,0.594,0.338,0.271356083283044,0.5351843088418431,0.5714285714285714,2.7669925280199252,3.742358655043587,11.952,0.42857142857142855,0.5714285714285714,0.0,0,1,0,1.4933599003735987,32.6,68.0,65.0,Orthodox,balanced,133,-2.0,Iraq,"Baghdad, Iraq",7.0,64.25148194271482,5.0,2.0,,0.6680092115193773,0.30835037671377274,4.697081369269495,0.12329772700098195,0.2144915758017742,2.311132323427115,0.05515404821593182,32.51078650331669,-15.060846507763415,0.7797016410070761,35.10892110636249,0.6484566782309489,0.09740437446338356,3.1706558187918477
Asu Almabayev,Flyweight,flw,0.444,0.429,3.4416936488169365,0.538,0.51,0.1849924469194076,1.1995479452054794,0.5714285714285714,2.6645379825653794,2.5402677459526775,10.5,0.2857142857142857,0.5714285714285714,0.14285714285714285,1,0,0,2.5280871731008716,32.4,65.0,64.0,Orthodox,grappler,210,2.0,Kazakhstan,Kazakhstan,9.0,100.1042092154421,6.0,1.0,,0.5692889410859595,0.3752494950834793,6.8379904601785855,0.20178378277787437,0.33406228287248124,3.8702232325180237,0.10710382486690367,26.03805923058942,-0.24266468958159762,1.2797016410070763,20.186193833635215,0.6278628084991481,0.09740437446338356,4.257019455155484
Brandon Moreno,Flyweight,flw,0.653,0.397,1.4132762557077625,0.599,0.444,0.1838953476952047,0.44608447488584474,0.65,3.744413242009133,3.6196643835616436,18.686,0.3,0.65,0.05,1,3,0,1.1682899543378995,32.5,70.0,67.0,Orthodox,striker,112,-2.0,Mexico,"Tijuana, Mexico",8.0,52.971095890410965,11.0,7.0,,0.7213343936144492,0.3844206961484348,4.081400389486614,0.07835324498624034,0.17674779234829996,3.3390308863326656,0.0630163682525806,46.94839619497253,1.6744929696560533,0.6133156330806242,35.00825550708281,0.6599462600420366,0.2232151002004794,4.584169631231979
Brandon Royval,Flyweight,flw,0.452,0.75,0.9024143835616438,0.43,0.415,0.2792992427409637,0.986376712328767,0.4166666666666667,4.9783698630136985,4.063496575342466,24.774,0.3333333333333333,0.4166666666666667,0.25,2,1,1,0.5534349315068492,33.8,68.0,69.0,Southpaw,grappler,189,-2.0,United States,"Denver, United States",4.0,27.196643835616435,7.0,5.0,,0.7370241678299304,0.369871696788811,5.563920860727616,0.08911697565978863,0.09087245657160506,3.764306698162593,0.060873462929329616,57.89552055973989,11.373490606557812,1.167093265289139,32.770447776753244,0.5587514662837774,0.35728808808873747,4.365309746387137
Charles Johnson,Flyweight,flw,0.692,0.167,0.7623683409436833,0.557,0.499,0.30696985870300136,0.41766818873668193,0.7142857142857143,4.436106544901065,3.901663622526636,22.892,0.21428571428571427,0.7142857142857143,0.07142857142857142,1,3,0,1.0767199391171993,35.4,70.0,69.0,Switch,striker,98,1.0,United States,"Topeka, United States",14.0,26.734794520547943,8.0,6.0,,0.5307423847193504,0.37844877627742973,3.663231407346373,0.064680539429454,0.08931308678043022,8.591037320773028,0.13305258229163552,51.36620136163648,2.626479686697132,0.7032110628977177,31.14614247791221,0.6560589734902319,0.24871408469459025,2.4391245018742973
Edgar Chairez,Flyweight,flw,0.333,0.0,0.6035118306351183,0.456,0.468,0.24849169161134838,1.2447297633872976,0.42857142857142855,3.3849016189290158,3.992449564134496,16.583,0.42857142857142855,0.42857142857142855,0.0,0,0,0,0.6298144458281443,30.4,71.0,67.0,Orthodox,grappler,14,3.0,Mexico,"Baja California, Mexico",15.0,23.81693648816936,4.0,2.0,,0.5902546861158283,0.3642543922814524,2.616789506196444,0.061007387186315085,0.08538517782639603,2.442245555769827,0.053207842194465074,43.16186515364836,-1.1669311585397575,1.407671805107784,37.06981321699874,0.558674066170662,0.10714481190972192,9.137721400671031
Joshua Van,Flyweight,flw,0.757,0.615,1.0461086757990867,0.583,0.574,0.5469111277408989,0.33680182648401824,0.5454545454545454,7.059994520547944,5.20226301369863,38.438,0.36363636363636365,0.5454545454545454,0.09090909090909091,1,4,0,0.6816639269406392,24.7,65.0,65.0,Orthodox,striker,42,7.0,Myanmar,"Hakha , Myanmar",,28.925753424657536,10.0,1.0,,0.6981831638424407,0.47167662166827884,5.982026337464296,0.0739910341997095,0.0967012296620418,7.6906637038465515,0.08347505422488925,83.13707676909891,17.55954589430683,0.8571978700718559,47.26945881133249,0.6462948649872536,0.1401798746064813,2.4793142671140216
Kyoji Horiguchi,Flyweight,flw,0.612,0.405,1.5235086757990866,0.639,0.474,0.5137009619884015,0.25760182648401825,0.5454545454545454,3.411661187214612,2.3642630136986305,18.207,0.2727272727272727,0.5454545454545454,0.18181818181818182,1,2,1,1.3196639269406392,35.7,66.0,65.0,Orthodox,balanced,0,-1.0,Japan,"Takasaki, Japan",5.0,58.53775342465754,9.0,2.0,,0.7139651203770633,0.40975201640728975,7.976278218711746,0.15481063452027793,0.1949056688907755,6.636086727027709,0.1267936978932598,37.52448496196558,10.523620601043032,0.772721240101619,20.777699095885797,0.7011673713949298,0.07653200850694422,3.3237418871788162
Lone’er Kavanagh,Flyweight,flw,0.941,0.455,1.4103287671232878,0.562,0.484,,0.4642534246575342,0.75,3.692239726027397,3.4829931506849316,20.385,0.0,0.75,0.25,1,0,0,1.1428698630136984,27.0,67.0,66.0,Orthodox,striker,112,1.0,England,"London, England",6.0,44.13328767123288,3.0,1.0,,,,,,,,,,,,,,,
Manel Kape,Flyweight,flw,0.811,0.3,0.7087753424657534,0.574,0.563,0.6953512082938202,0.3632018264840183,0.45454545454545453,4.193394520547946,3.61826301369863,23.375,0.5454545454545454,0.45454545454545453,0.0,0,6,0,0.6897305936073058,32.6,68.0,65.0,Southpaw,striker,0,4.0,Angola,Angola,2.0,20.609753424657534,8.0,3.0,,0.6569877839879623,0.4536628915681649,4.761992504426032,0.08295234575022446,0.0718624286061559,3.369461111264162,0.058675541539809355,55.079903681177406,5.970049172471602,1.0590512893627027,27.69272372642767,0.6738079154901626,0.07653200850694422,2.544801000479309
Steve Erceg,Flyweight,flw,0.674,0.281,1.306552511415525,0.555,0.476,0.16207640967612363,0.4835022831050228,0.75,4.184493150684932,3.877328767123288,22.16,0.125,0.75,0.125,1,1,0,1.3332465753424658,30.9,68.0,68.0,Orthodox,striker,49,2.0,Australia,"Perth, Australia",10.0,40.002191780821924,5.0,3.0,,0.7013407752172839,0.4030742039658373,2.52565792183037,0.05413212578946547,0.1336320926331078,5.855204629808188,0.09927156669758991,51.248220961373626,5.777557367883535,0.6180598375898199,32.736511014165615,0.6442097790059167,0.24928734325810162,4.319767833892527
Tagir Ulanbekov,Flyweight,flw,0.633,0.391,2.373219178082192,0.506,0.482,0.17731450491421885,1.2435022831050226,0.625,3.1024931506849316,3.457995433789955,14.19,0.25,0.625,0.125,0,0,1,1.9399132420091323,34.9,70.0,67.0,Southpaw,grappler,210,-1.0,Russia,"Dagestan, Russia",13.0,94.64219178082192,6.0,2.0,,0.7471091952497506,0.4177202267147246,4.758038874211322,0.11265303130477411,0.3157442619452771,5.535204629808189,0.1282493487827303,33.396792389945055,-1.651014060687893,1.3456788852088675,27.445082442737043,0.6236025060092238,0.37500162897238726,7.192148786273479
Tatsuro Taira,Flyweight,flw,0.462,0.438,3.025616438356164,0.44,0.544,0.3084464463890583,1.1104305283757339,0.3,2.9847084148727987,3.2165675146771036,12.481,0.6,0.3,0.1,1,3,0,2.104211350293542,26.4,70.0,67.0,Orthodox,grappler,42,-1.0,Japan,Japan,3.0,115.83616438356164,8.0,2.0,,0.7356904277106793,0.45975055390582725,12.658817901251426,0.33385173436998317,0.3864126931564205,2.4270007938038445,0.05906469099511345,24.78228463355835,-8.762093684671255,1.287225892537306,32.31573959944354,0.5099985980406545,0.31462724660218233,5.1737692544475635
Tim Elliott,Flyweight,flw,0.594,0.455,3.313331928345627,0.564,0.434,0.12695024576144978,1.0006933614330875,0.6363636363636364,3.47822760800843,3.0783055848261327,16.632,0.13636363636363635,0.6363636363636364,0.22727272727272727,0,0,5,2.3444984193888305,39.5,66.0,67.0,Southpaw,grappler,49,-1.0,United States,United States,12.0,80.17485774499472,10.0,12.0,,0.5851081255129984,0.3534080550821558,8.226093129913611,0.16815162637161937,0.2673276324973318,7.61138999108556,0.15417391616813012,33.44687121294168,-2.151248826159016,1.0727887509523863,30.49749901058656,0.6260577649764549,0.04120954304220074,3.394062886897766
Alessandro Costa,Flyweight,flw,0.84,0.267,1.2093300124533002,0.529,0.484,0.45849169161134845,0.5561843088418431,0.14285714285714285,3.585992528019925,3.6144495641344956,15.8,0.5714285714285714,0.14285714285714285,0.2857142857142857,2,4,0,1.1599053549190534,30.4,67.0,64.0,Orthodox,striker,14,2.0,,,,33.438754669987546,4.0,3.0,,0.6014499027051039,0.3818053380915593,6.006789506196445,0.1329748192835099,0.11558517782639603,4.482245555769827,0.09684374321857296,36.32186515364836,0.8130688414602426,0.9576718051077838,29.059813216998737,0.6289273460540438,0.34714481190972196,6.527721400671032
Ali Bagautinov,Flyweight,flw,0.65,0.365,2.202057285180573,0.524,0.424,0.2555458066032021,0.4212752179327522,0.8571428571428571,3.004992528019925,3.240267745952677,14.043,0.14285714285714285,0.8571428571428571,0.0,0,1,0,1.962359900373599,41.0,65.0,64.0,Orthodox,wrestler,3500,-1.0,,,,72.30784557907845,4.0,3.0,,0.5854349210090292,0.33443934890684107,9.689176230929574,0.23046377151978262,0.24135147918341665,6.987021651490355,0.16349748280854925,26.834897175253445,-2.4837714089491865,0.6571719967383015,26.531846007548257,0.6283966100939576,0.09740437446338356,4.684489810886709
Allan Nascimento,Flyweight,flw,0.4,0.312,1.29326301369863,0.573,0.477,0.10943521290149819,0.9080027397260274,0.6666666666666666,2.269591780821918,2.238594520547945,9.5,0.3333333333333333,0.6666666666666666,0.0,0,0,0,1.3756958904109589,34.8,69.0,68.0,Orthodox,grappler,0,-1.0,,,,79.9106301369863,4.0,2.0,,0.49170402740915503,0.33386032480765143,5.185321673551605,0.15520162144586205,0.2602427901774771,2.602495061966474,0.06521266704005577,28.457627948498175,1.5089653794002695,1.091857561230871,24.04979246333193,0.6192611215229186,0.11904979101080213,5.208579334078925
Askar Askarov,Flyweight,flw,0.667,0.245,2.1820700152207,0.579,0.54,0.10943521290149819,0.5317808219178082,1.0,3.1545464231354643,3.1102161339421617,15.267,0.0,1.0,0.0,0,0,0,2.602662100456621,33.7,67.0,66.0,Orthodox,wrestler,1547,-1.0,,,,75.9895890410959,3.0,1.0,,0.704256271678246,0.43332128811838,5.851988340218272,0.1329419450836805,0.2536378519058722,4.713606173077586,0.10394365267979802,35.290961281831514,0.14785426828915846,0.6196353390086488,24.355348018887483,0.6670515766693023,0.23016090212191326,4.9863571118567025
Azat Maksum,Flyweight,flw,0.857,0.318,2.5798287671232876,0.525,0.275,0.24811461451418546,0.4732534246575342,1.0,3.0157397260273973,3.8739931506849317,13.75,0.0,1.0,0.0,0,0,0,2.5533698630136983,31.4,70.0,67.0,Southpaw,wrestler,238,-3.0,,,,49.83328767123288,1.0,3.0,,0.6513329000538003,0.2904580253605677,2.833486882745555,0.0679830043498803,0.16659258339410615,4.802806944712284,0.11204048646471984,35.95233144206045,-11.333663948174697,0.6970897563847298,31.52476652124842,0.6393604523564729,0.1339310148871524,3.7346517508387906
Ben Nguyen,Flyweight,flw,0.632,0.333,0.7632391033623911,0.594,0.401,0.49862881055577124,0.8921843088418431,0.2857142857142857,3.4288107098381073,3.1880859277708593,15.0,0.42857142857142855,0.2857142857142857,0.2857142857142857,1,1,1,0.6597235367372353,37.9,65.0,65.0,Switch,grappler,2758,-2.0,,,,36.875118306351176,4.0,3.0,,0.6662586380556564,0.3459076532416375,4.015263187451312,0.09269287368696527,0.12322894953914791,5.902041414336207,0.13134624910932793,35.419877412407594,11.757335310418403,1.2797016410070763,30.972557469998854,0.6257294055036762,0.23376801082701995,15.807019455155483
Carlos Candelario,Flyweight,flw,0.8,0.5,1.7687716894977168,0.426,0.429,0.16415281935224726,0.6850045662100457,0.5,3.335652968036529,4.495324200913243,15.6,0.0,0.5,0.5,0,0,1,1.3598264840182646,35.0,68.0,68.0,Southpaw,balanced,1323,-2.0,,,,56.14438356164383,0.0,2.0,,0.5740382723328059,0.3396873856625511,3.61131584366074,0.08660360175943636,0.18775307415510448,3.470409259616378,0.07712624302522085,39.13644192274726,-1.244885264232929,0.7961196751796398,38.033022028331224,0.5950872434234064,0.3785746865162032,17.079535667785052
Carlos Hernandez,Flyweight,flw,0.64,0.265,1.8030572851805728,0.507,0.447,0.08953790146486215,0.25327521793275215,0.5714285714285714,3.4593561643835615,3.5030859277708597,15.938,0.0,0.5714285714285714,0.42857142857142855,1,0,2,1.8758144458281443,32.7,67.0,68.0,Orthodox,striker,399,-1.0,,,,48.444209215442086,3.0,4.0,,0.6810536469683123,0.3741049884588057,3.640263187451313,0.08217593964061948,0.16184637378157216,7.044086868881661,0.14970632041057572,36.442604685134874,0.8311989467820387,0.3251561864616217,27.51233019727158,0.6303590351333059,0.3360407380997472,7.335428546064574
Carls John De Tomas,Flyweight,flw,0.667,0.333,1.5631050228310504,0.449,0.373,0.16415281935224726,0.46433789954337895,0.5,2.7659863013698627,3.6409908675799088,7.6,0.0,0.5,0.5,0,0,1,1.3598264840182646,29.8,71.0,65.0,Southpaw,balanced,3115,-2.0,,,,44.42438356164384,0.0,2.0,,0.6439887896517443,0.35090785810349595,4.01131584366074,0.10414746140855917,0.14864196304399338,4.6704092596163775,0.13875467307470354,29.53644192274726,-3.644885264232929,0.5961196751796397,32.033022028331224,0.5846705767567396,0.1785746865162032,10.079535667785054
Chico Camus,Flyweight,flw,0.721,0.4,1.066552511415525,0.646,0.412,0.08207640967612363,0.4888356164383561,0.75,2.817159817351598,2.8033287671232876,12.583,0.0,0.75,0.125,0,0,1,0.896579908675799,41.4,66.0,66.0,Orthodox,balanced,3920,-2.0,,,,67.52219178082191,3.0,4.0,,0.7664582033538144,0.3749213475981139,6.30565792183037,0.16250709889296322,0.22532098152199667,3.7852046298081894,0.09389226624572866,30.3848876280403,0.2775573678835355,0.5480598375898199,26.683177680832284,0.6778446850153629,0.0892873432581016,5.739767833892526
CJ Vergara,Flyweight,flw,0.6,0.0,0.5532191780821918,0.534,0.568,0.08207640967612363,0.3515022831050228,0.5,4.390493150684931,4.295328767123288,23.0,0.125,0.5,0.375,1,1,2,0.4799132420091323,35.0,68.0,66.0,Orthodox,striker,448,-3.0,,,,41.72219178082192,3.0,5.0,,0.5380720285236431,0.4171025582003771,11.138991255163702,0.17856750136280997,0.13939505559607077,5.424093518697077,0.09065032577372774,44.74599873915141,-5.333553743227576,0.40917094870093096,37.572066569721166,0.6247834421467057,0.6448428988136571,5.239767833892527
Clayton Carpenter,Flyweight,flw,0.5,0.286,1.4765144596651447,0.462,0.5,0.10943521290149819,1.0484474885844748,0.4,3.354546423135464,4.23910502283105,15.4,0.4,0.4,0.2,0,0,1,1.4176621004566208,30.0,66.0,66.0,Orthodox,grappler,42,-3.0,,,,60.95625570776255,2.0,3.0,,0.529804328667351,0.3777657325628245,6.74087722910716,0.15153082830138467,0.2035761235108104,4.3802728397442525,0.09622454015719205,34.95762794849817,-12.62992350948862,1.064079783453093,34.18868135222082,0.5914120861361947,0.28571645767746884,5.986357111856702
Cody Durden,Flyweight,flw,0.565,0.494,3.5239315068493156,0.508,0.448,0.11411071067053906,0.6585013698630137,0.5,3.249095890410959,3.851597260273972,14.162,0.125,0.5,0.375,2,1,4,2.1687479452054794,35.2,67.0,67.0,Southpaw,wrestler,56,1.0,,,,90.52931506849316,7.0,8.0,,0.7110351262486772,0.38465053001988125,4.845556915260384,0.11453069884844161,0.3018772735978827,2.2184200751822107,0.051108121488501856,36.11066230655391,-5.387519633323933,0.6977548214728109,32.5396363382291,0.5863338155140685,0.31303186541432043,4.976293132767948
Daniel Lacerda,Flyweight,flw,0.0,0.5,2.05646301369863,0.35,0.455,0.7734916916113483,0.9752027397260274,0.0,3.680191780821918,6.366594520547945,12.75,0.0,0.0,0.8333333333333334,3,0,2,1.1758958904109587,30.0,70.0,66.0,Switch,grappler,847,-1.0,,,,39.8426301369863,0.0,5.0,,0.5848452861749476,0.3579670751105447,5.541789506196444,0.14019745517330887,0.13321851115972935,3.192245555769827,0.07644165833398621,32.58686515364836,-0.7169311585397574,1.4826718051077838,45.09481321699874,0.48482724231960395,0.557144811909722,31.712721400671036
Darrell Montague,Flyweight,flw,0.333,0.25,1.2573757338551859,0.527,0.258,0.14070241658764052,1.0155753424657534,0.3333333333333333,2.698845401174168,4.304563600782779,8.0,0.0,0.3333333333333333,0.6666666666666666,2,0,0,1.1655655577299413,38.6,67.0,66.0,Southpaw,grappler,3996,-3.0,,,,35.472328767123294,0.0,3.0,,0.6029302407541267,0.2900638783744251,3.0954135802806344,0.07423165865094546,0.11874073022818481,2.888922222528324,0.06949648669561055,30.54552164806908,-6.552758797913938,1.0252454358682626,39.28544745285534,0.5988138471325991,1.1816354455853169,13.096744858101475
David Dvorak,Flyweight,flw,0.7,0.3,1.01306301369863,0.597,0.43,0.09849169161134837,0.3950027397260274,0.8333333333333334,3.400591780821918,3.3707945205479453,16.812,0.16666666666666666,0.8333333333333334,0.0,0,0,0,0.9508958904109587,34.0,68.0,65.0,Orthodox,balanced,1106,-3.0,,,,38.762630136986296,3.0,3.0,,0.5551273767063274,0.3380505696630344,3.066789506196444,0.06980602722666554,0.12959351115972936,5.217245555769827,0.10806203882819132,40.34936515364836,1.7580688414602428,0.47017180510778384,26.41981321699874,0.684207985967276,0.33214481190972195,4.262721400671032
Demetrious Johnson,Flyweight,flw,0.712,0.548,3.018937733499378,0.672,0.545,0.1514883183213639,0.567637608966376,0.6111111111111112,3.4684508094645072,2.0604520547945206,17.0,0.3888888888888889,0.6111111111111112,0.0,0,2,0,1.8629526774595269,39.9,66.0,63.0,Orthodox,balanced,2877,-1.0,,,,82.48483188044833,15.0,2.0,,0.48520635537596424,0.3987965887193017,6.285299577915379,0.12754848287928827,0.27512896752319715,13.608135331674031,0.26911030970540406,30.18424700659905,11.084201252047146,0.6961749311754749,14.321258972153574,0.7717677091942147,0.08427530976133604,2.3600314667081768
Dustin Ortiz,Flyweight,flw,0.526,0.361,2.709146118721461,0.564,0.446,0.18084373257687522,0.2216681887366819,0.6428571428571429,3.016662100456621,2.462774733637747,13.865,0.2857142857142857,0.6428571428571429,0.07142857142857142,0,4,1,2.359275494672755,37.5,65.0,65.0,Orthodox,wrestler,2709,-1.0,,,,88.98812785388128,8.0,6.0,,0.5934803437890479,0.3490574086398626,12.302871046986011,0.2957078066077047,0.29679056425790773,9.663109392845099,0.23057037943729014,20.5914265868617,-3.2383851781677335,0.3878957475824024,19.920917252686984,0.6619040811411354,0.1856510216315272,4.520205582955379
Dustin Pague,Flyweight,flw,0.556,0.444,1.2806630136986301,0.412,0.536,0.09849169161134837,1.8212027397260275,0.5,2.2995917808219177,3.178194520547945,7.385,0.16666666666666666,0.5,0.3333333333333333,2,0,0,0.9910958904109588,38.9,74.0,69.0,Orthodox,grappler,4627,-4.0,,,,57.7346301369863,1.0,5.0,,0.5870511685278886,0.39866971486209757,5.628327967734906,0.20821216105566182,0.19279543423665246,3.642245555769827,0.12239754068692739,22.39263438441759,-3.4515465431551426,1.7422871897231686,28.773659370844893,0.543175227409976,0.38406788883279885,11.96464447759411
Eric Shelton,Flyweight,flw,0.462,0.515,2.36366301369863,0.635,0.425,0.09849169161134837,0.3788027397260274,1.0,2.852791780821918,2.5259945205479455,12.833,0.0,1.0,0.0,0,0,0,1.675695890410959,35.4,68.0,66.0,Orthodox,wrestler,2646,-1.0,,,,59.750630136986295,2.0,4.0,,0.7248758438525641,0.3733455447376162,11.666789506196444,0.2987154078089086,0.19949628893750715,2.1422455557698266,0.04893974847913518,27.661865153648357,-0.9669311585397573,0.4576718051077838,21.419813216998737,0.6936992819871914,0.10714481190972192,4.787721400671033
Felipe Bunes,Flyweight,flw,0.4,0.25,1.3708287671232877,0.474,0.462,0.12311461451418546,1.0697534246575342,0.5,3.227739726027397,4.033493150684931,14.667,0.25,0.5,0.25,1,0,0,1.3863698630136985,36.6,69.0,67.0,Orthodox,grappler,112,-2.0,,,,47.10328767123288,1.0,3.0,,0.6528480515689518,0.381930893577622,2.708486882745555,0.06495270131957727,0.1574259167274395,2.96947361137895,0.06658594101017438,39.28566477539378,-5.000330614841363,1.1137564230513965,36.524766521248424,0.5814885440783462,0.30059768155381905,7.192985084172124
Felipe dos Santos,Flyweight,flw,0.2,0.0,0.8298287671232877,0.415,0.394,0.12311461451418546,0.5982534246575342,1.0,3.5157397260273973,3.6489931506849316,18.75,0.0,1.0,0.0,0,0,0,1.3863698630136985,25.8,70.0,67.0,Orthodox,striker,455,-2.0,,,,33.27328767123288,1.0,3.0,,0.5763834051043053,0.33333038467176956,5.3334868827455555,0.11161936798624394,0.11131480561632838,4.552806944712284,0.09143442585865924,41.20233144206045,2.4163360518253034,0.6970897563847298,30.77476652124842,0.5730449173003791,0.2589310148871524,8.48465175083879
Francisco Figueiredo,Flyweight,flw,0.762,0.75,2.0843287671232877,0.616,0.619,0.12311461451418546,0.5572534246575342,0.5,2.6582397260273973,3.0454931506849316,9.125,0.25,0.5,0.25,0,0,1,1.2198698630136984,36.7,68.0,66.0,Southpaw,wrestler,1400,-1.0,,,,69.39328767123288,2.0,2.0,,0.5105690976461622,0.41963581161040886,4.7709868827455555,0.14029516707300194,0.23173147228299507,3.8028069447122834,0.10622894640660444,28.077331442060448,0.22883605182530325,0.6345897563847298,26.83726652124842,0.6450537347065921,0.1339310148871524,8.60965175083879
HyunSung Park,Flyweight,flw,0.438,0.333,1.319847792998478,0.566,0.384,0.41246551593180114,1.0856697108066973,0.0,3.2173242009132417,3.158549467275495,12.364,0.6,0.0,0.4,0,1,2,1.0943287671232875,30.6,66.0,67.0,Orthodox,grappler,245,-2.0,,,,43.12292237442922,3.0,2.0,,0.5918215598022294,0.3219327460182274,3.77118025941019,0.09450044038864386,0.14416534910003598,4.774212233683645,0.11924890141684744,32.47277946364969,-1.6602265397916494,1.3065040258773355,24.71898438252385,0.6482129241870328,0.5735952455562567,3.440902566402157
Jake Hadley,Flyweight,flw,0.579,0.059,0.7174209215442092,0.602,0.431,0.19559850752546817,0.8234570361145703,0.7142857142857143,3.6502652552926524,4.017904109589041,17.944,0.2857142857142857,0.7142857142857143,0.0,0,1,0,1.1242689912826898,29.9,70.0,67.0,Southpaw,grappler,609,-1.0,,,,41.03693648816937,3.0,4.0,,0.5164791090191614,0.30618968671140334,5.363748035936161,0.11028364205172746,0.13708416839436677,2.9474959597907517,0.06104884785217435,42.64715013968033,-6.2881192350361435,0.961519822825258,29.381648379089764,0.694798735867034,0.2034649805239896,4.564595212731242
Jared Papazian,Flyweight,flw,0.5,0.0,0.9483757338551859,0.448,0.395,0.14070241658764052,0.3980039138943248,0.6666666666666666,3.3014168297455972,3.630849315068493,15.857,0.0,0.6666666666666666,0.3333333333333333,0,0,1,1.067422700587084,38.4,67.0,68.0,Southpaw,balanced,4935,-3.0,,,,49.74375733855186,0.0,3.0,,0.6537989666228526,0.34894666225720894,3.4627605190561446,0.08195366637295318,0.1663325669628787,5.937901814365058,0.12828027047939433,37.23123593378337,-0.3813302264853677,0.5109597215825483,29.1099372487737,0.6082890657914911,0.3367374864016436,4.941642817285149
Jesus Aguilar,Flyweight,flw,0.462,0.263,1.3130572851805729,0.607,0.373,0.21681062873758944,0.9628206724782067,0.5714285714285714,2.8675379825653797,2.8520859277708595,11.8,0.2857142857142857,0.5714285714285714,0.14285714285714285,0,1,1,1.3298144458281442,30.3,62.0,64.0,Orthodox,grappler,105,-1.0,,,,43.55693648816936,4.0,3.0,,0.539653604670962,0.2990713180016878,2.6061722783604035,0.06521470214099713,0.14552187883207723,3.8384050506998424,0.09852652645909679,32.78351377604396,2.4300625831456752,1.0887925500979856,25.436193833635215,0.6528629862086853,0.09740437446338356,5.625201273337303
Jimmy Flick,Flyweight,flw,0.0,0.296,2.09846301369863,0.413,0.476,0.09849169161134837,1.7132027397260274,0.3333333333333333,2.256991780821918,4.758594520547946,6.583,0.3333333333333333,0.3333333333333333,0.3333333333333333,2,0,0,1.9258958904109587,35.8,68.0,67.0,Orthodox,grappler,420,-2.0,,,,60.1106301369863,2.0,4.0,,0.4849942065025722,0.366973286290669,2.466789506196444,0.06715203447338333,0.20071851115972938,3.492245555769827,0.12469184448439574,24.26186515364836,-18.416931158539757,1.5576718051077838,42.76981321699874,0.5313218265735242,0.25714481190972194,12.287721400671032
John Dodson,Flyweight,flw,0.822,0.289,0.8925061969993476,0.616,0.407,0.5920903099023913,0.13266797129810828,0.6470588235294118,3.2187579908675796,3.5603307240704503,15.143,0.35294117647058826,0.6470588235294118,0.0,0,6,0,0.9024266144814089,41.7,66.0,63.0,Orthodox,balanced,2135,-1.0,,,,21.561252446183953,10.0,7.0,,0.5705088994016771,0.30666030533700317,2.3699969465852844,0.054200952062187835,0.07203958905241406,5.040525094584271,0.11123827184552695,38.11303588463333,-0.5731742154368135,0.7155094115673606,29.067743903138368,0.685786588499982,0.05102133900462948,1.775494155810307
Jon Delos Reyes,Flyweight,flw,0.556,0.833,2.430328767123288,0.517,0.385,0.6231146145141855,1.3082534246575341,0.0,3.1342397260273973,3.818493150684932,11.667,0.25,0.0,0.75,1,0,2,1.2198698630136984,38.8,67.0,66.0,Orthodox,grappler,3892,-1.0,,,,68.94328767123288,1.0,3.0,,0.6476532463741466,0.33452829617502455,6.4584868827455555,0.1720955584624344,0.23020369450521727,7.802806944712284,0.20857728300151637,26.202331442060448,-6.083663948174697,1.6970897563847298,32.524766521248424,0.6076205796263783,0.1339310148871524,6.859651750838791
Jordan Espinosa,Flyweight,flw,0.583,0.375,1.08626301369863,0.61,0.49,0.09849169161134837,0.2786027397260274,0.6666666666666666,3.5931917808219183,2.9009945205479455,17.357,0.0,0.6666666666666666,0.3333333333333333,0,0,2,0.9184958904109587,36.6,69.0,66.0,Orthodox,striker,1932,-2.0,,,,29.330630136986304,2.0,4.0,,0.5902919092686295,0.37490759574852417,4.866789506196445,0.10381401290751366,0.09814708258830081,7.88510269862697,0.15719692340297678,36.86186515364836,5.904497412888814,0.35767180510778385,22.048384645570163,0.6854313213190615,0.10714481190972192,4.616292829242461
Jose Johnson,Flyweight,flw,0.52,0.667,1.2503287671232877,0.518,0.542,0.12311461451418546,0.7687534246575343,0.25,2.8182397260273975,2.6739931506849315,10.5,0.25,0.25,0.5,0,0,2,0.9073698630136985,31.1,71.0,72.0,Orthodox,grappler,525,-2.0,,,,49.95328767123288,1.0,3.0,,0.6214627701836704,0.42046300366936507,8.333486882745555,0.24352412989100586,0.16693980561632837,4.365306944712284,0.11691061633484971,26.014831442060448,2.1038360518253034,0.8220897563847298,21.58726652124842,0.6211952402598624,0.1339310148871524,7.297151750838791
Jose Ochoa,Flyweight,flw,0.655,0.25,0.9793287671232876,0.586,0.47,0.3958418872414582,0.7967534246575343,0.75,4.221239726027397,3.2434931506849316,23.545,0.25,0.75,0.0,0,1,0,0.9018698630136985,25.5,67.0,67.0,Southpaw,grappler,42,1.0,,,,34.683287671232875,2.0,2.0,,0.5397381884590886,0.3704292961335325,3.799395973654646,0.08039671676359271,0.11601177531329808,5.166443308348647,0.09197496639919978,49.31596780569681,13.029972415461666,1.1289079382029117,24.02476652124842,0.660725154789777,0.1339310148871524,4.4505608417478815
Jose Torres,Flyweight,flw,0.75,0.333,1.5344383561643837,0.502,0.37,0.16415281935224726,0.46433789954337895,0.0,3.6426529680365296,5.612990867579909,17.0,0.5,0.0,0.5,1,1,0,1.293159817351598,33.9,65.0,64.0,Orthodox,striker,2877,-1.0,,,,40.34438356164384,1.0,1.0,,0.6512127318602067,0.3442694400243999,5.277982510327407,0.11928334032152786,0.13508640748843784,6.070409259616379,0.12740276388997704,36.2697752560806,-14.44488526423293,0.5961196751796397,48.03302202833123,0.605503910090073,0.5119080198495366,8.14620233445172
Joseph Benavidez,Flyweight,flw,0.679,0.308,1.5247052054794523,0.571,0.369,0.3358672648798334,0.3214410958904109,0.5714285714285714,3.8052367123287674,3.084717808219178,18.392,0.2857142857142857,0.5714285714285714,0.14285714285714285,2,5,1,1.5147183561643833,41.9,65.0,64.0,Southpaw,striker,1932,-3.0,,,,48.98505205479452,15.0,6.0,,0.5520592733813047,0.2925825268288169,3.979656978949166,0.07720277487002593,0.16347171818938197,6.221604104660872,0.11586200134939784,43.49533429675346,11.159109889525274,0.637186369101937,26.499689992681848,0.654902981765271,0.28991674829330055,4.039794442621354
Jussier Formiga,Flyweight,flw,0.871,0.355,1.7911315068493152,0.641,0.396,0.1755616352793584,0.6033013698630136,0.5625,1.7930958904109588,2.569997260273973,6.763,0.1875,0.5625,0.25,4,0,0,1.5935479452054793,41.2,67.0,65.0,Orthodox,balanced,2205,-3.0,,,,77.23331506849316,9.0,7.0,,0.7131024325129716,0.34471480347421424,3.7991842267824323,0.15983322060565192,0.2575434661061805,2.8158596199901766,0.11395898435124581,18.801985208403124,-4.491360316111984,0.7472569551854709,21.10464345060463,0.7120083158841648,0.43251977437591355,5.828071226651305
Kai Asakura,Flyweight,flw,0.5,0.0,0.9483757338551859,0.52,0.328,0.16415281935224726,0.3980039138943248,0.0,2.7524168297455964,3.360849315068493,9.5,0.3333333333333333,0.0,0.6666666666666666,0,1,2,0.8227084148727982,32.6,69.0,68.0,Orthodox,balanced,21,1.0,,,,33.26090019569472,1.0,2.0,,0.6527607194763058,0.33348361567925355,3.61131584366074,0.08660360175943636,0.1264752963773267,3.070409259616378,0.0685792344782123,33.436441922747264,-4.944885264232929,0.5961196751796397,28.283022028331228,0.6066004013181431,0.1785746865162032,4.729535667785054
Kai Kara-France,Flyweight,flw,0.839,0.3,0.8218017727639001,0.643,0.402,0.5977286767263987,0.16388396454472198,0.5384615384615384,4.183465753424658,3.2999379532634974,20.941,0.23076923076923078,0.5384615384615384,0.23076923076923078,1,3,2,0.788409347300564,33.2,69.0,64.0,Orthodox,striker,357,-1.0,,,,31.176841257050768,8.0,5.0,,0.6354762326436357,0.33220644210214684,6.942402131672649,0.12078408680736219,0.10418851290826066,2.1632586314216975,0.04138883754882047,49.74227361979315,8.749556065910872,0.7501875670184196,32.913038916573655,0.6788642813676236,0.3329225537185216,3.13291570281687
Kevin Borjas,Flyweight,flw,0.789,0.0,0.6638630136986301,0.487,0.437,0.49405059751688285,0.2786027397260274,0.6666666666666666,3.003391780821918,4.4411945205479455,16.462,0.0,0.6666666666666666,0.3333333333333333,2,0,0,1.0372958904109588,28.5,68.0,65.0,Orthodox,balanced,0,1.0,,,,32.1026301369863,2.0,4.0,,0.69783982380565,0.3765134858849612,2.7921592803892117,0.06552389650006037,0.11273566767035456,3.585401044872457,0.07687213762721942,41.47044846131869,-18.11710299666811,0.7820285014018111,41.945091608631074,0.60690576676749,0.37546004742105854,7.345331470831062
Louis Gaudinot,Flyweight,flw,0.312,0.4,1.0515144596651447,0.486,0.373,0.10943521290149819,0.9373363774733637,0.4,2.756213089802131,5.123549467275495,10.333,0.2,0.4,0.2,1,0,0,0.8715509893455098,41.8,63.0,63.0,Orthodox,grappler,4186,-1.0,,,,34.98958904109589,1.0,3.0,,0.6088202947800914,0.3248556796527715,4.074210562440494,0.11149917536650594,0.11703291363426721,3.8524950619664744,0.10396321725070784,29.707627948498175,-11.407701287266399,0.952968672341982,44.32757024110971,0.5908281906603542,0.25793867989969105,19.37524600074559
Louis Smolka,Flyweight,flw,0.322,0.353,1.6842204827136336,0.536,0.474,0.1781749368033448,1.576048923679061,0.35294117647058826,4.409567514677104,3.9942354859752123,20.189,0.35294117647058826,0.35294117647058826,0.29411764705882354,2,4,3,1.3897599478147422,34.9,68.0,69.0,Orthodox,grappler,1498,-2.0,,,,69.59839530332683,8.0,9.0,,0.6574327295788441,0.3974744894045411,14.881225376181062,0.2534045606607888,0.23208388991304146,6.193862105064139,0.10737375718310369,36.70384827136408,-0.9803919287769758,1.548698285572561,30.468894324696954,0.6329394571990759,0.44484373282702333,7.777936831722371
Malcolm Gordon,Flyweight,flw,0.267,0.357,1.6999663760896637,0.435,0.454,0.08953790146486215,0.9112752179327522,0.14285714285714285,2.786719800747198,2.543449564134496,9.083,0.14285714285714285,0.14285714285714285,0.7142857142857143,2,1,3,1.2661780821917807,36.1,71.0,67.0,Switch,grappler,882,-3.0,,,,62.953300124533,2.0,5.0,,0.781493556042868,0.4058633565796938,8.33344500563313,0.28076626818237815,0.21014814145833982,4.061132323427116,0.12497983265116835,21.647150139680324,-0.8790283259452341,0.802428913734349,19.518012015453397,0.5706594754337462,0.41558619264520175,6.420655818791847
Mark De La Rosa,Flyweight,flw,0.4,0.136,0.947148194271482,0.489,0.355,0.08953790146486215,0.3678206724782067,0.5714285714285714,3.1850834371108347,4.454449564134496,14.5,0.14285714285714285,0.5714285714285714,0.2857142857142857,1,0,1,1.3011780821917809,31.8,65.0,66.0,Orthodox,balanced,2198,-4.0,,,,39.81511830635118,2.0,5.0,,0.614534500124622,0.3046844473037808,3.5607177329058586,0.08381095101193915,0.13307743438763275,4.432344444639236,0.10079940132110082,36.38957438210456,-8.091149538066446,0.43121679252222767,40.836193833635214,0.5804187035474047,0.30952558658459567,9.549443697579726
Matheus Nicolau,Flyweight,flw,0.905,0.435,1.3335753424657535,0.658,0.519,0.7175129795927507,0.8098018264840182,0.5454545454545454,3.299461187214612,3.1195963470319636,15.111,0.18181818181818182,0.5454545454545454,0.2727272727272727,3,1,0,1.0087305936073059,33.5,66.0,66.0,Orthodox,grappler,609,-3.0,,,,43.40175342465753,7.0,4.0,,0.5510079685610761,0.3970935447710351,5.51860041153837,0.12451072174952618,0.14495637369496361,1.554089629772477,0.03462123627494506,38.419021213543346,2.3479718202327544,1.4606700922940778,25.042838440962118,0.7172015640360292,0.47883728201388875,4.317740193039947
Matt Schnell,Flyweight,flw,0.435,0.455,0.7945538160469667,0.553,0.403,0.12924584580567416,1.090334637964775,0.23529411764705882,3.8558532289628187,3.928664057403784,16.867,0.17647058823529413,0.23529411764705882,0.5294117647058824,6,0,3,0.5713313763861708,36.4,70.0,68.0,Orthodox,grappler,14,-2.0,,,,23.989823874755384,7.0,9.0,,0.7018506830781737,0.3490259052077754,4.683394753098222,0.09712732558711945,0.08137036669097579,4.361122777884914,0.08855796006678385,40.62093257682418,2.0265344207301217,1.058835902553892,35.04990660849937,0.6177740543829541,0.533572405954861,7.103860700335517
Muhammad Mokaev,Flyweight,flw,0.25,0.413,3.966693648816937,0.575,0.454,0.19001637036438365,0.7954570361145703,0.42857142857142855,2.2203561643835616,2.1329950186799502,7.474,0.5714285714285714,0.42857142857142855,0.0,0,0,0,3.03526899128269,25.9,70.0,67.0,Orthodox,grappler,693,7.0,,,,110.94784557907846,7.0,0.0,,0.5674536871380294,0.3717373195416009,5.3860765845805,0.19960708623498064,0.3702066209905036,2.3781179693601295,0.06877689358222593,23.20456640762291,2.369775501805962,0.9280269998587507,18.56346656090794,0.6307250137601539,0.09740437446338356,5.0558232829066805
Nate Maness,Flyweight,flw,0.8,0.75,1.0343300124533001,0.425,0.502,0.3440833560103167,0.684093399750934,0.42857142857142855,3.1933561643835615,3.7410859277708592,13.933,0.42857142857142855,0.42857142857142855,0.14285714285714285,0,2,1,0.6934508094645081,35.0,72.0,70.0,Orthodox,balanced,735,2.0,,,,40.15875466998755,5.0,2.0,,0.6957642201928175,0.4131156694109718,7.442535914724039,0.17816481801058426,0.13420874751894588,6.76567777797257,0.15919893868450552,29.092604685134873,-1.5153919623088703,0.961519822825258,29.763466560907943,0.5315678250346753,0.22467710173611086,11.988837636973665
Neil Seery,Flyweight,flw,0.538,0.278,1.0966936488169365,0.589,0.411,0.28044699237395304,1.240275217932752,0.7142857142857143,3.4568107098381073,3.68699501867995,17.2,0.14285714285714285,0.7142857142857143,0.14285714285714285,0,0,1,1.0962689912826897,46.8,64.0,64.0,Orthodox,grappler,3261,-2.0,,,,32.02602739726028,3.0,4.0,,0.767033831854106,0.38139941175618425,5.978899551087676,0.12493388848611962,0.10709258590278427,5.779314141608933,0.11695230971538853,37.7789683214985,0.520971674054766,1.4706107319161668,31.640739288180665,0.6679348884986328,0.3837680108270199,5.8797467278827575
Ode Osbourne,Flyweight,flw,0.659,0.261,1.0366841257050765,0.493,0.404,0.4249951127125579,0.3795310233682514,0.38461538461538464,2.9759951651893637,3.2999379532634974,12.28,0.23076923076923078,0.38461538461538464,0.38461538461538464,2,3,3,1.0422917002417404,34.4,73.0,67.0,Southpaw,balanced,119,-2.0,,,,25.854488315874296,5.0,8.0,,0.6424836342940444,0.33549380020382247,4.945170297762614,0.13020192267501088,0.08643833989788001,2.184850326923428,0.05409521937322611,31.84815597273433,3.330040494976613,0.7609834147692845,24.78106659823455,0.5995497349669848,0.24655577171160115,9.47277729451237
Rafael Estevam,Flyweight,flw,0.667,0.328,3.3418287671232876,0.45,0.323,0.12311461451418546,0.48025342465753423,0.75,2.5747397260273974,3.9259931506849317,8.833,0.0,0.75,0.25,1,0,0,3.1363698630136985,29.9,69.0,68.0,Orthodox,wrestler,77,-1.0,,,,100.38328767123288,3.0,1.0,,0.6562785833013702,0.32071416353959914,4.2084868827455555,0.12155647490448293,0.3350648056163284,2.9278069447122834,0.07501933151903659,29.077331442060448,-16.208663948174696,0.5720897563847298,35.899766521248424,0.5756111946758169,0.2589310148871524,3.8596517508387906
Ramazan Temirov,Flyweight,flw,1.0,0.5,1.386771689497717,0.593,0.402,0.9141528193522473,0.46433789954337895,0.5,3.6456529680365293,3.6403242009132426,19.5,0.5,0.5,0.0,0,1,0,1.1264931506849314,29.4,63.0,64.0,Orthodox,striker,476,2.0,,,,38.02438356164384,2.0,0.0,,0.6723288706234043,0.3652739112732301,4.36131584366074,0.0994241145799492,0.12730862971066007,5.320409259616378,0.10704077293975078,40.436441922747264,3.5551147357670714,1.3461196751796398,27.283022028331228,0.6680039100900729,0.1785746865162032,4.479535667785054
Rei Tsuruya,Flyweight,flw,0.5,0.241,2.2992328767123285,0.419,0.422,0.16415281935224726,0.3980039138943248,0.6666666666666666,2.505559686888454,2.9635636007827793,8.167,0.3333333333333333,0.6666666666666666,0.0,0,0,0,2.893994129158513,24.0,68.0,66.0,Orthodox,wrestler,21,1.0,,,,74.01804305283757,2.0,1.0,,0.708435621015869,0.3752905741528787,5.777982510327408,0.17503897590909623,0.23212344452547487,3.4037425929497114,0.08218467665508306,29.60310858941393,-4.944885264232929,0.5961196751796397,27.699688694997892,0.5932616420488359,0.1785746865162032,5.312869001118387
Rogerio Bontorin,Flyweight,flw,0.481,0.619,2.38826301369863,0.521,0.524,0.09849169161134837,0.8090027397260273,0.5,2.753791780821918,3.291594520547945,11.643,0.16666666666666666,0.5,0.16666666666666666,1,1,0,1.4758958904109587,34.2,67.0,65.0,Orthodox,grappler,1617,-1.0,,,,71.05463013698629,2.0,3.0,,0.6691830703683795,0.4148360534447747,4.223932363339301,0.11085786657713421,0.23714708258830078,3.7708169843412547,0.09636226461330774,31.33329372507693,-1.5526454442540432,0.8719575193934981,28.219813216998737,0.6230915026805498,0.2357162404811505,7.187721400671032
Ryan Benoit,Flyweight,flw,0.723,0.222,0.7058946259220231,0.582,0.391,0.5272678564234453,0.5071559536354057,0.5555555555555556,3.0028398314014755,3.6032265542676503,13.304,0.2222222222222222,0.5555555555555556,0.2222222222222222,0,2,2,0.7136891464699684,36.8,68.0,65.0,Orthodox,balanced,1785,-3.0,,,,27.518946259220233,3.0,6.0,,0.7191117585961135,0.3541612151745865,3.6533832321912447,0.08974464877584844,0.09199082798240052,4.5776470830336455,0.11083747473655046,33.53253841250543,-7.158508917940281,0.9975401845310711,30.73764896290872,0.6541396836083,0.08241908608440147,5.047411110884071
Sergio Pettis,Flyweight,flw,0.676,0.4,1.0314794520547945,0.654,0.374,0.10898117234222196,0.4308904109589041,0.8571428571428571,3.745439878234399,3.042219178082192,19.047,0.0,0.8571428571428571,0.14285714285714285,1,0,1,0.8628310502283103,32.8,69.0,66.0,Orthodox,striker,2464,1.0,,,,31.634794520547945,9.0,5.0,,0.7511751506066617,0.3401174341826467,3.754159544786138,0.07350224522085674,0.10562311774162397,3.30253952064732,0.06274578471211065,47.59121707502428,11.409844446806078,0.5242879537420504,27.46061974587785,0.7092346134354675,0.22231559317981966,4.911783207091142
Sumudaerji,Flyweight,flw,0.72,0.357,0.9082420091324201,0.622,0.506,0.24892263686524885,0.5582684931506849,0.5454545454545454,3.938194520547945,2.5541963470319633,20.542,0.09090909090909091,0.5454545454545454,0.2727272727272727,0,1,3,0.8114639269406392,30.4,72.0,68.0,Southpaw,striker,21,0.0,,,,32.621753424657534,6.0,4.0,,0.6187028775488975,0.41022688176226796,6.369135361568889,0.11535402115392825,0.11075131749504477,4.708746825549876,0.08444760585142741,46.06204653832026,20.791477743900174,0.7911941465055599,24.1212951549991,0.6611205008530219,0.16581772279265852,7.544801000479309
Victor Altamirano,Flyweight,flw,0.591,0.359,2.26586301369863,0.541,0.523,0.2109916916113484,0.2786027397260274,0.8333333333333334,3.822391780821918,3.573594520547945,20.562,0.16666666666666666,0.8333333333333334,0.0,0,1,0,2.038695890410959,35.4,70.0,68.0,Switch,balanced,630,-3.0,,,,54.0986301369863,2.0,4.0,,0.528578524150989,0.37913250112163954,7.341789506196444,0.13585273856326058,0.18071851115972937,5.217245555769827,0.09585878688753528,42.82436515364836,4.120568841460242,0.47017180510778384,31.81981321699874,0.6289536065582455,0.33214481190972195,6.625221400671032
Wilson Reis,Flyweight,flw,0.474,0.429,4.330272360999195,0.559,0.296,0.0579362891831461,0.6272957292506043,0.6153846153846154,2.167701047542305,3.150820306204674,8.469,0.15384615384615385,0.6153846153846154,0.23076923076923078,2,0,1,3.182703464947623,41.5,65.0,64.0,Southpaw,wrestler,2625,-1.0,,,,94.17331184528608,7.0,6.0,,0.5757073294357669,0.24142592437086008,5.002523238939085,0.1772992091297685,0.3141358889174879,3.736247385746957,0.12861077387922148,21.49595009038139,-8.975033034435151,0.6405422382986964,30.513493068822786,0.6173559860251311,0.49317341877042464,9.180277294512372
Yuta Sasaki,Flyweight,flw,0.412,0.433,2.605586933614331,0.5,0.414,0.0757628397010372,1.0201559536354057,0.1111111111111111,2.5029936775553216,2.8063804004214963,8.688,0.4444444444444444,0.1111111111111111,0.4444444444444444,1,0,3,1.7410737618545835,36.7,71.0,70.0,Southpaw,grappler,2772,-1.0,,,,50.86356164383562,4.0,5.0,,0.6053548003617959,0.34365722483188643,5.690799620151111,0.19437045039699496,0.16983154704594566,3.10461196597679,0.09640015581340844,23.379319348960276,0.3138991088155712,0.9241706193136798,22.48639478230672,0.601636651737587,0.3420344706997861,7.77901646205464
Zach Makovsky,Flyweight,flw,0.565,0.306,2.966966376089664,0.623,0.43,0.08953790146486215,0.4352752179327522,1.0,2.429719800747198,2.6961768368617687,9.714,0.0,1.0,0.0,0,0,0,3.0995417185554173,43.2,64.0,64.0,Southpaw,wrestler,3479,-3.0,,,,66.35148194271481,3.0,4.0,,0.5980768198738382,0.33865471972848604,4.969808641996767,0.15017950470300806,0.22146127277147115,4.311132323427115,0.12787031328045093,25.965331957862144,0.7573353104184023,0.5069743682798035,23.927102924544307,0.680898027204556,0.09740437446338356,5.897928546064574
Zhalgas Zhumagulov,Flyweight,flw,0.75,0.194,1.4276027397260274,0.522,0.431,0.08953790146486215,0.37100249066002483,0.7142857142857143,4.529719800747198,5.000449564134495,25.0,0.14285714285714285,0.7142857142857143,0.14285714285714285,1,0,0,1.8713599003735988,37.8,66.0,64.0,Switch,striker,1092,-4.0,,,,39.433300124533005,1.0,6.0,,0.45895026015904317,0.29269770826339986,2.1944075724780507,0.050232980638836945,0.1317048853680249,3.8084585266356714,0.06585605303089656,58.425225005990484,-3.723948112041491,0.4374556517022634,42.37095319192399,0.6222709074799607,0.322003304944667,2.8925809524816875
Alexander Volkanovski,Featherweight,fw,0.689,0.34,1.610969696969697,0.587,0.571,0.3320675147529367,0.26120000000000004,0.6111111111111112,5.683854545454546,3.344933333333333,28.81,0.2777777777777778,0.6111111111111112,0.1111111111111111,2,5,0,1.4751151515151515,37.3,71.0,66.0,Orthodox,balanced,140,,,,,55.037818181818174,15.0,3.0,,0.6517608048227224,0.48857092147724296,12.101255531197985,0.14735446197748767,0.1834164033670854,6.904877437140865,0.08430831920554856,62.48851948421002,20.838851088525,0.5796105556847244,29.27288038403767,0.6682870570413764,0.1876394194041253,1.86566296874481
Movsar Evloev,Featherweight,fw,0.611,0.526,3.8456666666666663,0.613,0.476,0.15447344155053327,0.2901714285714286,1.0,4.020342857142857,3.0006095238095236,19.531,0.0,1.0,0.0,0,0,0,2.5030380952380957,32.1,72.0,67.0,Orthodox,wrestler,91,,,,1.0,89.65942857142856,10.0,0.0,,0.7357327405183511,0.4182570979387971,9.271998487800918,0.15746019940027875,0.29891880393059,4.770164544078502,0.08053644966066721,44.751091842534116,7.983373139110717,0.4325002609739547,27.435827338181646,0.6821853265933696,0.049963985594237696,3.410072420272457
Diego Lopes,Featherweight,fw,0.742,0.5,1.0713809523809525,0.464,0.478,0.599048321669805,0.8880285714285715,0.5,3.901771428571429,4.056323809523809,18.25,0.5,0.5,0.0,0,4,0,0.7544666666666667,31.5,72.0,71.0,Orthodox,balanced,6,,,,2.0,35.91657142857143,7.0,3.0,,0.6975204012747681,0.41859988705064843,11.153498371477912,0.19998348133517901,0.12075871192525073,4.473638739776847,0.07893387940274171,40.52040659965213,-7.1380981578807665,1.446538742587336,44.32992944111869,0.5385818609827854,0.05380736910148675,7.133924144908799
Lerone Murphy,Featherweight,fw,0.441,0.542,1.2797555555555558,0.604,0.511,0.33829285917265456,0.48282666666666674,0.7272727272727273,4.331720000000001,2.878702222222222,20.794,0.2727272727272727,0.7272727272727273,0.0,0,3,0,0.8332355555555556,34.7,73.0,69.0,Orthodox,striker,91,,,,3.0,39.77813333333334,9.0,1.0,,0.6414742730457934,0.4235747956914333,6.038424078810268,0.09823489426345676,0.13259709281887744,5.79185945682621,0.09340403382756096,49.727979837345565,15.740118851405297,0.7963139690658873,24.336919241126402,0.6882328837604236,0.1760448179271709,2.9900872000974306
Aljamain Sterling,Featherweight,fw,0.449,0.322,2.387012345679013,0.592,0.526,0.08009734006323947,0.6217555555555556,0.6086956521739131,4.262585185185185,2.34776049382716,20.1,0.2608695652173913,0.6086956521739131,0.08695652173913043,2,2,0,2.292982716049383,36.7,71.0,67.0,Orthodox,wrestler,56,,,,4.0,86.83451851851851,18.0,5.0,,0.5232624055050272,0.4093946228232716,10.544409268806826,0.17502148010704915,0.2894486390751207,8.367466271532768,0.13866663995935197,41.238793653800755,14.633772844618253,0.6659260612457543,17.637690894930167,0.7013957674239399,0.2084469343292873,2.588423794638629
Yair Rodriguez,Featherweight,fw,0.594,0.294,0.8686666666666667,0.528,0.469,0.3690009743027646,0.61952,0.4375,4.58044,3.7276266666666666,21.391,0.3125,0.4375,0.1875,2,4,1,0.8278266666666667,32.5,71.0,71.0,Orthodox,striker,434,,,,5.0,27.913599999999995,11.0,4.0,,0.5740893411270734,0.36434507521771786,9.446784811025859,0.14898636722247155,0.09300856130213761,4.334495615637559,0.06840803508767031,49.41625342020866,13.687953588681847,0.9394349652904639,36.15793239759672,0.5962367155931262,0.034974789915966385,11.415583302886372
Jean Silva,Featherweight,fw,0.781,0.714,1.3442121212121214,0.533,0.53,0.8784207437915877,0.6763090909090909,0.14285714285714285,4.474072727272728,4.097048484848485,19.571,0.7142857142857143,0.14285714285714285,0.14285714285714285,1,4,0,0.7484121212121213,29.1,69.0,67.0,Orthodox,striker,147,,,,6.0,20.31563636363636,6.0,1.0,,0.6530639657028516,0.42876158096667644,4.488225348110259,0.07554655769723598,0.06767696257832662,6.309754874281729,0.10641599897090889,48.1263896177707,5.132247631595458,1.4709094230577606,32.617189339503916,0.631127450629921,0.19995416348357525,7.646910353074035
Arnold Allen,Featherweight,fw,0.731,0.6,1.299438596491228,0.602,0.44,0.3197721926299124,0.33275789473684214,0.7333333333333333,3.6894631578947368,3.2249228070175437,16.63,0.26666666666666666,0.7333333333333333,0.0,0,2,0,0.7638175438596493,32.3,70.0,68.0,Southpaw,balanced,35,,,,7.0,42.74378947368421,12.0,3.0,,0.7187298005470616,0.39323443329492735,4.431398199249188,0.08332980636924563,0.14243845507013722,2.592375247581871,0.04819713628247305,44.84662831417845,4.790523228360757,0.6318995057977425,26.109036391062904,0.6963720798080686,0.036815568332596194,1.9077078245485837
Youssef Zalal,Featherweight,fw,0.558,0.317,1.7594313725490196,0.649,0.509,0.25830585942817025,1.1117882352941177,0.6923076923076923,3.139105882352941,2.1913254901960784,12.971,0.3076923076923077,0.6923076923076923,0.0,0,0,0,1.6548549019607843,29.6,72.0,70.0,Switch,balanced,56,,,,8.0,73.0430588235294,8.0,4.0,,0.6401737883823063,0.4199662423741226,4.270532368104957,0.09317142101427463,0.24344083572995365,3.006311977476413,0.0664277888109874,36.43220168544826,11.650277879267648,1.2946220636592234,19.227088900351276,0.6991203157379074,0.04114681166584281,1.8093453545100908
Kevin Vallejos,Featherweight,fw,0.9,0.333,1.2856666666666667,0.587,0.466,1.1274713798562903,0.27280000000000004,0.25,4.9916,3.5250666666666666,22.857,0.75,0.25,0.0,0,3,0,1.0200666666666667,24.3,68.0,67.0,Switch,striker,98,,,,9.0,37.744,4.0,0.0,,0.6670322959071145,0.4018866782280343,7.9927384250801765,0.1249303489504878,0.12582368068805624,6.774127237851664,0.10343878690616762,49.164857153006125,8.021126207729468,1.379643313847278,28.428992484675028,0.6543735014563885,0.08743697478991597,2.4520017354767996
Steve Garcia,Featherweight,fw,0.786,0.571,1.0480222222222224,0.631,0.474,1.1628768028950713,0.46889333333333333,0.18181818181818182,4.293586666666666,2.1512355555555556,17.176,0.6363636363636364,0.18181818181818182,0.18181818181818182,2,7,0,0.6176355555555556,34.1,75.0,72.0,Southpaw,striker,6,,,,10.0,39.118133333333326,8.0,3.0,,0.728910822710132,0.41561923428269637,13.837387143263104,0.2625091230793394,0.13098287956084206,2.9345553003810223,0.052747799954209286,36.97535654841647,16.133320618102314,1.5590758912260558,20.239136161711063,0.6654159887490672,0.6802160864345739,5.182656453885904
Brian Ortega,Featherweight,fw,0.545,0.25,1.0590740740740743,0.493,0.373,0.39792378787263694,0.8453555555555555,0.2857142857142857,3.9420444444444445,5.738918518518519,17.667,0.5,0.2857142857142857,0.14285714285714285,2,3,0,1.1519185185185183,34.5,69.0,68.0,Switch,balanced,301,,,,11.0,28.748444444444445,8.0,5.0,,0.6999179176777951,0.3303985355248902,3.7428043794007135,0.06687155970126502,0.09583345243984158,3.8281835342832786,0.0695576998408963,46.82723809974875,-21.085848669580557,1.1766668696464093,55.62717126303017,0.5802647761905038,0.1499719887955182,8.0897785491008
Aaron Pico,Featherweight,fw,0.0,0.5,3.184888888888889,0.452,0.538,0.3604380302845776,0.3637333333333334,0.5,4.923466666666667,3.3700888888888887,28.25,0.0,0.5,0.5,1,0,0,2.122088888888889,29.5,70.0,68.0,Orthodox,wrestler,70,,,,12.0,57.96533333333334,1.0,1.0,,0.6930637101770376,0.42833988753042385,6.97841313820214,0.10805609948560614,0.19324109806026546,5.567883936183169,0.08113372177459517,55.23171429924627,17.909120657925005,0.6966672756058944,29.04818045575718,0.6080601451126902,0.3665826330532213,3.5193356473023996
Melquizael Costa,Featherweight,fw,0.509,0.355,1.5256666666666665,0.504,0.47,0.3330448701219618,0.7530285714285715,0.4,4.297485714285714,3.277752380952381,19.25,0.4,0.4,0.2,1,2,1,1.260895238095238,29.7,71.0,70.0,Southpaw,balanced,35,,,,13.0,45.388,7.0,3.0,,0.5222559316129708,0.35752656325202,5.63360563065806,0.09621097243676606,0.1513493594861455,5.171950258364215,0.088328657452875,47.38502041396269,14.836051710539289,1.0128574038310976,29.824220195324504,0.6010844869175652,0.22853541416566628,6.847572420272456
David Onama,Featherweight,fw,0.526,0.304,1.187948717948718,0.519,0.5,0.561960409581893,0.47803076923076926,0.5555555555555556,4.834984615384616,4.4629641025641025,24.238,0.3333333333333333,0.5555555555555556,0.1111111111111111,1,2,0,1.122117948717949,31.4,74.0,71.0,Orthodox,striker,231,,,,14.0,53.59630769230769,6.0,3.0,,0.7550030994308252,0.44685734387953385,9.13838848136802,0.13283079657343,0.17871200862854744,5.289572805710914,0.07687815328425487,54.156395610641134,2.331682061899453,1.0138464348950282,40.571687682876934,0.6145915543083442,0.2516095669036845,5.761671397656051
Josh Emmett,Featherweight,fw,0.438,0.366,1.1492539682539682,0.596,0.358,0.7506013419860699,0.16140000000000002,0.5294117647058824,3.790371428571429,4.326930158730159,17.222,0.23529411764705882,0.5294117647058824,0.23529411764705882,2,4,2,0.9628349206349207,41.0,70.0,66.0,Orthodox,balanced,98,,,,15.0,26.967238095238095,10.0,7.0,,0.6436313508217579,0.3037322018887957,5.703356134724421,0.10644812064473268,0.08996306505425573,3.268601759544398,0.060511242938140655,44.14715646645132,-7.9148544151960305,0.9006350946175572,41.902654733390946,0.657104670163523,0.24918233960250766,4.711873677007035
Alexander Volkov,Heavyweight,hw,0.694,0.625,0.7896273291925466,0.544,0.577,0.27188165273546,0.16459627329192547,0.5263157894736842,5.11639751552795,3.18111801242236,23.58,0.3684210526315789,0.5263157894736842,0.10526315789473684,1,6,1,0.4011180124223603,37.7,80.0,79.0,Orthodox,striker,42,2.0,Russia,"Moscow, Russia",2.0,29.683850931677018,14.0,5.0,,0.6092145336802273,0.47353876269581685,5.5942155092539085,0.08893409149987194,0.10055298855753295,5.858149592280852,0.08507862452092209,57.283488111921386,22.987087335296543,0.4129531843083325,24.736212721966595,0.6462005007750201,0.12055725577025415,5.917255152856903
Ante Delija,Heavyweight,hw,0.75,0.0,0.9387755102040817,0.526,0.381,0.5359130314946785,0.2151020408163265,0.3333333333333333,4.8567346938775495,3.8393877551020408,18.0,0.3333333333333333,0.3333333333333333,0.3333333333333333,1,1,0,0.5893877551020408,35.9,78.0,75.0,Orthodox,striker,119,-2.0,Croatia,"Dubrovnik, Croatia",10.0,31.089795918367344,1.0,2.0,,0.7983525154255088,0.41282142328406407,5.582071983235886,0.11583106254719833,0.10886098756055522,4.298340574098001,0.07276309961636304,47.06030190952064,6.708516069343645,0.6921561500589145,36.03353991395494,0.5886631826355665,0.3459819266413472,3.009525690923355
Brando Peričić,Heavyweight,hw,0.714,0.0,0.9387755102040817,0.583,0.576,,0.2151020408163265,0.0,7.73673469387755,3.972244897959183,34.25,1.0,0.0,0.0,0,3,0,0.503673469387755,31.9,79.0,77.0,Orthodox,striker,49,3.0,Australia,"Semaphore, Australia",13.0,32.37551020408163,3.0,0.0,,,,,,,,,,,,,,,
Ciryl Gane,Heavyweight,hw,0.471,0.25,0.8939682539682541,0.608,0.616,0.3007972578014654,0.5503174603174603,0.35714285714285715,5.289841269841269,2.6469841269841274,25.11,0.5,0.35714285714285715,0.07142857142857142,0,5,1,0.8647619047619046,36.2,81.0,76.0,Orthodox,striker,6,1.0,France,"La Roche-sur-Yon, Vendée, France",1.0,30.81269841269841,11.0,2.0,,0.4963857241274879,0.45938363204011984,3.54905666718298,0.06207704255542101,0.10587439710363084,5.376582207776442,0.07562285633752562,62.59207980058163,29.83482617163753,0.7991549171148788,17.374700854871747,0.7300389024980687,0.09858397297314615,0.9139382415725741
Curtis Blaydes,Heavyweight,hw,0.35,0.478,4.563657142857142,0.539,0.521,0.18305564881850997,0.06022857142857142,0.3333333333333333,4.357485714285714,2.919428571428571,16.85,0.38095238095238093,0.3333333333333333,0.23809523809523808,5,8,0,2.560228571428571,35.3,80.0,76.0,Orthodox,wrestler,70,-1.0,United States,"Naperville, United States",7.0,99.68914285714285,14.0,6.0,,0.7216219346446472,0.4505329739699861,14.032480155306049,0.2794108598535534,0.3338310765169555,8.52803536074744,0.16559657683366116,29.375384534665777,0.9153844994162205,0.22680372201649607,27.78939117590738,0.5843135832299344,0.28737493945957726,1.7231671934585395
Derrick Lewis,Heavyweight,hw,0.524,0.263,0.6714285714285715,0.399,0.499,0.48558596764347356,0.04182539682539682,0.15625,2.774365079365079,2.701825396825397,9.93,0.5,0.15625,0.34375,9,16,2,0.5957142857142858,41.4,79.0,75.0,Orthodox,balanced,6,-2.0,United States,"New Orleans, United States",11.0,29.473015873015875,20.0,12.0,,0.780961508376107,0.46175407720866946,12.008179102529532,0.39201277335600054,0.09947948042527631,5.460256350113718,0.1721399215105742,15.667186432324296,-4.591742164282532,0.5168345913563208,20.347464285311993,0.4973441912939475,0.2131459651602022,7.405098415495596
Josh Hokit,Heavyweight,hw,0.75,0.333,1.1814285714285715,0.44,0.608,0.7930558886375356,0.1882142857142857,0.25,7.9746428571428565,6.108214285714286,44.6,0.75,0.25,0.0,0,3,0,0.7407142857142857,28.6,73.0,73.0,Orthodox,striker,6,4.0,United States,"Bakersfield, United States",4.0,50.42857142857143,4.0,0.0,,0.7999326990684726,0.5129008688895111,7.639214840378743,0.1198455831536472,0.17200384470341237,13.812626288383715,0.13251112438680934,69.68887333809207,18.537087497915074,0.9492990072017716,55.57639705681208,0.5628229419793889,0.08883906949849006,1.980954262351927
Marcin Tybura,Heavyweight,hw,0.707,0.333,1.3489795918367347,0.552,0.482,0.11402751895741346,0.14806122448979592,0.5,3.80704081632653,3.3309183673469387,16.24,0.25,0.5,0.25,5,5,1,1.1459183673469386,40.6,78.0,75.0,Orthodox,balanced,84,-2.0,Poland,"Uniejow, Poland",12.0,73.75102040816327,14.0,10.0,,0.6579290448406052,0.4092774669570313,10.094040163296656,0.20799931856370285,0.24715367053545903,4.896260020371791,0.09714133602025699,35.22271094536045,1.231562514872857,0.24175824933738874,31.275626357799077,0.6249895579249083,0.2882196195913713,3.51445038824808
Mick Parkin,Heavyweight,hw,0.75,0.364,1.2579365079365081,0.597,0.499,0.3450263749232115,0.16730158730158728,0.8,4.978571428571428,3.897301587301587,23.08,0.2,0.8,0.0,0,1,0,0.8639682539682538,30.7,79.0,76.0,Orthodox,striker,455,-1.0,England,"Sunderland, England",15.0,47.18095238095238,4.0,1.0,,0.6561260305161364,0.4169842258997903,5.336483337388596,0.10120193753670982,0.16127934360122956,4.081615318315539,0.06400092933124532,55.330662168943405,7.9049142077801,0.4665488004731729,29.564548138204266,0.6815597371917175,0.06909705405438116,1.3971524604617551
Rizvan Kuniev,Heavyweight,hw,0.913,0.0,1.0952380952380953,0.463,0.438,0.3252318700771249,0.2509523809523809,1.0,4.502857142857142,3.470952380952381,14.67,0.0,1.0,0.0,0,0,0,0.5876190476190476,34.3,76.0,76.0,Orthodox,balanced,133,1.0,Russia,"Makhachkala, Dagestan, Russia",8.0,55.17142857142857,1.0,1.0,,0.7372193488045077,0.43095175656816115,5.3124173137752,0.11291401741617584,0.18996744845027738,8.981397336447667,0.1800923030877771,39.80368556110741,3.459935414234252,0.5075155084020669,28.039129899614096,0.612530433297951,0.10364558108157174,1.711113306077248
Sergei Pavlovich,Heavyweight,hw,0.75,0.25,0.7707142857142857,0.558,0.442,1.0359751009720266,0.09410714285714285,0.25,4.6448214285714275,3.6541071428571428,16.35,0.5833333333333334,0.25,0.16666666666666666,2,7,0,0.5728571428571428,34.1,84.0,75.0,Southpaw,striker,21,3.0,Russia,Russia,3.0,31.864285714285714,9.0,3.0,,0.7970569132737106,0.41945767501977954,6.007319866686552,0.12430229761395234,0.10993904909688655,3.984715797324165,0.07518712834215248,41.75676834209003,5.285934950007427,1.1088885563020032,22.439181371610342,0.6644486156647137,0.17086999713851106,2.6256217930191346
Serghei Spivac,Heavyweight,hw,0.636,0.593,3.3616541353383456,0.522,0.478,0.1027048010769868,0.45819548872180443,0.3333333333333333,3.931954887218045,4.130300751879699,15.45,0.4,0.3333333333333333,0.26666666666666666,4,3,0,1.6539849624060152,31.4,78.0,75.0,Orthodox,wrestler,119,1.0,Moldova,Moldova,6.0,77.37518796992481,9.0,6.0,,0.8921640219738091,0.46190779989244757,14.418077336836452,0.31056307316901793,0.25978000086169273,2.5930365454480837,0.04974762066066507,32.02875006829889,-11.77490242817285,0.48694682116508103,34.5913041788255,0.6129679882712069,0.1960695664395526,4.542166452372851
Tom Aspinall,Heavyweight,hw,1.0,0.8,2.340816326530612,0.57,0.676,1.1134110612018846,1.043265306122449,0.0,6.961224489795918,3.658979591836735,15.91,0.8,0.0,0.1,1,6,0,0.573265306122449,33.2,78.0,77.0,Orthodox,wrestler,238,0.0,England,"Salford, England",,33.473469387755095,8.0,1.0,,0.6896524481889449,0.5540035373185581,12.017010017591968,0.25247335440285085,0.11423568858547241,4.946572884451598,0.0962454953864128,34.02625485086421,7.651660632074419,1.5811430100943922,14.997289437496947,0.7194367600665464,0.04441953474924503,0.7333342740331064
Tyrell Fortune,Heavyweight,hw,1.0,0.6,1.9142857142857146,0.573,0.508,0.39027824409254985,0.3011428571428571,1.0,4.63142857142857,3.6311428571428563,10.0,0.0,1.0,0.0,0,0,0,1.039142857142857,,,,,wrestler,84,1.0,United States,"Portland, United States",9.0,58.585714285714275,1.0,0.0,,0.7310268549290455,0.4517759422278119,7.5749007765302405,0.175496820899411,0.20262760480699954,5.777676803737201,0.11520167279624158,39.96442267332888,2.5519224970811023,0.6090186100824804,27.846955879536914,0.6464887041369981,0.12437469729788608,2.0533359672926976
Valter Walker,Heavyweight,hw,,0.692,3.9190476190476193,0.427,0.522,0.21682124671808325,1.583968253968254,0.2,3.461904761904761,3.2528571428571427,6.71,0.8,0.2,0.0,0,0,0,1.4250793650793652,28.5,78.0,78.0,Orthodox,grappler,238,4.0,Brazil,"State of Rio de Janeiro, Brazil",14.0,83.90317460317459,4.0,1.0,,0.6009250848896589,0.4090055024955349,5.684468685373943,0.18165899033418814,0.28366436598625194,3.733629970330191,0.10088036195535881,28.059599897881128,-3.7251224222565296,1.2907246246489972,20.883229456885587,0.6061842007110307,0.06909705405438116,1.1407422040514987
Waldo Cortes Acosta,Heavyweight,hw,0.739,0.5,0.7000840336134454,0.547,0.486,0.5588104892492318,0.16504201680672267,0.6153846153846154,5.2057142857142855,3.644453781512605,24.48,0.38461538461538464,0.6153846153846154,0.0,0,5,0,0.40621848739495797,34.7,78.0,76.0,Orthodox,striker,42,-1.0,Dominican Republic,"Fundacion, Barahona, Dominican Republic",5.0,31.707563025210085,10.0,3.0,,0.7089860431260736,0.4321485713491768,6.759221291009843,0.10634816982975004,0.10786116565586429,3.122466612104869,0.04629856221512336,60.203957332762755,13.131969614891027,0.6971496860773899,22.584968048061143,0.7089112435136831,0.03658079332290767,0.6779261383877954
Aleksandar Rakić,Light Heavyweight,lhw,0.857,0.217,0.7327737373737373,0.512,0.503,,0.1578767676767677,0.5454545454545454,3.5681414141414143,2.704404040404041,18.65,0.18181818181818182,0.5454545454545454,0.2727272727272727,3,2,0,0.9372525252525252,34.4,78.0,76.0,Orthodox,balanced,238,,,,15.0,76.80929292929292,6.0,5.0,,,,,,,,,,,,,,,
Alexander Gustafsson,Light Heavyweight,lhw,0.837,0.396,1.2706639118457301,0.514,0.407,0.5808926341704376,0.32914325068870526,0.2777777777777778,3.357823691460055,3.008457300275482,17.07,0.3888888888888889,0.2777777777777778,0.3333333333333333,3,5,3,1.0908539944903581,39.4,79.0,77.0,Orthodox,balanced,1428,,,,,43.65179063360881,10.0,8.0,,0.6833512687488424,0.3621919410468686,7.8009474131884335,0.15568129215764442,0.14553841441735732,4.570012996266523,0.09189097970132178,37.939334950117264,4.3258513186930125,0.9106628474986305,27.23463997857011,0.5986481287067786,0.24471052900350587,4.542825805069006
Alonzo Menifield,Light Heavyweight,lhw,0.8,0.357,0.5719366391184573,0.509,0.534,0.4397230193473849,0.19414325068870522,0.3888888888888889,3.1941873278236916,3.2866391184573,16.03,0.3888888888888889,0.3888888888888889,0.2222222222222222,4,5,0,0.5344903581267217,38.7,76.0,72.0,Orthodox,balanced,21,,,,14.0,57.23360881542699,11.0,6.0,,0.7769900119702071,0.474501656497276,5.263330190439833,0.11125351297097831,0.19050633314141618,6.6252950004177436,0.1388449485800793,35.85635955813151,1.0578182646048018,0.635845926816747,27.486073051142718,0.6233563600690627,0.438181593155188,2.2072027914575743
Andreas Michailidis,Light Heavyweight,lhw,0.5,0.273,1.0805757575757575,0.444,0.515,0.2167729257868853,0.13789393939393937,0.5,2.8615151515151513,3.1232575757575756,13.0,0.0,0.5,0.5,2,0,0,1.1573484848484847,37.9,76.0,72.0,Orthodox,balanced,1477,,,,,48.31742424242424,1.0,3.0,,0.5858094769444159,0.4018273808297851,4.5037417499045596,0.10323195590543999,0.161097643014736,5.68306604276324,0.13149143548652062,32.456277173428546,0.44343961125427156,0.3565955578939611,21.671775092582962,0.6249300540631154,0.37939334869903507,5.9814073275761315
Andrew Sanchez,Light Heavyweight,lhw,1.0,0.367,2.015329004329004,0.507,0.437,0.35346208004148544,0.07879653679653678,0.5,3.735151515151515,4.241861471861472,19.89,0.1,0.5,0.4,4,1,0,1.8413419913419915,38.2,74.0,73.0,Orthodox,balanced,1708,,,,,76.86709956709956,5.0,5.0,,0.7003888159180912,0.3918597864813119,6.976627938720973,0.1276923807717659,0.25623569018831477,6.142024133279675,0.11264045665201082,42.733518929034,-5.408170562276469,0.4333607269598145,42.42298712773448,0.5890580312044443,0.1980887162633942,3.6169266361659527
Askar Mozharov,Light Heavyweight,lhw,0.333,0.0,0.928921212121212,0.136,0.182,0.3468366812590165,0.220630303030303,0.0,2.5784242424242425,3.1972121212121207,2.0,0.0,0.0,1.0,1,0,0,0.8757575757575757,31.6,74.0,75.0,Orthodox,balanced,1477,,,,,41.22787878787879,0.0,1.0,,0.5996883255042278,0.34713360918963,5.605986799847295,0.12414548842306297,0.1374599325272813,5.626239001754518,0.1214974078895441,26.99671014415234,-0.9571632886598321,0.5705528926303377,32.9415068147994,0.5069780335909317,0.3403626912517895,14.370251724121811
Azamat Murzakanov,Light Heavyweight,lhw,0.889,0.214,0.7798732782369145,0.558,0.565,0.8735621278450075,0.2199228650137741,0.14285714285714285,3.388374655647383,2.7623691460055095,17.69,0.7142857142857143,0.14285714285714285,0.14285714285714285,1,5,0,0.9580716253443526,37.2,71.0,70.0,Southpaw,striker,70,,,,8.0,33.3763085399449,6.0,1.0,,0.679106643298581,0.46666228312619645,10.781130363566952,0.21158556573036755,0.11126966630027937,4.705108637161145,0.09570152012968357,35.1121409746147,1.388789414245531,1.0945694966501536,21.757503097636093,0.658323891423798,0.2740284960235407,2.764887147328096
Billy Elekana,Light Heavyweight,lhw,0.0,0.222,0.9555757575757575,0.462,0.565,0.40427292578688534,0.5128939393939393,0.25,2.7615151515151517,3.108257575757576,12.0,0.5,0.25,0.25,0,0,1,1.107348484848485,31.1,77.0,75.0,Southpaw,grappler,140,,,,,47.06742424242424,3.0,1.0,,0.6612635367734756,0.45879480769432446,6.6912417499045596,0.166132596931081,0.15695412449621748,3.7038993760965737,0.0811442132642984,30.74794384009521,-3.973227055412395,0.919095557893961,26.963441759249626,0.5955157560441662,0.40022668203236844,6.3564073275761315
Bogdan Guskov,Light Heavyweight,lhw,0.571,0.0,0.464460606060606,0.445,0.559,0.8934183406295082,0.47031515151515146,0.16666666666666666,3.6372121212121216,3.3546060606060606,19.9,0.6666666666666666,0.16666666666666666,0.16666666666666666,0,3,1,0.43787878787878787,33.8,76.0,75.0,Orthodox,striker,196,0.0,,,10.0,43.05393939393939,4.0,1.0,,0.7774823537068878,0.48160462965391665,15.582993399923648,0.27614309597032544,0.14352996626364065,4.793119500877259,0.0939145330905007,33.95835507207617,-4.858581644329916,1.3652764463151688,31.950753407399702,0.5455324164338021,0.5301813456258947,7.245125862060905
Brendson Ribeiro,Light Heavyweight,lhw,0.214,0.429,0.8995096418732782,0.513,0.419,0.3167439460268257,0.41846831955922864,0.2857142857142857,2.503829201101928,3.0932782369146,10.75,0.14285714285714285,0.2857142857142857,0.5714285714285714,3,0,1,0.7671625344352616,29.8,81.0,75.0,Orthodox,balanced,77,,,,,25.803581267217627,2.0,5.0,,0.5625785552855722,0.3471004838121648,2.7072667272033155,0.06136281890970797,0.0859918885225016,3.0346540917065994,0.07002524882928539,31.6121409746147,-1.2759833130271963,0.736614951195608,25.973412188545183,0.6118578242656919,0.47289213238717703,10.122841692782641
Carlos Ulberg,Light Heavyweight,lhw,0.857,0.6,0.6396404040404041,0.507,0.56,0.8856122270863389,0.18354343434343434,0.2727272727272727,4.888141414141415,3.2910707070707073,27.65,0.6363636363636364,0.2727272727272727,0.09090909090909091,1,6,0,0.47525252525252526,35.6,77.0,76.0,Orthodox,striker,70,,,,,21.66262626262626,10.0,1.0,,0.614784595541795,0.44784717465123636,6.488662266615765,0.09707803200599989,0.07209775528687154,4.405413000584839,0.0709994373495587,62.27890338138412,17.920945570446722,1.070184297543446,26.9605022715998,0.6102625191334852,0.22345423041726314,2.3600839080406035
Chris Daukaus,Light Heavyweight,lhw,1.0,0.0,0.38705050505050503,0.555,0.5,1.3445152838579233,0.09192929292929292,0.0,3.0943434343434344,2.5888383838383837,15.4,0.5,0.0,0.5,4,4,0,0.43156565656565654,36.7,76.0,75.0,Orthodox,balanced,1043,,,,,25.844949494949493,4.0,4.0,,0.7839610447176707,0.44980054835225913,8.535827833269705,0.1859264210420771,0.0861638607752561,4.944266250731049,0.106900976231033,32.74862922673014,2.4511819630584033,1.4377303719293073,26.625627839499753,0.6070741806628882,0.9418177880215789,4.187604885050754
Chris Weidman,Light Heavyweight,lhw,0.724,0.423,2.485191919191919,0.51,0.451,0.33267430859562847,0.6192979797979797,0.3,2.69550505050505,2.8660858585858584,13.04,0.35,0.3,0.35,7,4,0,1.9907828282828284,42.0,78.0,74.0,Orthodox,grappler,560,,,,,76.25580808080808,12.0,8.0,,0.7164553021051806,0.4036524781861328,9.08458058330152,0.2282065614193415,0.25421618964688736,4.192966458698858,0.10252175763407034,27.04098128003174,-0.43899235180413165,0.952198519297987,28.154480586416543,0.5886991213229998,0.2792422273441228,9.066719109192045
Cody Donovan,Light Heavyweight,lhw,0.0,0.286,1.1805757575757574,0.459,0.591,0.8167729257868853,0.7378939393939393,0.0,3.5815151515151515,3.483257575757576,20.2,0.25,0.0,0.75,3,1,0,1.2473484848484848,45.3,74.0,75.0,Orthodox,balanced,4354,,,,,49.76742424242424,1.0,3.0,,0.6291368866084592,0.44922346300847604,5.3037417499045585,0.10729390056144406,0.16591245782955083,14.316399376096573,0.2541537017131433,33.822943840095206,1.276772944587605,1.556595557893961,36.03844175924963,0.5506819804861828,0.8127266820323684,9.281407327576131
Corey Anderson,Light Heavyweight,lhw,0.833,0.5,3.7315582137161085,0.592,0.463,0.15706228454184645,0.058060606060606056,0.5333333333333333,3.823269537480064,2.2282137161084528,20.03,0.2,0.5333333333333333,0.26666666666666666,4,3,0,2.5515151515151517,36.7,79.0,75.0,Orthodox,balanced,2317,,,,,98.87575757575758,10.0,5.0,,0.7457753422470794,0.41552888095345936,13.448943894696656,0.23195448468976873,0.329521619670922,9.112168158356452,0.1589895726287909,34.61755530109272,9.64285176614215,0.2159349717448257,21.155659688105104,0.657379460167899,0.4185164976978393,2.242171506347845
Da Woon Jung,Light Heavyweight,lhw,0.759,0.476,1.3465850815850817,0.493,0.407,0.4301020202644569,0.18385780885780884,0.4444444444444444,2.968624708624709,3.5612354312354313,14.52,0.3333333333333333,0.4444444444444444,0.2222222222222222,1,2,1,1.029137529137529,32.5,78.0,76.0,Orthodox,balanced,630,,,,,56.97995337995338,4.0,4.0,,0.6484299360388265,0.35805443758506794,4.727577340600607,0.10676465822072409,0.19001206196104226,6.021080934740748,0.13525436242914368,33.65807533016848,-9.038469396737296,0.6150478158468331,33.63684328041735,0.5903815272589082,0.32871092520673223,3.516030882903993
Dalcha Lungiambula,Light Heavyweight,lhw,0.778,0.455,1.545418732782369,0.53,0.451,0.2699525021765583,0.10028650137741045,0.2857142857142857,2.74564738292011,3.169641873278237,12.65,0.14285714285714285,0.2857142857142857,0.5714285714285714,3,1,1,1.2189807162534436,38.9,76.0,68.0,Orthodox,balanced,1288,,,,,61.75812672176308,2.0,5.0,,0.6444672092672494,0.3856903700105049,8.387748010625778,0.2103409725390244,0.20585077146961986,7.61085730026275,0.18841848350158982,24.977114236646788,-8.360207911957678,0.3716416891635225,28.481433578919518,0.6139047786661274,0.3793092446866423,5.986478056419005
Daniel Cormier,Light Heavyweight,lhw,0.765,0.46,1.4547161084529503,0.505,0.547,0.19653596875237278,0.47885007974481664,0.4,3.8548484848484854,3.1992663476874004,20.24,0.4666666666666667,0.4,0.06666666666666667,1,3,0,1.1067783094098884,47.3,72.0,71.0,Orthodox,balanced,2135,,,,,77.00733652312599,11.0,3.0,,0.7225189394344999,0.4816921449379783,9.685785999959814,0.16785965103512923,0.2567584617761851,12.48058921098803,0.2130926508138468,35.52545003793483,-1.3571482338578507,0.6764612875342993,27.510922845999847,0.6090959992394469,0.3527270240136288,2.518487295821529
Daniel Jolly,Light Heavyweight,lhw,0.25,0.0,0.7741010101010101,0.156,0.353,0.28903056771584706,0.18385858585858583,0.0,2.282020202020202,2.931010101010101,3.0,0.0,0.0,1.0,2,0,0,1.0631313131313131,41.8,75.0,73.0,Orthodox,balanced,3423,,,,,40.52323232323232,0.0,2.0,,0.47196249347574537,0.3183785367585541,4.671655666539412,0.1034545736858858,0.13510549932828997,5.188532501462098,0.15680339546350897,23.99725845346028,-0.7976360738831935,0.47546074385861475,28.9512556789995,0.46277473495215005,0.7836355760431579,13.47520977010151
Darko Stosic,Light Heavyweight,lhw,0.833,0.5,2.2305757575757577,0.582,0.455,0.2167729257868853,0.13789393939393937,0.75,2.8215151515151513,3.4732575757575757,12.6,0.25,0.75,0.0,0,1,0,1.647348484848485,34.4,76.0,72.0,Orthodox,wrestler,2338,,,,,55.26742424242424,1.0,3.0,,0.598019489154428,0.38488779867281164,6.353741749904559,0.15298775566123973,0.18424579116288414,6.666399376096574,0.15926921326429838,29.02294384009521,-14.323227055412394,0.3565955578939611,30.938441759249628,0.6397862510422174,0.2127266820323684,3.5814073275761316
Devin Clark,Light Heavyweight,lhw,0.588,0.329,1.8402193362193362,0.44,0.542,0.25604954995962975,0.11000721500721498,0.5294117647058824,2.8615295815295814,3.000764790764791,14.0,0.058823529411764705,0.5294117647058824,0.4117647058823529,3,1,4,1.8437518037518037,36.2,75.0,72.0,Orthodox,wrestler,861,,,,,78.86854256854255,8.0,9.0,,0.570544515466669,0.42354474259762886,7.117071687038471,0.1672325668904928,0.2629288577067979,11.86339023851298,0.27949484768345156,23.835951394866203,2.0544169040605844,0.3671384438235498,26.55069890148285,0.5579028288316957,0.31233125301913356,7.901080342477981
Dustin Jacoby,Light Heavyweight,lhw,0.574,0.2,0.41302886002886,0.58,0.462,0.5299485832571593,0.052531024531024526,0.47058823529411764,4.4320057720057715,3.5188600288600287,23.71,0.4117647058823529,0.47058823529411764,0.11764705882352941,1,7,1,0.5242279942279942,38.2,76.0,75.0,Orthodox,striker,133,,,,,26.816161616161615,10.0,6.0,,0.6661432221550947,0.39077371290826324,2.612954250590208,0.04752790155625488,0.08946623289078962,6.132813797410224,0.09631339900335059,57.653352039334514,12.824735557837883,0.5832143478693785,35.565020419563766,0.64232077722861,0.46449738262887214,3.500435874164341
Ed Herman,Light Heavyweight,lhw,0.613,0.479,1.6281535353535352,0.424,0.488,0.23113944687650276,0.7734383838383838,0.38461538461538464,2.877737373737374,3.1535353535353536,14.18,0.34615384615384615,0.38461538461538464,0.23076923076923078,4,4,2,1.1686262626262627,45.7,77.0,73.0,Orthodox,grappler,1162,,,,,67.7979797979798,13.0,12.0,,0.6291489943212099,0.3949687234576396,9.210997799974548,0.21520717012299775,0.2259988776434358,11.20770650029242,0.26161267021425816,22.62945169069206,-8.24952721477664,1.005092148771723,31.03358446913324,0.5144369091567523,0.40339378187529823,7.295041954020302
Fabio Cherant,Light Heavyweight,lhw,0.0,0.0,0.6635151515151515,0.403,0.431,0.24774048661358322,0.15759307359307356,0.3333333333333333,2.2645887445887447,3.1637229437229437,5.6,0.0,0.3333333333333333,0.6666666666666666,1,0,1,0.6255411255411255,31.6,74.0,73.0,Southpaw,balanced,1589,,,,,31.33419913419913,0.0,3.0,,0.5099814569928157,0.3341203784461076,4.0042762856052105,0.0886753488736164,0.10447138037662951,4.01874214411037,0.08678386277824579,25.626221531537386,-13.626545206185593,0.40753778045024125,24.30107629628529,0.5978165645609691,0.5002590651798496,4.178751231515578
Francimar Barroso,Light Heavyweight,lhw,0.833,0.243,1.8284312354312353,0.59,0.527,0.1333987235611602,0.08485780885780884,0.7777777777777778,2.7955477855477855,2.965850815850816,13.25,0.0,0.7777777777777778,0.1111111111111111,0,0,1,2.3583682983682985,46.3,75.0,73.0,Orthodox,wrestler,3073,,,,,54.62610722610722,4.0,4.0,,0.5143939132926275,0.38176175380759175,3.4542256922489596,0.0804042880001621,0.1821961278951082,8.82739961605943,0.21436402480512218,29.479503901597052,0.03570642743852613,0.2194434202424376,25.910194928769002,0.6648302233474592,0.1309087274045344,5.815481432354543
Garreth McLellan,Light Heavyweight,lhw,0.348,0.222,1.0716228956228955,0.452,0.544,0.19268704514389806,0.5392390572390572,0.4,3.099124579124579,2.7706734006734006,15.42,0.2,0.4,0.4,2,1,0,1.3198653198653199,43.8,72.0,73.0,Southpaw,grappler,3388,,,,,62.45993265993266,1.0,4.0,,0.637964985640487,0.4493235303940796,16.16999266658183,0.3512519980728729,0.20815675263861308,7.709021667641399,0.1665976590377347,22.38706119119574,-2.5595351603665737,0.7336404959057431,26.18972600822189,0.5653206177399697,0.6057570506954386,5.289028735623228
Gokhan Saki,Light Heavyweight,lhw,1.0,0.0,0.7741010101010101,0.532,0.584,1.2890305677158471,0.18385858585858583,0.0,3.582020202020202,2.9976767676767673,22.5,0.5,0.0,0.5,1,1,0,0.7297979797979798,42.7,73.0,72.0,Orthodox,striker,2905,,,,,35.689898989898985,1.0,1.0,,0.6904810119942638,0.4548390911295563,4.671655666539412,0.1034545736858858,0.11899438821717885,5.188532501462098,0.10865524731536082,43.49725845346028,14.202363926116808,1.4754607438586147,30.9512556789995,0.5858066737735625,0.7836355760431579,6.975209770101508
Igor Pokrajac,Light Heavyweight,lhw,0.514,0.292,0.8467415329768271,0.404,0.459,0.4297418810425679,0.22853832442067734,0.38461538461538464,2.2183600713012477,3.530944741532977,9.71,0.23076923076923078,0.38461538461538464,0.3076923076923077,3,2,1,0.9152228163992869,47.5,74.0,72.0,Orthodox,balanced,3723,,,,,48.143493761140824,4.0,8.0,,0.7879706147676794,0.4184379896309369,4.762265025165171,0.14334728898256177,0.16050642273211355,8.291330798835363,0.2634594452270285,20.122981975170855,-3.8739555891016306,0.6594063129585026,32.23909864300823,0.5313986807873012,0.3459049932253162,10.579485801212298
Ihor Potieria,Light Heavyweight,lhw,0.667,0.2,0.8157171717171717,0.515,0.49,0.573086712429352,0.09192929292929292,0.25,3.481010101010101,3.7288383838383843,18.29,0.125,0.25,0.625,4,1,1,1.0782323232323232,30.1,75.0,75.0,Southpaw,striker,525,,,,,41.37828282828283,2.0,6.0,,0.6561201356267615,0.4090472067813682,6.335827833269707,0.12464395350960956,0.13790989252128785,6.629980536445334,0.12874891995397672,39.03434351244442,6.279753391629832,0.6663018005007358,38.3684849823569,0.5671016531903608,0.4275320737358646,15.130462027907896
Ilir Latifi,Light Heavyweight,lhw,1.0,0.356,1.7146303030303032,0.563,0.452,0.36906211149122475,0.26715757575757576,0.5,2.064606060606061,2.6573030303030305,9.0,0.3125,0.5,0.1875,3,3,0,1.610939393939394,43.9,73.0,70.0,Orthodox,wrestler,1127,,,,,73.58696969696969,9.0,7.0,,0.6608697937943575,0.38269843497714606,5.4956143470206475,0.1826703590338703,0.24534537528868308,3.8065597504386295,0.1192632408612749,21.55505988897926,-10.465761410400251,0.636755870216408,25.7236119978175,0.6205166839346143,0.2968553786953003,3.1690335192657466
Jamahal Hill,Light Heavyweight,lhw,0.708,0.0,0.309640404040404,0.45,0.503,0.44153815301226473,0.07354343434343433,0.2727272727272727,4.506808080808081,3.335070707070707,25.07,0.36363636363636365,0.2727272727272727,0.2727272727272727,3,4,0,0.2919191919191919,35.1,79.0,76.0,Southpaw,striker,364,,,,6.0,23.715959595959596,6.0,4.0,,0.6594234349415866,0.4186913925550274,5.942736340689838,0.09554234153737746,0.0791368499370773,6.764301889473728,0.10549175043880912,54.798903381384115,15.036501126002277,0.5161102234693719,27.424946716044243,0.5796077572287234,0.43938015634318905,6.234528352485047
Jan Błachowicz,Light Heavyweight,lhw,0.695,0.487,0.9444079254079255,0.522,0.503,,0.32419813519813523,0.5909090909090909,3.2643123543123544,2.9310023310023317,16.46,0.3181818181818182,0.5909090909090909,0.09090909090909091,1,5,1,0.6930303030303031,43.3,78.0,74.0,Orthodox,balanced,196,0.0,,,4.0,39.48997668997668,12.0,8.0,,,,,,,,,,,,,,,
Jeremy Kimball,Light Heavyweight,lhw,0.5,0.2,0.9555757575757575,0.494,0.469,0.5917729257868853,0.13789393939393937,0.0,2.3115151515151515,2.5482575757575754,7.5,0.25,0.0,0.75,2,1,1,1.1723484848484849,35.5,72.0,72.0,Switch,balanced,2890,,,,,36.51742424242424,1.0,3.0,,0.6623052034401423,0.3975140612990743,6.8787417499045596,0.22759093026441435,0.12174579116288414,4.266399376096574,0.10926921326429839,23.24794384009521,1.276772944587605,0.731595557893961,24.338441759249626,0.5731976765242862,0.2127266820323684,12.731407327576132
Jimi Manuwa,Light Heavyweight,lhw,0.71,0.188,0.5970378787878787,0.492,0.542,0.41520464471162444,0.2736969696969697,0.16666666666666666,2.7532575757575755,3.0491287878787876,13.14,0.4166666666666667,0.16666666666666666,0.4166666666666667,5,5,0,0.8211742424242424,46.3,79.0,73.0,Orthodox,balanced,2576,,,,,42.73371212121212,6.0,6.0,,0.4649761311318359,0.3736384669639003,2.263234511315916,0.051771243678919984,0.14250168346022996,12.394563324411921,0.30786413373710886,26.47056282913851,-3.793431709524379,0.6896614153106169,27.680584515988446,0.5937791725023297,0.7199997046525477,2.5134309365153387
Jimmy Crute,Light Heavyweight,lhw,0.583,0.522,3.132037878787879,0.397,0.507,0.5820706734197584,1.3716969696969699,0.16666666666666666,2.9482575757575757,2.801628787878788,14.47,0.5,0.16666666666666666,0.3333333333333333,2,2,2,2.0886742424242426,30.3,74.0,74.0,Orthodox,grappler,266,,,,,86.53371212121212,6.0,4.0,,0.6852435108109802,0.4292375111300176,9.212397190741754,0.21061364695038898,0.2884825447042491,6.731883898574602,0.1525133945109371,28.193050867416027,-5.558981948758828,1.9546135684206647,26.34027351120376,0.512709611238406,0.46162649891092106,3.7407036637880657
Jiří Procházka,Light Heavyweight,lhw,0.684,0.6,0.6404312354312354,0.454,0.555,,0.179011655011655,0.0,4.221701631701632,4.225850815850816,23.55,0.6666666666666666,0.0,0.3333333333333333,3,5,0,0.4960606060606061,33.7,80.0,75.0,Orthodox,striker,70,,,,2.0,37.04149184149184,6.0,3.0,,,,,,,,,,,,,,,
Joachim Christensen,Light Heavyweight,lhw,0.0,0.0,0.5805757575757575,0.46,0.413,0.6453443543583138,0.13789393939393937,0.0,2.8915151515151516,2.6782575757575757,13.29,0.25,0.0,0.75,1,1,2,0.6923484848484849,47.6,76.0,75.0,Orthodox,balanced,3282,,,,,61.467424242424244,1.0,3.0,,0.6778966012896047,0.3783273488133927,7.360884607047415,0.17436512381280145,0.20496007687716986,9.087827947525145,0.2157208261675242,26.62294384009521,-0.4375127696981093,0.7851669864653896,21.124156044963915,0.6142215194415372,0.4270123963180827,5.124264470433275
Johnny Walker,Light Heavyweight,lhw,0.5,0.4,0.403430303030303,0.489,0.529,0.5152805988861827,0.31195757575757577,0.25,2.9126060606060604,2.4173030303030303,14.32,0.4375,0.25,0.25,4,6,0,0.36293939393939395,34.2,82.0,78.0,Orthodox,balanced,70,,,,13.0,24.466969696969695,8.0,7.0,,0.4979894130468798,0.41220129806928557,9.372925271390395,0.21657253170676322,0.08150784027467747,3.8065597504386295,0.08623470109956807,30.449177536038086,3.5964234635493275,0.8283525088718701,19.16394813227128,0.5967590116609671,0.6850906728129473,5.906848645316167
Johny Hendricks,Light Heavyweight,lhw,0.675,0.5,2.9309042424242424,0.534,0.457,0.33936733625180326,0.3137660606060606,0.6190476190476191,3.1540848484848483,3.4274424242424244,15.8,0.23809523809523808,0.6190476190476191,0.14285714285714285,3,5,0,2.006351515151515,42.8,69.0,69.0,Southpaw,wrestler,3150,,,,,80.48557575757576,13.0,8.0,,0.6542427498466082,0.37605393243469903,4.3611973599694585,0.09316808073546005,0.2683919865054563,10.485247800350903,0.22172321039146817,32.38434202883047,-5.246432657731966,0.6541105785260675,32.328301362959884,0.6155829804999056,0.1580725382503579,4.104050344824362
Jon Jones,Light Heavyweight,lhw,0.95,0.459,1.6684502164502162,0.641,0.589,0.26230617916731047,0.4071125541125541,0.4166666666666667,3.9261471861471864,2.2095021645021644,20.31,0.5,0.4166666666666667,0.0,0,6,0,1.24495670995671,38.9,84.0,76.0,Orthodox,balanced,581,,,,,63.847835497835504,22.0,1.0,,0.5051964446803768,0.46590166392890897,11.086412299601673,0.18767851935212712,0.21274678758024274,9.35347959910737,0.15870729196419972,38.40247375023129,12.45941193593041,0.6696024414019852,16.810983359785606,0.7327823982489872,0.060779052009248116,1.0855968987879856
Julius Walker,Light Heavyweight,lhw,1.0,0.385,2.2706580086580086,0.431,0.539,0.408454772327869,0.15759307359307356,0.6666666666666666,3.25030303030303,3.326580086580087,17.12,0.0,0.6666666666666666,0.3333333333333333,1,0,0,2.0183982683982684,26.9,78.0,76.0,Orthodox,grappler,133,,,,,93.94848484848485,1.0,2.0,,0.5633853002819562,0.3965313893621019,7.700704857033783,0.160625296735973,0.3131856660909152,10.608027858396085,0.21504246548940326,30.15836438868024,-7.647973777614166,0.568252066164527,34.13679058199957,0.5492173875543316,0.4038304937512782,5.17517980294415
Justin Ledet,Light Heavyweight,lhw,0.429,0.5,0.5495096418732782,0.49,0.39,0.1576530369359166,0.22755922865013775,0.5714285714285714,2.987465564738292,3.7741873278236913,14.53,0.14285714285714285,0.5714285714285714,0.2857142857142857,2,0,0,0.48079889807162535,37.7,80.0,76.0,Orthodox,balanced,2058,,,,,25.10358126721763,3.0,4.0,,0.8197082046703954,0.3882490391074132,2.6754485453851338,0.0593488667144031,0.08369390872452181,3.702835909888417,0.08149798773961764,38.19850461097833,0.09219850515462182,0.38661495119560807,35.51886673399973,0.5652208954994855,0.663801223296268,13.24102351096446
Kennedy Nzechukwu,Light Heavyweight,lhw,0.808,0.455,0.6147161084529504,0.512,0.496,0.31331228454184645,0.20648165869218502,0.26666666666666666,3.736427432216906,3.6176874003189794,19.5,0.4666666666666667,0.26666666666666666,0.26666666666666666,2,6,2,0.49888357256778315,34.0,83.0,77.0,Southpaw,striker,189,0.0,,,,46.375757575757575,8.0,6.0,,0.7767398427440275,0.45286757590191096,6.730193894696657,0.12249780059716231,0.15467695592823194,7.475655000461715,0.13445275916121607,41.72281845898746,-1.8703061285946927,0.5202112875342993,33.211580740736686,0.6065908112686241,0.31160860296099724,3.3276978221373184
Khalil Rountree Jr.,Light Heavyweight,lhw,0.588,0.0,0.21111845730027545,0.495,0.406,0.9169639907517719,0.10987052341597794,0.2777777777777778,3.2841873278236915,3.5811845730027554,16.59,0.3888888888888889,0.2777777777777778,0.2777777777777778,4,7,1,0.19903581267217632,36.3,76.0,73.0,Southpaw,balanced,259,,,,5.0,13.21542699724518,10.0,7.0,,0.5647687370798379,0.31429661758521166,2.8904958913178445,0.06070151474855709,0.04394599353447081,3.4339013252324566,0.07092855526901404,42.80080441191932,-4.092259949196525,1.0276755465512408,31.313757092055297,0.6006782412943756,0.2569560440206395,3.658427498276021
Klidson Abreu,Light Heavyweight,lhw,0.8,0.2,0.8805757575757576,0.556,0.407,0.2167729257868853,0.13789393939393937,0.75,2.5215151515151515,2.883257575757576,9.6,0.0,0.75,0.0,0,0,0,1.0473484848484849,33.5,74.0,72.0,Orthodox,balanced,2212,0.0,,,,35.01742424242424,1.0,2.0,,0.510221870106809,0.3288974314241663,3.503741749904559,0.07759093026441435,0.11674579116288415,5.016399376096574,0.1280192132642984,29.02294384009521,-4.123227055412395,0.3565955578939611,21.78844175924963,0.6565310098576196,0.6627266820323684,4.781407327576131
Luke Rockhold,Light Heavyweight,lhw,0.538,0.3,0.9095070707070706,0.483,0.569,0.31561222708633885,0.6734101010101009,0.09090909090909091,3.3408080808080807,2.7117373737373733,17.09,0.5454545454545454,0.09090909090909091,0.36363636363636365,4,3,0,0.9592525252525252,41.7,77.0,75.0,Southpaw,grappler,1400,,,,,51.14262626262626,6.0,5.0,,0.5975911439624021,0.4538617203182049,14.568662266615764,0.2890768649353472,0.17048664417576045,4.4754130005848385,0.0912083558213374,30.898903381384113,0.5809455704467227,0.9901842975434458,22.2805022715998,0.6082535905620567,0.6134542304172631,4.690083908040603
Magomed Ankalaev,Light Heavyweight,lhw,0.875,0.222,0.8034303030303029,0.562,0.528,0.48670917031475414,0.05515757575757575,0.4375,3.2566060606060603,2.4733030303030303,16.43,0.375,0.4375,0.125,1,6,1,1.074939393939394,34.0,75.0,75.0,Orthodox,balanced,259,,,,1.0,69.3469696969697,12.0,2.0,,0.5689800523905497,0.4135488879566025,8.658639557104681,0.17828274891735996,0.2312538720207092,5.577988321867201,0.1150120331318063,34.449177536038086,3.682137749263614,0.5426382231575844,14.278233846556995,0.7347073914361447,0.1422335299558045,2.678277216744738
Marcin Prachnio,Light Heavyweight,lhw,0.531,0.2,0.40130707070707067,0.546,0.546,0.2072788937530055,0.07354343434343433,0.36363636363636365,4.4554747474747485,2.88040404040404,24.71,0.09090909090909091,0.36363636363636365,0.5454545454545454,3,1,3,0.44591919191919194,37.9,73.0,75.0,Orthodox,striker,336,,,,,21.00262626262626,4.0,7.0,,0.3842131405418814,0.33877998613199306,2.143662266615765,0.0450917788841351,0.07006071824983451,10.583746333918173,0.15798086727290592,53.97390338138412,20.780945570446722,0.2818509642101125,27.272168938266468,0.623541062361267,0.48012089708392985,4.890083908040604
Marcos Rogerio de Lima,Light Heavyweight,lhw,0.667,0.458,1.1422093663911845,0.525,0.596,0.6713030074961716,0.38887052341597794,0.2222222222222222,2.686914600550964,1.9775482093663912,12.93,0.4444444444444444,0.2222222222222222,0.3333333333333333,1,6,5,0.8781267217630855,41.0,75.0,73.0,Orthodox,wrestler,854,,,,,86.933608815427,11.0,7.0,,0.5913837103418699,0.48575572274337636,8.722363771125169,0.2202148837325143,0.2897675395242254,4.4103521242232055,0.10834031997489638,27.022763277276,4.827917434395493,1.0607055947200612,20.775107348191085,0.582607835982425,0.1619946555352813,3.792612068961853
Misha Cirkunov,Light Heavyweight,lhw,0.769,0.395,2.3256827094474155,0.578,0.519,0.1020107886055931,0.909891265597148,0.07692307692307693,2.6389483065953656,2.2309447415329764,12.47,0.46153846153846156,0.07692307692307693,0.46153846153846156,5,1,1,1.9858110516934042,39.3,77.0,75.0,Orthodox,grappler,1344,,,,,54.26114081996435,6.0,7.0,,0.6406380406360164,0.43176906918919705,7.685971349800288,0.19784373387474055,0.18075962927788974,7.933413947884454,0.20351810085607094,23.88757728697979,2.5512987231495847,1.0130109126931333,20.880628939337285,0.6431658687419626,0.5830788101204952,7.077937813596198
Modestas Bukauskas,Light Heavyweight,lhw,0.821,0.667,0.43150623885918,0.505,0.43,0.181118293676587,0.1436559714795009,0.38461538461538464,2.8989483065953654,3.378003565062389,14.17,0.3076923076923077,0.38461538461538464,0.3076923076923077,4,3,0,0.3340463458110517,32.4,76.0,75.0,Switch,balanced,35,,,,,34.83761140819964,8.0,5.0,,0.6995648359683967,0.37287309700722077,3.1518622433627947,0.0718647457720616,0.11610890510437279,4.581753864613398,0.10457666712652257,35.67043198965941,-6.987400967252891,0.32602468444502836,22.49192391104648,0.6629167085591575,0.49564419925255476,2.114982758615948
Nicolae Negumereanu,Light Heavyweight,lhw,0.625,0.286,1.018260606060606,0.394,0.412,0.17341834062950826,0.1103151515151515,0.5,3.187212121212121,4.2306060606060605,16.15,0.3333333333333333,0.5,0.16666666666666666,1,2,0,1.0858787878787879,31.8,78.0,72.0,Orthodox,balanced,1316,,,,,55.71393939393939,4.0,2.0,,0.7012727341806853,0.3808888732072062,3.6337626306928783,0.07921560135438863,0.18580688934056372,9.597734885492645,0.20074870394477204,34.35989353361463,-12.778581644329915,0.28527644631516885,45.824599561245854,0.5067529713839237,0.3086428840874332,9.723587400522444
Nikita Krylov,Light Heavyweight,lhw,0.532,0.37,1.5482642424242425,0.477,0.544,0.478015984900452,0.8614460606060607,0.19047619047619047,3.3976848484848485,2.209442424242424,17.24,0.47619047619047616,0.19047619047619047,0.3333333333333333,3,5,4,1.4015515151515152,34.3,77.0,75.0,Orthodox,grappler,147,,,,12.0,81.07357575757577,12.0,9.0,,0.6068342168249835,0.4588921434105339,9.634710873482973,0.18940590019244957,0.2702595540730238,11.34146401656712,0.2217916445873132,29.88258527207371,9.46370247740317,1.3400565244720135,26.222895957554478,0.5221428594654391,0.27239686257468226,7.151888182662201
Oluwale Bamgbose,Light Heavyweight,lhw,0.375,0.333,0.8866228956228955,0.554,0.481,0.5630574155142685,0.12257239057239055,0.2,2.349124579124579,2.415117845117845,8.67,0.2,0.2,0.6,3,1,0,0.8587542087542087,38.9,78.0,71.0,Switch,balanced,3108,,,,,31.68215488215488,1.0,4.0,,0.5411373888128901,0.3726143219393179,5.5218445184336815,0.1615623083831831,0.10558473617770772,5.903466112085844,0.17433616677624247,23.590764894899444,4.246020395188982,0.6873441996094469,23.41194823044411,0.6020387571745778,0.37427556921395705,10.427917624512117
Oumar Sy,Light Heavyweight,lhw,0.667,0.35,1.8121784511784513,0.668,0.483,0.19268704514389806,0.30757239057239055,0.4,3.188013468013468,2.342895622895623,16.22,0.4,0.4,0.2,0,1,1,1.71986531986532,30.6,83.0,76.0,Orthodox,wrestler,98,,,,,76.68215488215488,3.0,2.0,,0.5629927531340078,0.3752103759372411,5.5218445184336815,0.11843699128526329,0.2555847361777077,5.347910556530288,0.1131606603952566,36.73891304304759,8.875650024818611,0.5021590144242617,20.07861489711078,0.6938324490545509,0.18909038402877193,3.2056954022898947
Ovince Saint Preux,Light Heavyweight,lhw,0.684,0.283,0.7803939393939394,0.472,0.459,0.30822548951123746,0.2882234848484848,0.32142857142857145,2.6303787878787883,3.137064393939394,12.79,0.39285714285714285,0.32142857142857145,0.2857142857142857,4,6,4,0.8805871212121212,43.2,80.0,75.0,Southpaw,balanced,623,,,,,31.55435606060606,15.0,13.0,,0.6055037914022803,0.3749922104152078,3.627951566508398,0.09111904404151341,0.10512058757566728,4.054503069830595,0.10173932937744493,31.677913379378644,-3.6122583767563246,0.5972134056025226,26.1954975365866,0.5735500712656825,0.3072139285726082,4.682851831894033
Patrick Cummins,Light Heavyweight,lhw,0.286,0.412,3.247153297682709,0.559,0.508,0.1020107886055931,0.14977361853832444,0.38461538461538464,3.556595365418895,2.9344741532976824,18.44,0.15384615384615385,0.38461538461538464,0.46153846153846156,5,2,1,2.6663992869875224,45.6,76.0,74.0,Orthodox,balanced,2590,,,,,92.19055258467024,6.0,7.0,,0.7750087326370809,0.4563057780381106,17.707643176425673,0.3267330812867265,0.30722677754070365,8.876998399208846,0.16625662008563252,26.619947428018662,-4.9481852809783815,0.2527769945644784,34.21155429193446,0.5930150636906838,0.5249432752047747,5.906283186833212
Ryan Spann,Light Heavyweight,lhw,0.581,0.348,0.970630303030303,0.436,0.395,0.640555324160908,0.9783575757575758,0.1875,2.4966060606060605,2.9453030303030303,11.69,0.5,0.1875,0.3125,3,4,2,0.9229393939393941,34.8,79.0,77.0,Orthodox,grappler,56,,,,,53.1869696969697,10.0,6.0,,0.7275536603234254,0.35466068256274746,7.2168813153464395,0.19682584578997625,0.1773393421061793,3.4373289812078602,0.08826908881449129,26.6645621514227,-6.735444668318804,1.6195613000806612,29.350761319084466,0.5316317264428457,0.4543214420437166,7.192562931030453
Soa Palelei,Light Heavyweight,lhw,0.818,0.45,1.5676914600550964,0.484,0.573,0.1576530369359166,0.10028650137741045,0.14285714285714285,2.1601928374655652,2.6287327823691458,8.07,0.5714285714285714,0.14285714285714285,0.2857142857142857,2,4,0,1.244435261707989,48.9,81.0,76.0,Orthodox,balanced,3976,,,,,73.21267217630853,4.0,3.0,,0.7057185852216813,0.48633664851522257,9.80272127265786,0.3562043730247581,0.24405754508815816,5.8664722735247805,0.19196538825933446,16.562140974614696,-3.5987105857544694,0.2593422239228808,24.191594006727005,0.5789715201450518,0.2819830414780861,4.204659874600822
Stanislav Nedkov,Light Heavyweight,lhw,0.0,0.417,1.6520757575757574,0.436,0.435,0.6453443543583138,0.13789393939393937,0.0,2.8465151515151517,3.608257575757576,12.86,0.25,0.0,0.5,1,1,1,1.4023484848484848,44.5,71.0,71.0,Orthodox,wrestler,4165,,,,,64.61742424242425,1.0,2.0,,0.6956385367734756,0.396889841573731,8.218027464190273,0.19981315248663656,0.21543626735336033,11.230685090382288,0.2759358799309651,22.980086697238068,-3.223227055412395,0.7851669864653896,28.62415604496391,0.5886382744786529,0.6412981106037969,6.838550184718988
Tafon Nchukwi,Light Heavyweight,lhw,0.647,0.571,0.914460606060606,0.544,0.544,0.28591834062950827,0.1103151515151515,0.6666666666666666,4.195212121212121,3.246606060606061,24.56,0.0,0.6666666666666666,0.3333333333333333,2,0,0,0.701878787878788,31.7,77.0,72.0,Orthodox,striker,1043,,,,,39.513939393939395,2.0,4.0,,0.549080803973488,0.4148162085051631,4.265493399923647,0.08192007245580629,0.13172996626364064,14.850619500877258,0.22410748257072624,43.61085507207617,4.546418355670084,0.39777644631516884,29.1832534073997,0.6268956102020592,0.39518134562589474,5.422625862060905
Thiago Santos,Light Heavyweight,lhw,0.655,0.333,0.7975930735930736,0.539,0.482,0.6935140690218168,0.08482683982683982,0.2916666666666667,3.1204329004329003,2.278073593073593,15.58,0.4583333333333333,0.2916666666666667,0.25,3,11,3,0.7906709956709956,42.5,76.0,74.0,Orthodox,balanced,1414,,,,,35.904978354978354,14.0,10.0,,0.5284192473149442,0.37874357474042053,11.196557793205812,0.24031555536512225,0.11968426113425763,7.771602829260674,0.16648361048220625,27.704299743786603,4.22193512702503,0.7785761744358686,18.841058547755534,0.6331008981298503,0.19611739787390975,5.814236680059345
Tyson Pedro,Light Heavyweight,lhw,0.5,0.308,0.7731070707070706,0.565,0.595,0.6945595955073914,0.5370101010101009,0.2727272727272727,2.600141414141414,2.271737373737374,12.05,0.5454545454545454,0.2727272727272727,0.18181818181818182,1,4,1,0.7905858585858586,34.8,79.0,75.0,Orthodox,grappler,840,,,,,39.70262626262626,6.0,5.0,,0.5188189614853976,0.45303314038514736,4.068662266615765,0.10222607983825534,0.1324047728307312,6.275413000584839,0.1621876366909834,28.514692855068322,6.944103465183565,1.2322895607013407,21.622607534757694,0.6343494796101304,0.34503317778568415,7.37955759225113
Vinicius Moreira,Light Heavyweight,lhw,0.0,0.0,0.5805757575757575,0.456,0.551,0.2167729257868853,0.13789393939393937,0.0,2.3215151515151513,3.2432575757575757,7.6,0.0,0.0,1.0,3,0,1,1.4473484848484848,37.3,76.0,76.0,Orthodox,balanced,1977,,,,,42.967424242424244,0.0,4.0,,0.36493678238751076,0.3141807279657409,3.503741749904559,0.07759093026441435,0.14324579116288416,4.7163993760965734,0.12856745887833348,26.32294384009521,-6.223227055412395,0.3565955578939611,36.93844175924963,0.5353054980002032,1.4127266820323683,10.181407327576132
Volkan Oezdemir,Light Heavyweight,lhw,0.8,0.294,0.575430303030303,0.554,0.484,0.5667091703147541,0.12395757575757575,0.4375,4.05660606060606,3.49730303030303,21.46,0.375,0.4375,0.1875,2,5,1,0.6109393939393939,36.8,75.0,74.0,Orthodox,striker,210,,,,9.0,33.266969696969696,9.0,7.0,,0.6255878603374417,0.39326104176259885,5.652925271390395,0.09708164507513992,0.11093641170324889,7.440845464724343,0.12411602973536873,47.66060610746665,3.4078520349779,0.6912096517290129,36.18680527512843,0.6118563844734645,0.22223352995580453,2.1525629310304524
Walt Harris,Light Heavyweight,lhw,0.7,0.286,0.409830303030303,0.547,0.392,0.886709170314754,0.14395757575757576,0.125,2.5046060606060605,2.6573030303030305,11.74,0.375,0.125,0.375,5,6,1,0.42693939393939395,43.0,77.0,77.0,Southpaw,balanced,1841,,,,,20.7869696969697,6.0,9.0,,0.6675088321647005,0.3487239587169686,8.423718922184046,0.2304054572792673,0.0693279460947833,3.9843375282164066,0.10356047184620305,25.02695531381586,-3.91151304438718,1.0315271120464735,24.02426559258874,0.6266439047760025,0.26286845059072517,8.037007375474897
William Knight,Light Heavyweight,lhw,0.45,0.36,1.3265096418732782,0.373,0.483,0.35860997473495965,0.40192286501377406,0.7142857142857143,2.300192837465565,3.0232782369146007,9.16,0.14285714285714285,0.7142857142857143,0.14285714285714285,1,1,0,1.2380716253443527,38.2,73.0,70.0,Orthodox,balanced,1218,,,,,43.49449035812672,3.0,4.0,,0.5599419243410021,0.4005651203166661,5.4620514161985305,0.16249037352563467,0.14498577475322993,5.471256962519996,0.16128670055585337,23.381279730595555,-13.124069437429108,0.7617345684204885,21.016474389502118,0.5535457020061102,0.25518878310488036,4.7807364296247465
Zac Pauga,Light Heavyweight,lhw,1.0,0.077,0.7470757575757575,0.587,0.629,0.2167729257868853,0.13789393939393937,0.5,3.506515151515152,2.7132575757575754,19.44,0.0,0.5,0.5,2,0,0,1.2673484848484848,38.3,76.0,74.0,Orthodox,balanced,861,,,,,65.81742424242424,1.0,3.0,,0.5608766320115709,0.45022870776372076,3.8370750832378926,0.08330521597870007,0.21943097634806932,11.68306604276324,0.21593587993096508,36.789610506761875,5.943439611254271,0.3565955578939611,26.838441759249626,0.6209219363563676,0.5460600153657017,3.4814073275761315
Zhang Mingyang,Light Heavyweight,lhw,1.0,0.0,0.51606734006734,0.366,0.616,0.8167729257868853,0.12257239057239055,0.0,3.988013468013468,3.1984511784511778,23.4,0.6,0.0,0.4,2,3,0,0.48653198653198654,27.8,75.0,74.0,Orthodox,striker,21,,,,,42.45993265993266,3.0,2.0,,0.61999751113245,0.467775499207571,12.803741749904558,0.21006956274304683,0.1445791244962175,5.616399376096574,0.10585040984549499,39.822943840095206,9.076772944587605,0.9565955578939611,32.43844175924963,0.5037660328990943,0.5127266820323684,12.881407327576131
Ailin Perez,Women's Bantamweight,wbw,0.727,0.492,3.5540557184750736,0.565,0.563,0.14835288948656675,0.25151612903225806,0.7142857142857143,3.0981231671554244,2.1578299120234607,14.22,0.14285714285714285,0.7142857142857143,0.14285714285714285,0,0,1,2.4755425219941345,31.7,66.0,65.0,Switch,wrestler,112,6.0,Argentina,"CABA, Argentina",5.0,110.04926686217009,6.0,1.0,,0.5937801296636152,0.4541145841443775,11.623413820166833,0.2621072330375071,0.363846053202739,7.687083872360585,0.1693710812572834,27.25962509588236,3.437829197230461,0.37547354201998,18.045122396958934,0.6751493047847585,0.03621123496172602,4.1512758805898615
Bia Mesquita,Women's Bantamweight,wbw,0.0,0.75,2.037658986175115,0.806,0.6,0.0775358529475946,1.0853824884792627,0.0,3.5673364055299532,2.006304147465438,18.0,1.0,0.0,0.0,0,0,0,1.1801382488479264,35.2,,,Orthodox,grappler,0,3.0,Brazil,Brazil,12.0,97.93456221198156,3.0,0.0,,0.7152606775314426,0.4503500746999662,19.33736978141697,0.358881586186047,0.3014955419827993,5.537431543772183,0.1099928156383529,28.725979342450998,1.5249090838114014,0.9661459381477412,21.443835505535827,0.6983472021412328,0.06638726409649771,3.3328946699703024
Irene Aldana,Women's Bantamweight,wbw,0.778,0.5,0.4036451612903226,0.563,0.399,0.19251195098253154,0.2552043010752688,0.7142857142857143,4.7314086021505375,5.761340501792115,25.36,0.2857142857142857,0.7142857142857143,0.0,0,3,0,0.3150537634408603,38.2,68.0,69.0,Orthodox,striker,644,-1.0,Mexico,"Culiacán, Mexico",6.0,20.896774193548385,8.0,6.0,,0.6761006292519173,0.3508008481084397,4.779123260472324,0.07025607153283232,0.06790592140167385,4.901366070146283,0.07683119937032212,61.35310422526144,-16.93614141650731,0.43315975716035815,52.81461183517861,0.6490740577152133,0.07768464358772147,4.49985377887899
Jacqueline Cavalcanti,Women's Bantamweight,wbw,0.857,0.0,0.5263612903225806,0.686,0.468,0.04652151176855676,0.15976774193548388,1.0,4.597135483870967,3.071212903225807,26.5,0.0,1.0,0.0,0,0,0,0.49309677419354847,28.8,70.0,68.0,Orthodox,striker,35,-1.0,Brazil,Brazil,10.0,33.034193548387094,5.0,1.0,,0.5346071402714861,0.3482398755235431,2.402421868850184,0.04495858134125779,0.1068973251896796,5.62245892626331,0.09492650699307463,61.035587605470596,21.314945450286842,0.17968756288864468,25.466301303321494,0.7334227356991541,0.03983235845789863,2.2997368019821813
Joselyne Edwards,Women's Bantamweight,wbw,0.62,0.368,1.2540360531309298,0.5,0.531,0.09483964360088115,0.49851043643263765,0.6923076923076923,4.198314990512334,3.130713472485769,22.0,0.3076923076923077,0.6923076923076923,0.0,0,2,0,1.1077039848197345,30.7,70.0,68.0,Orthodox,balanced,56,5.0,Panama,Panama,3.0,60.44364326375711,9.0,4.0,,0.4347437112198982,0.39565091089293614,5.25921009586343,0.08471926615544262,0.19954744619000764,5.597986219601254,0.09402703338981817,52.17837333193773,18.453428119545897,0.5780169055054312,24.218931562507457,0.6334529155910973,0.09090484753578813,4.3475960426884805
Julianna Peña,Women's Bantamweight,wbw,0.241,0.545,1.5559758064516127,0.572,0.445,,0.6451048387096774,0.4166666666666667,3.126709677419355,2.653008064516129,14.94,0.3333333333333333,0.4166666666666667,0.25,0,2,3,1.0169354838709679,36.8,69.0,66.0,Orthodox,balanced,378,-1.0,United States,"Spokane, United States",1.0,79.40887096774193,8.0,4.0,,,,,,,,,,,,,,,
Karol Rosa,Women's Bantamweight,wbw,0.704,0.483,1.20203605313093,0.497,0.56,0.15407594485534798,0.2216869070208729,1.0,5.332373814041746,4.26477229601518,29.42,0.0,1.0,0.0,0,0,0,0.8706451612903227,31.5,67.0,65.0,Orthodox,balanced,0,-1.0,Brazil,"Vila Velha, Brazil",11.0,83.53776091081595,8.0,5.0,,0.5885524676405485,0.4405162628974594,7.7515136680313645,0.09892064308332861,0.2756997171324386,9.076536828914568,0.12056741917882993,62.70974225341912,9.259340906429276,0.36230472680540293,37.228938314575934,0.6140463155932493,0.08739522403618664,2.4998355012388633
Kayla Harrison,Women's Bantamweight,wbw,1.0,0.375,1.8538018433179724,0.66,0.621,0.06645930252650965,0.5955253456221198,0.3333333333333333,3.6899078341013825,2.2634470046082953,19.43,0.6666666666666666,0.3333333333333333,0.0,0,0,0,1.5915668202764977,36.0,66.0,68.0,Southpaw,wrestler,378,3.0,United States,"Middletown, United States",,110.10599078341014,3.0,0.0,,0.6489115798075298,0.45744292117139956,16.65652103713291,0.29111730107574646,0.3623703285022634,9.154533159967993,0.1699098083622857,29.68349249761106,3.123391459593446,0.6240434571878597,21.380430433316423,0.6706384539656681,0.05690336922556947,3.7751342069133207
Luana Santos,Women's Bantamweight,wbw,0.857,0.474,1.8002375366568915,0.64,0.527,0.04652151176855676,0.879607038123167,0.5714285714285714,3.1095777126099704,2.9494662756598236,14.31,0.42857142857142855,0.5714285714285714,0.0,0,1,0,1.3173607038123167,26.2,67.0,66.0,Orthodox,wrestler,0,3.0,Brazil,Brazil,9.0,114.758357771261,6.0,1.0,,0.5918804208557832,0.4114666892250499,2.679344945773261,0.0514101942444836,0.3709998892922437,5.537843541647925,0.1176085926088182,38.89712606700906,3.9764839118253024,0.871995255196337,28.743224380244573,0.6764795856525557,0.03983235845789863,3.2458906481360272
Macy Chiasson,Women's Bantamweight,wbw,0.625,0.358,1.5959784946236557,0.449,0.461,0.16310018627664918,0.36331541218637997,0.5,3.028853046594982,2.6393405017921148,14.41,0.35714285714285715,0.5,0.14285714285714285,1,3,1,1.4506093189964158,34.9,72.0,71.0,Orthodox,balanced,112,-3.0,United States,United States,8.0,87.47455197132616,8.0,6.0,,0.5588787796357013,0.3560416874562269,8.403306267008272,0.1884690531260956,0.2898340259768373,12.139928161649552,0.27475950997468906,24.95114344094772,0.5605906096364802,0.5115911297093778,24.31461183517861,0.5533842525655961,0.09075653901255806,4.748219791950884
Michelle Montague,Women's Bantamweight,wbw,0.0,0.538,2.0439354838709676,0.417,0.485,0.0775358529475946,0.26627956989247314,1.0,3.2842258064516123,2.9630215053763447,13.83,0.0,1.0,0.0,0,0,0,1.4351612903225808,32.6,68.0,69.0,Southpaw,wrestler,56,2.0,New Zealand,"Matamata, New Zealand",14.0,117.59032258064515,2.0,0.0,,0.7016506819937364,0.41418344463920037,12.170703114750305,0.27171811749647384,0.38649554198279934,5.70409821043885,0.11400887989538101,31.55931267578433,-4.9750909161885986,0.29947927148107445,27.443835505535827,0.5929832174669033,0.06638726409649771,3.6662280033036354
Miesha Tate,Women's Bantamweight,wbw,0.587,0.253,1.2996451612903224,0.52,0.46,0.0788755873461679,0.7249820788530467,0.5714285714285714,2.9720752688172043,3.0118960573476707,14.05,0.21428571428571427,0.5714285714285714,0.21428571428571427,1,1,2,1.5594982078853046,39.8,65.0,66.0,Orthodox,balanced,413,-1.0,United States,"Tacoma, United States",15.0,83.74121863799283,7.0,7.0,,0.6343809114485127,0.3933048584393943,7.433163664512727,0.16970910038556034,0.27720726820302066,7.307931726711939,0.1662939015090806,29.898558770715983,-2.2593737397396336,0.7892203632209641,30.67824819881497,0.6023679465842314,0.07515939106246892,4.45187398089919
Nora Cornolle,Women's Bantamweight,wbw,0.476,0.111,0.6463612903225806,0.562,0.551,0.16652151176855678,0.2797677419354839,0.5,2.8973354838709673,2.388412903225807,12.33,0.3333333333333333,0.5,0.16666666666666666,0,1,1,0.7870967741935484,36.5,67.0,67.0,Orthodox,balanced,119,-2.0,France,"Epinay sur Seine, France",13.0,49.174193548387095,3.0,3.0,,0.47702427438673356,0.37874186138592353,2.642421868850184,0.05144506782774427,0.16063065852301292,12.44245892626331,0.3124821758694982,28.4755876054706,2.434945450286841,0.4196875628886447,22.706301303321496,0.630213995043605,0.03983235845789863,5.239736801982182
Norma Dumont,Women's Bantamweight,wbw,0.719,0.548,1.391725806451613,0.643,0.51,0.15407594485534798,0.09985483870967743,0.9166666666666666,3.748459677419355,2.536008064516129,19.08,0.0,0.9166666666666666,0.08333333333333333,1,0,0,0.9119354838709678,35.7,67.0,67.0,Orthodox,balanced,56,-1.0,Brazil,"Belo Horizonte, Brazil",4.0,71.45887096774194,9.0,3.0,,0.6010405609641503,0.40320223818781176,3.876513668031365,0.06958382949549136,0.23625527268799418,7.701536828914568,0.13950058097355267,44.70974225341912,13.821840906429276,0.23730472680540293,21.166438314575934,0.7103931930887926,0.14989522403618663,1.8123355012388633
Raquel Pennington,Women's Bantamweight,wbw,0.625,0.276,0.9012875175315568,0.611,0.492,0.06223116576525313,0.5733772791023842,0.7894736842105263,3.9568415147265075,3.2638751753155684,20.22,0.15789473684210525,0.7894736842105263,0.05263157894736842,1,0,0,0.9952594670406733,37.8,67.0,67.0,Orthodox,striker,623,-1.0,United States,"Colorado Springs, United States",2.0,68.21921458625526,13.0,6.0,,0.5822512294662934,0.37781341309052824,5.286977820649675,0.08948416033387534,0.22589984416254796,16.48213026270844,0.27658910945513066,37.62932696184794,3.0801899894393783,0.6241825070775979,28.64562842222526,0.6889088180154437,0.01731841672082549,1.6255303707954953
Yana Santos,Women's Bantamweight,wbw,0.516,0.471,0.8914758064516128,0.528,0.579,0.09938844485534798,0.17035483870967744,0.75,4.058959677419354,3.0482580645161295,21.16,0.0,0.75,0.25,3,0,0,0.6644354838709678,36.6,68.0,66.0,Orthodox,striker,259,3.0,Russia,Russia,7.0,81.58387096774194,7.0,5.0,,0.4016443033931815,0.36976000531550246,3.962451168031365,0.06687311629249587,0.26998791157688307,20.42809932891457,0.3303905850372036,36.56130475341912,8.056215906429276,0.25292972680540293,28.760188314575934,0.6170158597176909,0.16552022403618663,7.718585501238863
Amanda Nunes,Women's Bantamweight,wbw,0.812,0.567,2.2241642228739007,0.593,0.52,0.43894111269944064,0.5946217008797654,0.3333333333333333,3.8751524926686214,2.3208240469208214,19.74,0.5555555555555556,0.3333333333333333,0.1111111111111111,1,7,1,1.3641348973607037,38.1,69.0,68.0,Orthodox,balanced,1106,2.0,,,,86.0882697947214,16.0,2.0,,0.6637775550355692,0.4544499577705793,14.461449011953176,0.24614104794508584,0.28552070551819736,3.2336128581661074,0.059092868214848604,40.47845858275742,12.872363986107171,1.0217148496689197,23.22742902568772,0.6566133849208478,0.01810561748086301,3.885760441906794
Chelsea Chandler,Women's Bantamweight,wbw,0.286,0.6,1.0171612903225806,0.403,0.451,0.05169056863172974,0.15976774193548388,0.5,3.4241354838709674,3.7936129032258066,16.73,0.3333333333333333,0.5,0.16666666666666666,1,1,0,0.6970967741935484,35.6,68.0,68.0,Southpaw,balanced,14,1.0,,,,75.4541935483871,3.0,3.0,,0.6534373384294427,0.3861083787661934,7.820872783570912,0.15261098409898208,0.24692295391445881,9.600711938272363,0.19108216694730773,34.19105693537137,-8.064202024933813,0.19965284765404964,31.204981246114787,0.5707316967178406,0.19577332757948332,3.888596446646868
Daria Zhelezniakova,Women's Bantamweight,wbw,0.5,1.0,0.8079516129032258,0.641,0.402,0.05815188971069595,0.19970967741935486,0.75,3.791419354838709,3.2555161290322583,20.2,0.0,0.75,0.25,0,0,1,0.5838709677419356,30.4,68.0,69.0,Orthodox,striker,63,-1.0,,,,37.817741935483866,2.0,2.0,,0.63944330792856,0.3595155001917119,3.15302733606273,0.05867347420132472,0.12195498982043283,6.103073657829137,0.11467282955054686,47.74448450683825,9.043681812858551,0.22460945361080584,33.03287662915187,0.6625773273399488,0.04979044807237328,4.2996710024777265
Hailey Cowan,Women's Bantamweight,wbw,1.0,0.385,1.6703732718894009,0.38,0.439,0.06645930252650965,0.22823963133640554,0.3333333333333333,3.212050691244239,3.255161290322581,13.86,0.0,0.3333333333333333,0.6666666666666666,1,0,1,1.4072811059907835,34.4,67.0,68.0,Southpaw,wrestler,77,-3.0,,,,90.52027649769585,0.0,3.0,,0.5950802534625588,0.3721654790299366,4.53407205754108,0.09073611767455089,0.2970642060532838,8.970859690580237,0.19589958571652635,34.8263496404682,-1.1010983363249212,0.25669651841234953,29.094716147602135,0.567748031187411,0.24057683861332455,3.2241137987500545
Holly Holm,Women's Bantamweight,wbw,0.763,0.3,0.9175806451612903,0.55,0.408,0.11053348315700565,0.12388387096774194,0.625,3.050167741935484,2.8238064516129033,14.64,0.125,0.625,0.1875,1,2,2,0.9415483870967742,44.7,69.0,68.0,Southpaw,balanced,798,-1.0,,,,68.32709677419355,8.0,7.0,,0.49479214390815607,0.2993963800571086,3.470301843516001,0.07415630930416926,0.22618805653423374,5.763047644949836,0.12641399375982884,36.57415743909893,5.842927270597966,0.22075287235341326,23.325877924388017,0.6530339122310469,0.06355254286531295,3.7489593100819993
Irina Alekseeva,Women's Bantamweight,wbw,0.5,0.2,0.8244516129032258,0.455,0.382,0.22481855637736262,0.36620967741935484,0.5,3.2714193548387094,3.8055161290322586,15.0,0.25,0.5,0.25,0,0,1,0.8138709677419356,36.0,67.0,68.0,Orthodox,balanced,252,-3.0,,,,44.317741935483866,1.0,3.0,,0.5521862488893228,0.3352786284972131,3.3363606693960635,0.06360563408397965,0.14362165648709949,5.48640699116247,0.11212424135839431,40.37781784017158,-2.856318187141449,0.5579427869441391,39.99954329581853,0.569579892192857,0.04979044807237328,10.166337669144394
Julia Avila,Women's Bantamweight,wbw,0.526,0.375,0.8635612903225807,0.555,0.424,0.15902151176855678,0.2725677419354839,0.5,2.9093354838709673,3.0322129032258065,12.44,0.3333333333333333,0.5,0.16666666666666666,0,1,1,0.7270967741935485,38.1,68.0,67.0,Orthodox,balanced,490,-2.0,,,,57.69419354838709,3.0,3.0,,0.5930313367254542,0.3479686655096349,3.414921868850184,0.07209425973321759,0.18910565852301292,7.034958926263309,0.16549317682019765,33.2980876054706,-0.49755454971315904,0.4046875628886447,33.191301303321495,0.6092043997161122,0.03983235845789863,8.299736801982181
Ketlen Vieira,Women's Bantamweight,wbw,0.9,0.426,1.3065059422750425,0.505,0.402,0.024485006193977244,0.49619354838709684,0.8666666666666667,2.8774397283531408,3.610480475382004,13.5,0.06666666666666667,0.8666666666666667,0.06666666666666667,1,0,0,1.0300509337860781,34.8,68.0,68.0,Orthodox,balanced,35,1.0,,,,89.76536502546689,10.0,5.0,,0.7290500283483476,0.3572927576179642,3.2724417158708063,0.07324288415367496,0.2974554953324782,6.845916597346822,0.16059269692927391,33.097677687089785,-6.525314751565278,0.5064717150214835,25.557778717995294,0.6626266267306767,0.07245181337601071,5.480410673812133
Lauren Murphy,Women's Bantamweight,wbw,0.673,0.246,1.1194006791171476,0.568,0.385,0.07711658514134567,0.2419830220713073,0.7333333333333333,3.7774397283531407,4.665217317487267,19.2,0.2,0.7333333333333333,0.06666666666666667,1,2,0,1.361629881154499,42.9,67.0,65.0,Orthodox,balanced,343,-2.0,,,,55.34431239388795,8.0,7.0,,0.7149068806239643,0.33951188846164926,6.896011509921149,0.12143287906849826,0.18286993723433428,8.538136276980689,0.15260738037702373,41.28188821340558,-18.202660289322715,0.305098717309813,44.92963226490605,0.6438937339790453,0.020964399188367698,3.5788088431485163
Luana Carolina,Women's Bantamweight,wbw,0.653,0.429,0.6052580645161291,0.521,0.507,0.1097602635081528,0.4969769585253457,0.7,4.0936682027649764,3.3002949308755762,21.57,0.1,0.7,0.2,1,1,1,0.4836405529953917,33.0,69.0,66.0,Orthodox,striker,266,-1.0,,,,54.110138248847925,6.0,4.0,,0.5512317651945434,0.3878607982246394,4.930301334892988,0.08178214655879813,0.17812393976133575,12.475225763657464,0.20324195410044835,44.076440126356545,9.092307974694682,0.5875319326755625,28.812664196250044,0.6225197865212149,0.10498229685768269,4.795730368762783
Mayra Bueno Silva,Women's Bantamweight,wbw,0.633,0.238,0.626089605734767,0.516,0.569,0.02584528431586487,0.955204301075269,0.5714285714285714,3.311964157706093,4.096118279569893,16.23,0.2857142857142857,0.5714285714285714,0.07142857142857142,1,0,0,0.7039426523297492,34.8,66.0,66.0,Orthodox,balanced,56,-5.0,,,,44.23010752688171,5.0,7.0,,0.5073082453186881,0.4319324830173353,3.201345482694547,0.06331814769350003,0.14560962510537756,11.57914384792406,0.2365860246181051,34.95310422526145,-8.91391919428509,0.9664930904936916,37.28127850184527,0.6172531658951694,0.022129088032165904,9.244298223323433
Melissa Croden,Women's Bantamweight,wbw,0.667,0.5,1.6090875576036865,0.594,0.473,0.20931644538365252,0.3709539170506913,0.6666666666666666,3.8339078341013817,2.7395898617511523,21.11,0.3333333333333333,0.6666666666666666,0.0,0,1,0,1.1801382488479264,35.2,,,,balanced,63,1.0,,,,72.39170506912443,2.0,1.0,,0.6454949499977111,0.4008395901838321,8.860602669785978,0.14994083048751114,0.2366787185249391,9.603512751804727,0.17097128558475364,39.193696579243706,7.878493500409772,0.5424108041266352,25.951859004744993,0.6531148061364177,0.05690336922556947,2.856766859974545
Melissa Mullins,Women's Bantamweight,wbw,0.857,0.429,1.5848458781362007,0.529,0.505,0.05815188971069595,0.17751971326164875,0.4,3.407928315412186,3.593792114695341,16.5,0.2,0.4,0.4,1,1,1,1.2523297491039427,34.9,68.0,67.0,Orthodox,balanced,0,-2.0,,,,96.06021505376344,2.0,3.0,,0.70942530612838,0.42237521544868745,8.70302733606273,0.1713497418280874,0.30795498982043285,5.053073657829136,0.10067642991058287,37.69448450683825,-7.156318187141449,0.22460945361080584,32.132876629151866,0.625596559798015,0.34979044807237325,3.0996710024777268
Montse Rendon,Women's Bantamweight,wbw,0.857,0.375,1.5579516129032258,0.573,0.276,0.05815188971069595,0.3497096774193549,0.75,3.161419354838709,3.325516129032258,13.9,0.0,0.75,0.25,0,0,1,1.3338709677419356,37.3,68.0,68.0,Orthodox,balanced,98,-1.0,,,,71.81774193548387,2.0,2.0,,0.6420610157425068,0.30323913377383604,4.95302733606273,0.1029608166046298,0.23528832315376616,4.603073657829137,0.0932859786352395,37.99448450683825,-3.7063181871414486,0.37460945361080583,30.03287662915187,0.6583757862213092,0.04979044807237328,4.2996710024777265
Priscila Cachoeira,Women's Bantamweight,wbw,0.696,0.4,0.465089605734767,0.458,0.443,0.28226755594228825,0.08875985663082438,0.2857142857142857,3.7887419354838707,5.864007168458781,19.3,0.2857142857142857,0.2857142857142857,0.42857142857142855,1,4,5,0.38505376344086023,37.8,65.0,67.0,Orthodox,balanced,14,-3.0,,,,20.35232974910394,5.0,9.0,,0.7108268902396047,0.3863910408269051,3.367437700630827,0.06020483332820967,0.06869777298739323,5.523015054664691,0.10046714933786736,47.942502513021914,-14.56637195734761,0.36060052718939883,67.45730142025447,0.5267013296839363,0.27833275987719525,19.44428962208102
Tainara Lisboa,Women's Bantamweight,wbw,0.533,0.316,1.4759516129032257,0.456,0.443,0.05815188971069595,0.33620967741935487,0.25,2.753419354838709,3.014516129032258,9.82,0.25,0.25,0.5,1,0,1,1.3988709677419355,35.3,67.0,67.0,Orthodox,balanced,245,-2.0,,,,66.86774193548386,2.0,2.0,,0.6012603229633968,0.36408317231257553,3.2757546087900025,0.0654574859358315,0.21877317163861465,9.743982748738228,0.2723094265435795,28.40812087047461,-4.810863641686903,0.3609730899744422,31.01469481097005,0.5654270682725913,0.18615408443600964,6.86330736611409
Alexia Thainara,Women's Strawweight,wsw,1.0,0.522,3.1437238095238094,0.449,0.46,0.06549147267187246,1.2003714285714284,0.6666666666666666,3.747628571428571,2.9249428571428573,18.29,0.3333333333333333,0.6666666666666666,0.0,0,0,0,2.1941904761904762,30.6,67.0,64.0,Orthodox,grappler,84,3.0,Brazil,"Paracambi, Brazil",14.0,123.33047619047618,3.0,0.0,,0.577822360270276,0.38787496948710637,8.486317270197562,0.1636482545111316,0.41164237285383126,8.548507065025408,0.1517705107743074,38.62336724028809,5.049457520746763,1.269977004115964,23.624650650963122,0.6205596494067479,0.06439951171953877,3.6752834543303843
Amanda Lemos,Women's Strawweight,wsw,0.63,0.647,1.0701087719298246,0.453,0.553,0.41886527940542667,0.6304526315789474,0.4666666666666667,2.7548631578947367,2.871136842105263,12.36,0.3333333333333333,0.4666666666666667,0.2,1,3,2,0.6599649122807016,39.1,65.0,64.0,Southpaw,balanced,98,-2.0,Brazil,"belem, Brazil",7.0,51.105964912280704,9.0,6.0,,0.6417147134526209,0.4573248429355854,6.632177039396094,0.16960640157329093,0.1704860371165744,5.5441868134304135,0.13290853974712805,28.943947329128694,3.9242362294480557,1.0505930315915954,25.023367533061602,0.5531637135313097,0.08951560958088271,8.25254803956533
Amanda Ribas,Women's Strawweight,wsw,0.824,0.524,1.829121568627451,0.602,0.4,0.09251329546993069,0.5091529411764706,0.46153846153846156,3.8954352941176467,3.137564705882353,19.6,0.23076923076923078,0.46153846153846156,0.3076923076923077,3,1,1,1.240549019607843,32.8,66.0,64.0,Orthodox,balanced,329,-3.0,Brazil,"Varginha, Brazil",10.0,72.35960784313725,7.0,6.0,,0.6134788607458297,0.3384153091291928,5.601928959997316,0.10091629164486829,0.24143257369611537,4.2914020687919745,0.07367187169766971,48.30878146869005,11.95145729845875,0.6036039764847247,31.418553629388178,0.6511887166621889,0.15760988297695294,5.985620918169654
Angela Hill,Women's Strawweight,wsw,0.727,0.304,0.8472666666666667,0.603,0.502,0.1069402589090068,0.18245882352941176,0.8333333333333334,5.103305882352941,4.7624,26.38,0.1,0.8333333333333334,0.06666666666666667,0,2,2,0.876156862745098,41.4,64.0,63.0,Orthodox,striker,21,1.0,United States,"Clinton, United States",12.0,45.4121568627451,14.0,16.0,,0.5983315305879723,0.4096079513241789,3.2763693114526533,0.04792290205306003,0.15177983955196708,16.96839989436368,0.21914148651220478,56.112468783081226,-0.623478962367697,0.29169616613918975,44.91488005914242,0.6750536478971321,0.07569258804746008,4.275709477325493
Denise Gomes,Women's Strawweight,wsw,0.659,0.345,1.5480888888888888,0.457,0.514,0.3382033590585922,0.6644666666666666,0.625,3.6451999999999996,2.9768000000000003,17.8,0.375,0.625,0.0,0,3,0,1.424111111111111,26.5,63.0,62.0,Orthodox,balanced,224,4.0,Brazil,"Santana do Livramento, Brazil",13.0,76.33444444444444,6.0,2.0,,0.5282205809441779,0.39497501758209747,7.271780312377149,0.14026631559965824,0.2546167809901317,11.83662912126482,0.2179291579704059,35.24458327112043,3.888374029959422,1.00510563335336,22.545331927347533,0.609204926832322,0.03756638183639762,4.608201062645105
Fatima Kline,Women's Strawweight,wsw,0.5,0.583,1.7766333333333333,0.574,0.505,0.19366867495152476,0.24669999999999997,0.5,4.2802999999999995,3.0272000000000006,23.73,0.5,0.5,0.0,0,2,0,1.2311666666666667,25.9,67.0,66.0,Orthodox,balanced,217,3.0,United States,"Holbrook, United States",11.0,69.15166666666667,3.0,1.0,,0.6722761983782539,0.4245165572479318,9.95312501402027,0.1619040581857459,0.23087971693974302,8.468580045533596,0.13257844141985614,45.29869308849884,9.746197408575496,0.4440220863936763,26.549816072839484,0.6469615974452723,0.05634957275459643,3.639574321240385
Gillian Robertson,Women's Strawweight,wsw,0.389,0.409,2.3848777777777777,0.56,0.485,0.019101679529296135,0.7489,0.4,2.7101,2.7667333333333333,12.44,0.5,0.4,0.1,1,3,1,1.9537222222222221,31.1,63.0,65.0,Orthodox,wrestler,98,5.0,Canada,"Niagara Falls, Canada",5.0,125.3338888888889,14.0,6.0,,0.663137176507402,0.43004572989093653,15.524779045077464,0.4087333450657467,0.41791950160617697,2.4794256717435217,0.05352049123774442,22.48340274667133,-6.705812985020288,0.7692194833433467,30.23377707478488,0.614595732832483,0.01878319091819881,7.915211642433664
Jéssica Andrade,Women's Strawweight,wsw,0.75,0.541,1.8478549019607844,0.542,0.487,,0.30598823529411767,0.4,5.478305882352941,4.814458823529412,28.5,0.3,0.4,0.3,4,6,5,1.1849803921568627,34.7,62.0,61.0,Orthodox,balanced,308,-3.0,Brazil,"Umuarama, Brazil",9.0,61.382745098039216,17.0,13.0,,,,,,,,,,,,,,,
Loopy Godinez,Women's Strawweight,wsw,0.766,0.426,2.6569508771929824,0.624,0.494,0.08189480443751912,0.7394000000000001,0.8,4.219336842105263,3.7774526315789476,21.63,0.13333333333333333,0.8,0.06666666666666667,0,0,1,2.09680701754386,32.8,61.0,62.0,Orthodox,balanced,70,-1.0,Mexico,"Aguascalientes, Mexico",6.0,79.29017543859649,9.0,6.0,,0.7449144238365955,0.43728139847859826,4.554192443760664,0.07751530586599516,0.2644580097310374,6.985136749245561,0.11100532776939859,51.5434338503097,2.1623620317587102,0.8227368056609152,36.50924686553914,0.6789132697906775,0.02372613589667218,2.1710332770492835
Mackenzie Dern,Women's Strawweight,wsw,0.379,0.184,1.0440533333333333,0.52,0.416,0.12504967500962344,0.91548,0.625,3.43912,3.7348799999999995,16.72,0.3125,0.625,0.0625,1,0,0,1.570466666666667,33.2,63.0,64.0,Orthodox,balanced,238,3.0,United States,United States,,78.64066666666666,11.0,5.0,,0.7261126670615178,0.3674017920697392,8.20562137891565,0.1643667825267332,0.26229772816854713,5.676020025950382,0.10891742845294143,37.50632443075737,-7.357613879896687,1.0422123161822285,30.504645964919156,0.6443769925751064,0.3289228078252428,2.9564099992891903
Mizuki,Women's Strawweight,wsw,0.808,0.333,1.1971333333333334,0.498,0.528,0.1823050385878884,0.24669999999999997,1.0,4.1328,4.070200000000001,22.25,0.0,1.0,0.0,0,0,0,1.0611666666666666,31.8,65.0,63.0,Orthodox,striker,238,2.0,Japan,"Fukuoka, Japan",15.0,80.15166666666667,3.0,1.0,,0.6827803096185139,0.4374323669591005,7.0326704685657235,0.12425715130210907,0.26764739370741975,13.229943681897232,0.20797987927770623,41.24187490668065,-1.1174389550608674,0.43265845003003994,33.492997891021304,0.6247783864653809,0.18134957275459643,4.037301593967658
Tabatha Ricci,Women's Strawweight,wsw,0.654,0.375,2.198471111111111,0.579,0.374,0.030562687246873815,0.20490666666666665,0.7272727272727273,3.8188266666666664,4.31364,19.1,0.18181818181818182,0.7272727272727273,0.09090909090909091,1,1,0,1.9279555555555556,31.3,61.0,61.0,Orthodox,balanced,77,-1.0,Brazil,"State of São Paulo, Brazil",8.0,75.62755555555556,7.0,4.0,,0.6458902544553901,0.3287019234247555,7.390757583235054,0.13457253767820232,0.25231564701432757,5.049303297011858,0.08792647832643945,44.58233328356302,-10.089300776032463,0.23741784001602131,41.049598875211366,0.6503098124906889,0.10338643880245144,2.753227516782751
Tatiana Suarez,Women's Strawweight,wsw,0.571,0.459,3.3840761904761902,0.441,0.601,0.03274573633593623,0.5695428571428571,0.4,2.935885714285714,2.0486857142857144,12.92,0.6,0.4,0.0,0,1,0,2.5063809523809524,35.5,66.0,65.0,Southpaw,wrestler,70,2.0,United States,"Bellflower, United States",2.0,134.7152380952381,9.0,1.0,,0.5355318678839217,0.47101754753790176,16.94724026775184,0.4269683527089051,0.44919533608677964,6.717110675369847,0.15351096027437175,20.095357089531802,0.16146345425093292,0.6043762571600227,18.467427366297887,0.5318998957210354,0.032199755859769384,4.721315196552948
Virna Jandiroba,Women's Strawweight,wsw,0.727,0.391,2.6810039215686277,0.555,0.413,0.09069256717861415,1.1354470588235295,0.6923076923076923,2.5671411764705883,2.919623529411765,10.92,0.3076923076923077,0.6923076923076923,0.0,0,1,0,2.280549019607843,38.1,64.0,63.0,Orthodox,grappler,77,1.0,Brazil,"State of Bahia, Brazil",3.0,111.43607843137254,9.0,4.0,,0.7551632335134755,0.3820356358581322,3.6428253185407327,0.09518379144740655,0.37159441621089906,5.245463693441835,0.13472399156415502,29.393235250202657,-3.5993830376757026,1.2281137804062932,29.344744105578652,0.6242362435942127,0.026517446002163023,5.213632122651447
Yan Xiaonan,Women's Strawweight,wsw,0.649,0.733,1.0177686274509803,0.603,0.451,0.14167295933547688,0.1160941176470588,0.8461538461538461,4.400141176470588,3.233917647058824,22.9,0.07692307692307693,0.8461538461538461,0.07692307692307693,1,1,0,0.6134901960784314,37.0,63.0,65.0,Orthodox,striker,434,-1.0,China,"Liaoning, China",4.0,34.20078431372549,9.0,4.0,,0.6442410720558059,0.3807834321902874,4.700668455795634,0.07799857808408527,0.11413635520872042,5.889091144422227,0.09114492454950289,55.1829411325556,19.45649931526547,0.2594863294259011,32.75405783106885,0.6535601079999663,0.026517446002163023,7.730788985396545
Zhang Weili,Women's Strawweight,wsw,0.636,0.448,1.7740627450980393,0.531,0.527,0.1870217965447792,0.4365058823529412,0.6153846153846154,4.202082352941176,2.6818,21.6,0.3076923076923077,0.6153846153846154,0.07692307692307693,1,2,0,1.3552549019607842,36.9,63.0,64.0,Switch,balanced,217,-1.0,China,"Hebei, China",1.0,77.63607843137254,10.0,3.0,,0.5952627783725452,0.44328609885547854,17.342323722553502,0.27574676512289553,0.25887769127803184,6.306567204613746,0.10103979257046293,39.15212717906723,7.404378932228538,0.6249446057596905,22.383845792765154,0.6393634793244595,0.13322059237699202,3.6960762630983233
Bruna Brasil,Women's Strawweight,wsw,0.564,0.471,1.243422222222222,0.523,0.547,0.03820335905859227,0.2511333333333333,0.875,2.854533333333333,3.708133333333334,11.87,0.0,0.875,0.125,1,0,0,0.9507777777777777,32.8,65.0,66.0,Orthodox,balanced,84,-2.0,,,,48.33444444444444,3.0,5.0,,0.49484883408928493,0.4017803591332017,3.054389008029323,0.06861137877618208,0.16134624958916552,7.258368251699604,0.1745012999358063,32.17936587981609,-12.020321622214489,0.2920621550924904,25.984462362130145,0.6446595779828225,0.12452290357552805,4.564722801775541
Elise Reed,Women's Strawweight,wsw,0.531,0.6,0.7890820512820512,0.517,0.532,0.12967023353660265,0.1518153846153846,0.4444444444444444,3.269646153846154,3.0754307692307696,15.14,0.0,0.4444444444444444,0.5555555555555556,3,0,2,0.5814871794871794,33.5,63.0,63.0,Orthodox,balanced,399,-1.0,,,,36.570256410256405,4.0,5.0,,0.5773123519958451,0.4223137691433813,3.4187063023341513,0.07215220461202305,0.12213810086734768,6.302342965083612,0.1270220889616333,39.02646847404124,7.717939664018487,0.28373387134715744,28.05513156929982,0.6119131114128002,0.2234878489678635,8.09288489698709
Hannah Goldy,Women's Strawweight,wsw,0.4,0.12,1.1852296296296296,0.5,0.428,0.05093781207812302,0.37095555555555554,0.6,3.847488888888889,4.197955555555556,19.36,0.2,0.6,0.2,1,0,0,1.8710370370370368,34.1,61.0,64.0,Orthodox,balanced,1001,-2.0,,,,64.33481481481482,1.0,4.0,,0.5122923261152746,0.3368606295034027,5.45328284074529,0.10390968178200169,0.21475503458616885,12.891263070777338,0.22245899533880664,38.93217163422119,-10.276107353993497,0.42498932931963146,36.842260751614894,0.6082993356689071,0.35311881214549984,3.0533589926177163
Iasmin Lucindo,Women's Strawweight,wsw,0.688,0.556,2.029733333333333,0.621,0.455,0.04167639170028247,0.27487272727272727,0.8571428571428571,3.4111272727272723,3.0256000000000003,15.9,0.14285714285714285,0.8571428571428571,0.0,0,0,0,1.358121212121212,24.4,66.0,63.0,Orthodox,balanced,315,1.0,,,,72.13757575757576,5.0,2.0,,0.6430589119387177,0.3857176649253884,4.482851249865981,0.09289676659284705,0.24076376108014366,5.944504495925259,0.1138723647751882,40.384999932131386,3.123680759955733,0.3192061454763927,25.97218028437913,0.6826046588188196,0.04098150745788831,2.3271284319764787
Jaqueline Amorim,Women's Strawweight,wsw,0.0,0.364,1.7726424242424244,0.549,0.508,0.04584403087031072,2.235509090909091,0.2857142857142857,2.7092181818181817,2.4439636363636366,10.38,0.7142857142857143,0.2857142857142857,0.0,0,1,0,1.5744848484848484,31.0,68.0,63.0,Orthodox,grappler,21,1.0,,,,92.69212121212121,5.0,2.0,,0.7517673188558598,0.47756410143678335,15.603059451775655,0.46929336149112544,0.3046991115471324,3.699339560902401,0.0703539408753485,21.89349992534452,-0.6785665486640786,2.1845882984855707,26.417475235893967,0.5954410149171927,0.1835411966652156,8.85291819825105
Julia Polastri,Women's Strawweight,wsw,0.615,0.75,1.0641185185185185,0.58,0.581,0.05093781207812302,0.33039999999999997,0.8,5.0586,4.3662888888888896,30.27,0.2,0.8,0.0,0,1,0,0.7599259259259258,28.3,63.0,62.0,Orthodox,striker,56,-1.0,,,,50.057037037037034,2.0,3.0,,0.6015068431079141,0.4449599923070665,5.806818194280643,0.09277007533929914,0.16729151045597807,10.204394383908651,0.13555397901144126,59.43722213927169,3.6733875955014508,0.3845852889155911,38.882664792018936,0.655168357753329,0.05008850911519683,3.2553791946379182
Karolina Kowalkiewicz,Women's Strawweight,wsw,0.746,0.231,0.5717855072463768,0.569,0.43,0.019932187334917705,0.22872173913043478,0.7368421052631579,5.0930608695652175,5.217417391304348,26.81,0.05263157894736842,0.7368421052631579,0.21052631578947367,2,0,2,0.6517101449275362,40.7,64.0,63.0,Orthodox,striker,252,-3.0,,,,36.60927536231884,9.0,10.0,,0.6114622634744356,0.35152276227874507,3.0916311997686803,0.04803452038299614,0.12217687124122813,13.48549880574352,0.17471983248505057,59.6434949508187,-3.0768015094526104,0.2499882234218199,46.2366949186161,0.6547795906475031,0.06725871426915729,3.174345704925206
Loma Lookboonmee,Women's Strawweight,wsw,0.689,0.5,1.7284044444444444,0.531,0.558,0.03274573633593623,0.20710666666666666,0.8181818181818182,3.6274266666666666,2.7259733333333336,17.79,0.09090909090909091,0.8181818181818182,0.09090909090909091,0,0,1,1.2239555555555555,30.4,61.0,61.0,Orthodox,balanced,21,-2.0,,,,50.03422222222222,7.0,4.0,,0.438084076037685,0.40079707034068035,4.607338789919329,0.08980533572732662,0.16853523756461206,16.089524468473293,0.2982040884436321,33.50520930628057,5.7506260158272875,0.24969645420435782,24.81619583920429,0.6146806578496236,0.032199755859769384,3.3735319453214205
Luana Pinheiro,Women's Strawweight,wsw,0.714,0.378,2.0825515151515153,0.596,0.396,0.14773699776088853,0.28569090909090905,0.5714285714285714,3.4168545454545454,3.8286909090909096,15.94,0.0,0.5714285714285714,0.2857142857142857,1,0,1,1.809939393939394,33.6,62.0,62.0,Orthodox,balanced,399,-4.0,,,,41.01939393939394,3.0,4.0,,0.6019762026553641,0.3410002202079437,3.2207300377447683,0.06639381717227223,0.13694221225859485,6.0611711625919265,0.11613846805371669,41.61530296243441,-4.661167724892752,0.43587281214305934,31.96460452680337,0.6569931200382069,0.14704211351849436,4.724098128946175
Marina Rodriguez,Women's Strawweight,wsw,0.612,0.429,0.5008982456140351,0.559,0.458,0.12710326567544958,0.3099263157894737,0.7333333333333333,4.0811789473684215,2.9792947368421054,20.76,0.13333333333333333,0.7333333333333333,0.13333333333333333,2,2,0,0.4073333333333333,39.1,65.0,66.0,Orthodox,striker,413,-3.0,,,,26.55333333333333,7.0,6.0,,0.5853243994713031,0.36985876482486085,5.193389854041403,0.08979984948508761,0.08868779150253932,13.519015188716457,0.21931919548229512,42.30207089892275,12.368172156221512,0.4384648851385065,27.220163871734364,0.6368703974235733,0.02372613589667218,8.275431334759839
Melissa Martinez,Women's Strawweight,wsw,0.5,0.5,1.082295238095238,0.533,0.471,0.06549147267187246,0.2819428571428571,0.6666666666666666,3.713771428571428,4.108657142857143,17.89,0.0,0.6666666666666666,0.3333333333333333,1,0,0,0.8784761904761904,28.8,66.0,62.0,Southpaw,balanced,343,-1.0,,,,48.116190476190475,1.0,2.0,,0.5258314552126008,0.35809829454914116,4.180194821217969,0.08526676604618041,0.16080337058625752,5.548507065025409,0.09742961680802523,45.419285607635025,-3.705644520069563,0.3516096571771885,36.277711875452916,0.632806625237637,0.3501137974338245,4.328344678820181
Molly McCann,Women's Strawweight,wsw,0.382,0.37,1.644837037037037,0.625,0.499,0.17600654044766365,0.48608888888888885,0.5,4.636466666666667,4.107644444444444,24.35,0.21428571428571427,0.5,0.2857142857142857,0,2,4,1.456074074074074,36.1,62.0,64.0,Orthodox,balanced,455,-2.0,,,,41.63407407407408,7.0,7.0,,0.6739153733648571,0.4210835361549228,6.632799778143905,0.10114041299421123,0.13895837968039845,6.415817263638913,0.09451843906859564,56.28133508397276,8.972894514596604,0.6636188093323474,35.80871590855427,0.7034321385329003,0.025044254557598414,5.9646071600429735
Tecia Pennington,Women's Strawweight,wsw,0.629,0.149,0.7452637681159421,0.619,0.48,0.06582590714168099,0.1320695652173913,0.8947368421052632,4.509843478260869,3.4372000000000007,23.28,0.10526315789473684,0.8947368421052632,0.0,0,1,0,1.263014492753623,36.8,60.0,61.0,Orthodox,striker,224,-1.0,,,,50.239710144927535,11.0,8.0,,0.5567401749513389,0.3722430617077368,3.021025476989044,0.05061801922947829,0.1677136398939388,8.220077029452176,0.12205558565262808,56.23147339749279,18.893934276500566,0.19879907440658395,26.961332599775524,0.7158069294993001,0.019599851392903104,4.326984129302761
Viktoriia Dudakova,Women's Strawweight,wsw,0.4,0.3,1.8221333333333334,0.515,0.457,0.22397170525455506,0.24669999999999997,0.5,3.4522999999999997,3.5342000000000002,15.44,0.25,0.5,0.25,1,1,0,1.7961666666666667,27.4,67.0,65.0,Orthodox,balanced,525,-2.0,,,,59.501666666666665,2.0,2.0,,0.6409081893372108,0.3883050984352304,3.57433713523239,0.07354715749939844,0.19875850481853088,8.271610348563899,0.1612038169814758,39.450208240013986,-1.4507722883942005,0.47432511669670663,33.70133122435463,0.6063581094244141,0.05634957275459643,6.245634927300991
Xiong Jingnan,Women's Strawweight,wsw,0.0,0.0,1.3154133333333333,0.0,0.0,,0.39471999999999996,1.0,3.0524799999999996,2.7923200000000006,0.0,0.0,1.0,0.0,0,0,0,1.0978666666666665,38.4,,,,balanced,21,-1.0,,,,54.40266666666666,0.0,1.0,,,,,,,,,,,,,,,
Islam Makhachev,Welterweight,ww,0.913,0.562,2.7964772727272726,0.62,0.584,0.2871758912734152,0.8847556818181818,0.3333333333333333,2.6869507575757576,1.8541477272727271,10.78,0.6111111111111112,0.3333333333333333,0.05555555555555555,1,3,0,1.5281098484848485,34.1,70.0,70.0,Southpaw,grappler,217,16.0,Russia,"Dagestan Republic, Russia",,119.85530303030303,17.0,1.0,,0.696278655871902,0.48779101474894626,7.444222105695337,0.22181003259549092,0.3994876044039575,5.8500908496377235,0.1707643230681661,22.078391427197815,3.962580955620379,1.0669527036533533,13.08593764988258,0.7109305193402491,0.1648118090993396,1.8921496510530964
Ian Machado Garry,Welterweight,ww,0.8,0.312,1.0567,0.529,0.541,0.3678579738676756,0.38817500000000005,0.7272727272727273,4.506194444444445,3.0767499999999997,23.48,0.2727272727272727,0.7272727272727273,0.0,0,3,0,1.006161111111111,28.0,74.0,75.0,Orthodox,striker,210,2.0,Ireland,"Dublin, Ireland",1.0,38.507777777777775,10.0,1.0,,0.5835800510043186,0.4153241138820214,3.6781924216864943,0.06458842470506834,0.12846330127395245,3.9934665794686603,0.06620514418027848,57.07497409322347,20.118452068243222,0.7381972986915849,24.152708553161116,0.6445528840962799,0.1483906533456981,3.0551528215445414
Carlos Prates,Welterweight,ww,0.795,1.0,0.6032083333333333,0.477,0.541,1.5382538398836143,0.14605208333333333,0.125,4.171076388888889,4.124270833333333,19.94,0.875,0.125,0.0,0,7,0,0.40786805555555555,32.7,78.0,73.0,Switch,striker,49,3.0,Brazil,"State of São Paulo, Brazil",2.0,25.718055555555555,7.0,1.0,,0.6118067159899909,0.4258364136811172,5.259505232990471,0.09873375462606215,0.08562269957719,2.1781077341397466,0.043709898680957565,48.7946980086862,-2.0529153068528347,1.6678446625801673,31.102650397333747,0.5982640697900887,0.10215498334878927,2.039529262224795
Michael Morales,Welterweight,ww,0.885,0.25,0.6843181818181818,0.574,0.499,1.1659601741552221,0.15932954545454547,0.2857142857142857,5.342083333333334,3.3782954545454547,27.38,0.7142857142857143,0.2857142857142857,0.0,0,5,0,0.5980378787878788,26.4,79.0,72.0,Orthodox,striker,217,7.0,Ecuador,"Pasaje, Ecuador",3.0,28.046969696969697,7.0,0.0,,0.7431559659564971,0.4324180737125776,10.826905749852214,0.15274677770006437,0.0935066773393835,5.221860020953767,0.08057332669612918,54.067272364885156,15.19649058256943,1.3073319807332802,26.138308866198727,0.656589187946155,0.11144180001686102,1.8584251762320676
Jack Della Maddalena,Welterweight,ww,0.633,0.25,0.6783214285714285,0.607,0.528,0.6029247522208613,0.21590178571428573,0.4,4.700922619047619,4.070803571428572,23.08,0.5,0.4,0.1,1,4,0,0.6458869047619048,29.6,73.0,71.0,Switch,striker,49,-2.0,Australia,Australia,4.0,21.5297619047619,8.0,2.0,,0.6393657228502494,0.4352852746424602,4.468392979279486,0.07741232908108321,0.07185781058350826,5.76772518129884,0.09312302314246426,53.22868103394823,5.989550292897959,0.7964201826640608,36.49328663662867,0.6626331921439733,0.3348141615517095,3.322828572533987
Gabriel Bonfim,Welterweight,ww,0.765,0.538,2.878541666666667,0.62,0.47,0.2743517825468304,1.00471875,0.375,4.251076388888889,3.6309375,18.71,0.5,0.375,0.125,1,1,0,1.6065347222222222,28.8,72.0,73.0,Orthodox,grappler,14,5.0,Brazil,"Brasilia, Brazil",5.0,51.518055555555556,7.0,1.0,,0.5768193863340438,0.3588576780547148,2.561171484117947,0.05520995480086046,0.17164187547458162,5.672908972002719,0.10682694270872967,45.329510127122916,8.388798274877121,1.0975417709430704,26.799148027037884,0.674037697440038,0.2478054363804974,3.075208393015284
Sean Brady,Welterweight,ww,0.867,0.515,3.000766666666667,0.599,0.532,0.16994130720100895,0.715975,0.45454545454545453,3.9928611111111114,3.0107500000000003,18.72,0.36363636363636365,0.45454545454545453,0.18181818181818182,2,0,0,1.853161111111111,33.5,72.0,70.0,Orthodox,grappler,42,1.0,United States,"Philadelphia, United States",6.0,109.2011111111111,9.0,2.0,,0.6989561437754247,0.44325773801562013,11.446942421686494,0.21088070395184164,0.3639887642369154,3.110133246135327,0.059630458772699534,39.70414075989014,5.689285401576556,0.8236139653582516,25.696458553161115,0.6685675361109319,0.15047398667903142,2.0801528215445417
Belal Muhammad,Welterweight,ww,0.904,0.365,2.028634615384615,0.556,0.433,0.060714784320605376,0.18502403846153845,0.7727272727272727,4.32588141025641,3.797355769230769,21.33,0.13636363636363635,0.7727272727272727,0.045454545454545456,1,2,0,1.7617083333333334,37.9,72.0,71.0,Orthodox,wrestler,14,-3.0,United States,"Chicago, United States",7.0,65.45448717948719,15.0,6.0,,0.756880354131339,0.3870746190640794,5.362736348534285,0.08996858564766459,0.2178408331690149,3.5841396491737334,0.06047219596887726,52.64856654548632,4.055548852886232,0.23575420011047332,30.86714751995637,0.6620282408176371,0.27470603379846364,2.144733483971501
Leon Edwards,Welterweight,ww,0.637,0.373,1.2794374999999998,0.528,0.544,0.2393009050287996,0.371359375,0.65,2.792204861111111,2.64546875,12.3,0.2,0.65,0.1,1,3,1,1.064267361111111,34.2,74.0,74.0,Southpaw,balanced,217,-3.0,Jamaica,"Kingston, Jamaica",8.0,57.97569444444445,14.0,5.0,,0.5740324486767729,0.41983619063569194,4.1633068832723685,0.10867141494983767,0.19331121170519264,5.102724123905002,0.13249807125082083,29.648384629860914,2.4267320731684454,0.5857864572221466,22.556710451359503,0.6152361574507799,0.12150002688566224,4.5520761472681555
Yaroslav Amosov,Welterweight,ww,0.0,0.538,3.6144166666666666,0.606,0.532,0.2529782680025224,1.3504375,0.0,3.385486111111111,2.908541666666667,8.33,1.0,0.0,0.0,0,0,0,2.181402777777778,32.7,,,,grappler,42,2.0,Ukraine,"Irpin, Ukraine",11.0,72.2361111111111,2.0,0.0,,0.6118533533172484,0.39868610169851754,4.695481054216236,0.12340654563363858,0.24078788281451077,5.3169997820049835,0.14228705399908328,31.020768566392004,1.4627968372747224,1.1788265800622957,22.381771382902787,0.6485250673835569,0.20430996669757853,3.1378820538613543
Mike Malott,Welterweight,ww,0.727,0.571,1.5218749999999999,0.571,0.523,0.6820446895568167,0.53871875,0.25,3.8777430555555554,3.1109375000000004,16.72,0.625,0.25,0.125,1,3,0,0.8872013888888889,34.4,73.0,73.0,Orthodox,balanced,63,4.0,United States,"Cleveland, United States",12.0,43.38472222222222,7.0,1.0,,0.6134792790949476,0.41169037157423904,6.514407193774784,0.13472652863077278,0.14471492906157638,2.380722113224714,0.04888439078691705,40.89927317208489,9.842509529748472,1.1449688455867033,25.13533013589584,0.6432348061450636,0.10215498334878927,6.457829915819566
Uros Medic,Welterweight,ww,0.556,0.5,0.6633214285714286,0.557,0.574,1.3329090536337342,0.1251875,0.0,4.72235119047619,3.585089285714286,15.21,0.7,0.0,0.3,1,7,2,0.4180297619047619,32.8,71.0,73.0,Southpaw,striker,119,3.0,,,14.0,19.101190476190474,7.0,3.0,,0.6651202500132272,0.4744051264523896,8.777655145684509,0.1933580031253488,0.06360297018581072,5.850142763716422,0.12630545104320204,31.988492650902693,3.8820149710769214,1.443986901659351,21.775861204917526,0.6428479286409818,0.54674508776835,5.171337206756907
Daniel Rodriguez,Welterweight,ww,0.64,0.286,0.45980555555555547,0.574,0.492,0.5509927560008409,0.16892361111111112,0.5714285714285714,6.434050925925926,4.9461805555555545,33.43,0.2857142857142857,0.5714285714285714,0.14285714285714285,1,3,1,0.40124537037037045,38.5,74.0,73.0,Southpaw,striker,336,3.0,United States,"Los Angeles, United States",15.0,21.923148148148147,10.0,4.0,,0.6396396267942586,0.3983303777150195,3.6984936847387453,0.05239857314093746,0.07307744241965174,2.7501110384461054,0.04049644440045416,82.45136729990844,21.30982116798046,0.7040533044652096,40.4605904609676,0.6591271542622383,0.2681033222325262,3.8459606846204517
Aalon Cruz,Welterweight,ww,0.0,0.0,0.94775,0.293,0.133,0.2529782680025224,0.29210416666666666,0.0,2.7188194444444442,6.448541666666667,1.0,0.0,0.0,1.0,2,0,0,1.2370694444444446,31.5,78.0,72.0,Switch,balanced,1932,-2.0,,,,36.23611111111111,0.0,2.0,,0.7585200199839152,0.3639638794762953,3.695481054216236,0.08340654563363858,0.12078788281451075,3.650333115338317,0.0756203873324166,26.354101899725336,-3.3705364960586106,0.5121599133956288,50.38177138290279,0.5208194396779292,0.7043099666975786,27.637882053861357
Adam Fugitt,Welterweight,ww,0.5,0.227,1.54845,0.514,0.468,0.15178696080151344,0.17526250000000002,0.16666666666666666,4.429291666666667,4.667125,20.36,0.16666666666666666,0.16666666666666666,0.6666666666666666,3,1,1,1.6422416666666666,37.0,77.0,73.0,Southpaw,balanced,147,-2.0,,,,39.22166666666667,2.0,4.0,,0.5068977262760633,0.3378502748804967,3.1991068143479233,0.06611535595161172,0.13077575999173674,4.972018051021172,0.09090794668516425,48.10337023074429,-2.5405037158169845,0.3072959480373773,42.06542646610531,0.5962578975729913,0.9407677982003653,3.682729232316812
Adriano Martins,Welterweight,ww,0.857,0.8,1.1819545454545455,0.684,0.44,0.41071541891046676,0.49151136363636366,0.2857142857142857,2.5039015151515156,2.531931818181818,7.36,0.42857142857142855,0.2857142857142857,0.2857142857142857,2,2,0,0.6292196969696969,34.7,72.0,70.0,Southpaw,balanced,3206,-2.0,,,,35.42878787878788,4.0,3.0,,0.5717258361430357,0.3402318305638787,2.9702623932088557,0.08874249355833067,0.11800551183821796,1.9910907901845365,0.04124748399949996,26.920419218032006,-1.0202926342137877,0.8248144982157976,15.34460257249243,0.7626497940067611,0.38416907274413375,1.9842993021061934
Alan Jouban,Welterweight,ww,0.588,0.444,0.7267941176470588,0.6,0.503,0.8539923298832433,0.2988602941176471,0.46153846153846156,5.2189950980392155,3.7471323529411764,24.56,0.3076923076923077,0.46153846153846156,0.23076923076923078,2,4,1,0.5147892156862746,39.0,73.0,72.0,Southpaw,striker,2037,1.0,,,,25.45980392156863,8.0,5.0,,0.6091200993253495,0.4059465668356279,4.618012921095926,0.07442030330322191,0.08480966670141774,8.595542406720712,0.1258821666940248,54.66092485349783,14.99994136740415,1.1154028452507447,34.624938919455886,0.6460362167178502,0.3270113607952238,3.3166381105131575
Albert Duraev,Welterweight,ww,0.667,0.261,1.6153125,0.595,0.403,0.1897337010018918,0.37007812500000004,0.5,3.4566145833333337,3.43640625,15.7,0.0,0.5,0.5,1,0,1,1.7028020833333333,34.5,75.0,71.0,Orthodox,wrestler,1071,-1.0,,,,63.02708333333334,2.0,2.0,,0.6246224990643694,0.34805541785804656,8.921610790662177,0.19312815763287225,0.21009091211088307,2.8877498365037377,0.05990000387510863,36.265576424794006,-4.252902372043958,0.5341199350467216,30.136328537177093,0.6484661537507976,0.7532324750231839,3.403411540396016
Albert Tumenov,Welterweight,ww,0.75,0.2,0.6085416666666666,0.585,0.42,0.7147244281189084,0.14605208333333333,0.375,3.7577430555555558,3.4509375,16.41,0.375,0.375,0.25,0,3,2,0.5645347222222222,24.8,73.0,71.0,Orthodox,striker,3542,-2.0,,,,23.18472222222222,5.0,3.0,,0.7454487794065333,0.3814292429590358,3.7300934682845885,0.07993505298408334,0.07725668650529459,4.178107734139747,0.08559991887528835,41.26528624398031,4.8882611637354,0.8443152508154615,24.161473926745515,0.6875787418455737,0.10215498334878927,4.745411615165971
Alessio Di Chirico,Welterweight,ww,0.833,0.393,1.4490333333333332,0.615,0.397,0.3550374610471628,0.11684166666666668,0.5454545454545454,3.4355277777777777,3.502083333333333,14.42,0.18181818181818182,0.5454545454545454,0.2727272727272727,2,2,1,1.0846277777777777,32.7,74.0,72.0,Orthodox,balanced,1386,-2.0,,,,33.37444444444444,4.0,7.0,,0.6667857857713438,0.34462694612603006,2.8320385755326485,0.06465150714234433,0.11122968304033422,5.267825553827635,0.11824815493296663,36.71087152912091,-1.7251376753465213,0.45871011920440535,24.3373239377765,0.7082950600489821,0.33557014052518525,1.3397682061599265
Alex Morono,Welterweight,ww,0.478,0.24,0.4739464285714285,0.554,0.398,0.2684953431433977,0.33345089285714286,0.6666666666666666,4.7361755952380955,4.707544642857143,23.27,0.16666666666666666,0.6666666666666666,0.125,3,2,0,0.5153720238095237,35.5,72.0,71.0,Orthodox,striker,133,-4.0,,,,20.907738095238095,13.0,10.0,,0.7751065208602455,0.36240001911800285,3.1918887973320507,0.052256785361936064,0.06964502250787134,5.110785667572498,0.07821828602886617,58.53302183565544,1.8705993222731545,0.5811771242990634,33.767522439193456,0.6690515395319672,0.2580664214351954,4.229546154398862
Alexander Yakovlev,Welterweight,ww,0.722,0.355,1.5894230769230768,0.585,0.474,0.3145613984187466,0.23935576923076923,0.5555555555555556,2.359455128205128,2.7985576923076922,8.24,0.2222222222222222,0.5555555555555556,0.2222222222222222,0,1,2,1.3620320512820512,36.3,74.0,75.0,Southpaw,balanced,2065,-2.0,,,,45.055128205128206,3.0,6.0,,0.5363911875248127,0.35303121283212396,4.375936310737163,0.14654335009680608,0.15021711807556176,3.8605933059803217,0.12294084573190237,23.96562944822488,-1.5226651959830948,0.5330847951935869,23.879498880021064,0.6614463356594746,0.1931980066076736,8.27242907980414
Andre Fialho,Welterweight,ww,0.667,1.0,0.6728636363636363,0.458,0.416,0.3925336007286486,0.15932954545454547,0.14285714285714285,3.4648106060606056,5.319204545454546,13.47,0.2857142857142857,0.14285714285714285,0.5714285714285714,4,2,0,0.44467424242424247,29.5,74.0,72.0,Orthodox,balanced,1001,-4.0,,,,23.59242424242424,2.0,5.0,,0.6729641153107583,0.3584417440407755,2.6520805750270378,0.06124605459404589,0.07871258254528869,6.0638180629118095,0.14205756500760078,34.829510127122916,-17.11120172512288,0.5339054073067067,39.08096620885607,0.5833373931358607,0.6205327091077701,6.547935665742557
Ange Loosa,Welterweight,ww,0.778,0.405,2.2552499999999998,0.525,0.484,0.25766931374268986,0.17526250000000002,0.6666666666666666,4.909291666666666,5.351125000000001,26.76,0.0,0.6666666666666666,0.16666666666666666,1,0,0,1.7478416666666667,32.2,74.0,70.0,Orthodox,wrestler,371,-2.0,,,,63.52166666666666,2.0,3.0,,0.6085186053969425,0.38109825160398925,8.252582750176801,0.1252087625450183,0.21172763164949077,8.119611633908873,0.11921838624560381,51.42422584571756,-13.263498368223404,0.4131783009785538,51.1231804768005,0.6055602231543866,0.2284683329597236,2.200376291140342
Antonio Arroyo,Welterweight,ww,0.448,1.0,0.9636428571428571,0.544,0.613,0.21683851543073349,0.250375,0.6666666666666666,3.1047023809523813,2.93875,10.56,0.0,0.6666666666666666,0.3333333333333333,1,0,0,0.6793452380952382,32.2,73.0,75.0,Orthodox,balanced,1736,-3.0,,,,45.61666666666667,0.0,3.0,,0.6035434757756866,0.4394200199432671,4.59612661789963,0.11660410678372028,0.15210389955529494,3.1288569560042716,0.0648174748563571,33.874944485478856,1.968111574806905,0.4389942114819676,21.47008975677382,0.6638644322027647,0.31797997145506735,3.5467560461668755
Augusto Montano,Welterweight,ww,0.667,0.0,0.8123571428571428,0.567,0.461,0.21683851543073349,0.250375,0.3333333333333333,3.6275595238095235,3.23875,16.86,0.3333333333333333,0.3333333333333333,0.3333333333333333,1,1,0,0.6317738095238096,31.9,73.0,73.0,Orthodox,balanced,3563,-2.0,,,,34.08809523809524,1.0,2.0,,0.5097241817779804,0.33178367681541193,3.9022490668792225,0.08601916986515268,0.11366852540563507,8.455387568249169,0.1701443513696743,37.3443322405809,2.131376880929354,0.4389942114819676,28.184375471059532,0.6298582210226407,0.17512282859792447,5.077368291064835
Bassil Hafez,Welterweight,ww,0.5,0.24,1.7607857142857142,0.418,0.382,0.21683851543073349,0.250375,0.6666666666666666,3.7347023809523807,4.533035714285715,16.78,0.0,0.6666666666666666,0.3333333333333333,1,0,0,1.822345238095238,32.8,72.0,71.0,Orthodox,wrestler,581,-1.0,,,,51.916666666666664,1.0,2.0,,0.7277380682170549,0.36953635617135167,3.596126617899631,0.08000598897263629,0.17305628050767588,3.985999813147129,0.08184680314396352,42.01780162833601,-8.31760271090738,0.4389942114819676,37.61294689963096,0.5733311274265815,0.31797997145506735,4.118184617595447
Bryan Barberena,Welterweight,ww,0.5,0.222,0.3587608695652174,0.442,0.48,0.3823680588128689,0.29924456521739135,0.47368421052631576,5.072300724637681,4.430489130434782,25.34,0.2631578947368421,0.47368421052631576,0.2631578947368421,2,4,3,0.35006159420289856,34.9,72.0,72.0,Southpaw,striker,826,-4.0,,,,27.01376811594203,9.0,10.0,,0.6886936101487627,0.4105436822745343,5.81510236566973,0.08557015204972004,0.09006369067563247,11.603509656360226,0.15983584448134372,53.91198587948431,4.937565872443544,0.6608964806452982,39.64630853837057,0.546955850376206,0.31694302553997883,3.982315207390288
Chance Rencountre,Welterweight,ww,0.167,0.267,1.3853125,0.494,0.205,0.1897337010018918,0.387578125,0.5,2.4266145833333335,3.64640625,4.9,0.25,0.5,0.25,1,0,0,1.3028020833333334,32.8,75.0,74.0,Southpaw,balanced,2422,-1.0,,,,66.02708333333334,2.0,2.0,,0.5229716476409976,0.24488819505841852,3.071610790662177,0.08296307249053506,0.22009091211088305,3.337749836503738,0.09753161702992469,25.465576424794,-14.302902372043956,0.5341199350467216,31.03632853717709,0.5993596390469844,0.3032324750231839,3.403411540396016
Charles Radtke,Welterweight,ww,1.0,0.444,1.7826818181818183,0.547,0.539,0.41071541891046676,0.47560227272727273,0.2857142857142857,2.9557196969696973,2.8946590909090912,10.79,0.42857142857142855,0.2857142857142857,0.2857142857142857,2,2,0,1.2204015151515153,35.8,72.0,69.0,Orthodox,grappler,70,2.0,,,,102.88333333333334,5.0,2.0,,0.7713540867582342,0.4598744169523355,7.197535120481583,0.20563897070684922,0.3428539966867028,3.6274544265481734,0.0918194286111797,27.602237399850186,-0.20211081603196954,0.8248144982157976,20.117329845219704,0.64943305861086,0.38416907274413375,4.029753847560738
Chris Wade,Welterweight,ww,0.552,0.519,2.172772727272727,0.519,0.539,0.25028761142383577,0.868875,0.7142857142857143,2.446628787878788,2.449204545454546,8.06,0.2857142857142857,0.7142857142857143,0.0,0,0,0,1.4125833333333333,29.8,70.0,70.0,Orthodox,grappler,3255,1.0,,,,98.0469696969697,5.0,2.0,,0.5384893539660107,0.4071504610663243,4.935503034920086,0.16626422064422755,0.32681121593803975,6.14617100408828,0.21311211571814628,22.139670554930397,0.9690121786204369,1.0654562094457443,18.99433519281329,0.6372699168745476,0.11144180001686102,6.540449034726515
Christian Aguilera,Welterweight,ww,0.6,0.0,0.8123571428571428,0.488,0.375,0.21683851543073349,0.250375,0.0,3.2332738095238094,3.8301785714285717,6.75,0.3333333333333333,0.0,0.6666666666666666,0,1,2,0.7389166666666667,29.5,72.0,69.0,Switch,balanced,1869,-2.0,,,,32.20238095238095,1.0,2.0,,0.6184139853830383,0.3349575452982367,3.167555189328202,0.07149132482883307,0.10734199479339016,3.1288569560042716,0.0648174748563571,30.410658771193145,-3.103316996621666,0.4389942114819676,22.72008975677382,0.6477153638797836,0.17512282859792447,4.618184617595446
Claudio Silva,Welterweight,ww,0.444,0.269,2.3745416666666666,0.46,0.42,0.1264891340012612,0.8853854166666667,0.625,2.9044097222222223,3.2242708333333336,11.75,0.375,0.625,0.0,0,0,0,2.601868055555556,39.9,71.0,71.0,Southpaw,grappler,1428,-3.0,,,,80.78472222222221,5.0,3.0,,0.5785507901338015,0.34693920469541256,7.447740527108118,0.20056852104376965,0.26928283029614425,2.9251665576691583,0.06901586742507355,29.47705094986267,-4.035268248029305,0.9560799566978145,30.190885691451395,0.5614759375718491,0.10215498334878927,5.868941026930678
Colby Covington,Welterweight,ww,0.69,0.427,3.2215,0.548,0.385,0.11209215151360126,0.20974404761904764,0.5294117647058824,3.7991865079365077,3.201011904761905,18.02,0.29411764705882354,0.5294117647058824,0.17647058823529413,2,3,1,2.387400793650794,36.8,72.0,71.0,Orthodox,wrestler,553,-2.0,,,,109.1626984126984,12.0,5.0,,0.6835079947906727,0.3300344104860857,5.674118708698783,0.10927608483505406,0.3639201393001126,5.302905480260597,0.1004220648238639,42.11990733434775,5.451509478877869,0.3055819893074162,28.54935856841719,0.6304440310275585,0.21762486167940184,3.086233280025961
Curtis Millender,Welterweight,ww,0.529,1.0,0.7785,0.615,0.481,0.44642995644612604,0.1947361111111111,0.6,3.8347685185185187,3.2934722222222224,18.5,0.2,0.6,0.2,0,1,1,0.5374907407407408,31.4,76.0,74.0,Orthodox,striker,2625,-2.0,,,,24.76851851851852,3.0,2.0,,0.6137881214307181,0.39079073446567836,3.1580984805886017,0.06811687626827156,0.0826240206417726,3.822444299114434,0.07543861657996942,45.652734599816895,10.50297566929426,0.6192177200415304,27.365625366379636,0.6661717787441052,0.13620664446505237,6.953032480352014
Danny Roberts,Welterweight,ww,0.575,0.095,0.49947222222222215,0.51,0.396,0.32570539967900175,0.28092361111111114,0.2857142857142857,3.3073842592592597,3.7095138888888894,13.97,0.2857142857142857,0.2857142857142857,0.42857142857142855,5,3,1,0.8088009259259259,36.0,74.0,73.0,Southpaw,balanced,1064,-3.0,,,,42.0675925925926,7.0,7.0,,0.5891911726421006,0.3108120338995059,6.139872995083572,0.1449489582839152,0.1401093708998561,7.81447885453806,0.18268279029050377,29.53182707002339,-4.221213314778158,0.5730188217065889,33.49507321958829,0.5809160092951957,0.7117814831520665,5.390788270827348
Darian Weeks,Welterweight,ww,1.0,0.3,1.6694999999999998,0.52,0.513,0.21683851543073349,0.250375,1.0,4.068988095238096,4.0530357142857145,22.44,0.0,1.0,0.0,0,0,0,1.5840595238095239,28.8,72.0,71.0,Orthodox,wrestler,1379,-3.0,,,,51.57380952380952,0.0,3.0,,0.5617583198164817,0.38075210833417905,3.596126617899631,0.07785624703533944,0.17194516939656476,6.557428384575701,0.11573685250840801,46.73208734262172,-1.7461741394788093,0.4389942114819676,32.61294689963096,0.6362316707240646,0.17512282859792447,2.6896131890240182
Davi Ramos,Welterweight,ww,0.833,0.4,1.7559545454545455,0.563,0.377,0.13798814618319402,0.5309659090909091,0.5714285714285714,3.044810606060606,3.524659090909091,11.94,0.42857142857142855,0.5714285714285714,0.0,0,0,0,1.338128787878788,33.7,70.0,66.0,Orthodox,wrestler,2163,-2.0,,,,46.628787878787875,4.0,3.0,,0.6927350579222609,0.35149378897129596,4.710904104438803,0.12072958915439846,0.15536736567066003,4.237080094997371,0.10394340876439025,31.68512510038494,-7.790346110149616,0.6162583484831772,28.652089203508478,0.6449648734331405,0.22374126525750276,4.069860799432397
Demian Maia,Welterweight,ww,0.615,0.248,2.3745,0.636,0.436,0.0710872745561333,0.9294493243243244,0.5757575757575758,2.01115990990991,2.243277027027027,8.3,0.36363636363636365,0.5757575757575758,0.06060606060606061,2,1,0,2.8656599099099096,43.6,72.0,73.0,Southpaw,grappler,1834,-2.0,,,,98.82477477477477,22.0,11.0,,0.7834282181402435,0.394653520012587,8.987059484649702,0.35024776444938566,0.3294394360025151,3.2676215862710785,0.11967599741915426,15.265135260994027,-8.517117063132494,0.9248385647595706,20.189148472052867,0.6975393397866625,0.18345020413498542,4.507327366159115
Dhiego Lima,Welterweight,ww,0.735,0.348,1.3031,0.582,0.39,0.29249565502709596,0.5788416666666667,0.45454545454545453,3.2888611111111112,3.8247500000000003,12.91,0.09090909090909091,0.45454545454545453,0.45454545454545453,4,1,1,1.028161111111111,32.4,75.0,74.0,Orthodox,balanced,1827,-2.0,,,,40.34111111111111,4.0,7.0,,0.6367413413268994,0.3261411073460737,6.930366334729972,0.17410335899419618,0.1344600806620362,2.512307159178805,0.05740864876012714,32.04598858597709,-4.0612580766843145,0.7787770088365124,33.00488246620459,0.6333782809216768,0.6556370301572922,6.99428325632715
Dominic Waters,Welterweight,ww,0.286,0.529,2.5557857142857143,0.396,0.232,0.21683851543073349,0.250375,0.6666666666666666,2.350416666666667,3.1830357142857144,2.29,0.0,0.6666666666666666,0.3333333333333333,1,0,0,1.6727738095238094,27.1,79.0,73.0,Orthodox,wrestler,3695,-3.0,,,,78.61666666666666,0.0,3.0,,0.7126600171290701,0.30516631846267483,3.5349021281037127,0.12506275340026166,0.26203587234441056,3.3125304253920267,0.09160318914207137,24.119842444662535,-2.8278067925400334,0.4389942114819676,25.980293838406475,0.5720010781654977,0.17512282859792447,10.587572372697485
Donald Cerrone,Welterweight,ww,0.886,0.289,1.048297619047619,0.516,0.474,0.7063337560991256,0.45972916666666663,0.3157894736842105,4.79078373015873,4.9731250000000005,21.58,0.42105263157894735,0.3157894736842105,0.23684210526315788,8,10,1,1.0326765873015873,39.3,73.0,73.0,Orthodox,striker,1449,-6.0,,,,30.671825396825398,23.0,14.0,,0.5229562761467705,0.3433280525511733,4.515580185875688,0.07350942370335624,0.1022171990146538,5.5814408859654385,0.08896026237253984,53.149351417773815,-2.662281227832006,1.1119664073810334,38.59069397180798,0.6096413655327894,0.33077443968695563,2.324812074713879
Drew Dober,Welterweight,ww,0.582,0.17,0.712983870967742,0.531,0.41,0.5240368495254148,0.11576209677419357,0.25925925925925924,4.3862231182795695,4.245201612903226,18.07,0.4444444444444444,0.25925925925925924,0.25925925925925924,3,11,4,0.982271505376344,37.4,70.0,68.0,Southpaw,striker,105,2.0,,,,34.36827956989247,15.0,11.0,,0.6325635555002295,0.3335218375480397,5.133436215772057,0.0976321359823139,0.11450830967475378,5.979829869830876,0.1118971892662599,42.438037317835395,0.927696748563436,0.6217083703346378,36.10380325886095,0.5971169758772406,0.18206585865700933,5.453079811011289
Dustin Poirier,Welterweight,ww,0.63,0.359,1.2299583333333333,0.523,0.5,0.5359902051609142,1.0060173611111112,0.28125,5.163692129629629,4.559201388888889,22.98,0.46875,0.28125,0.21875,3,11,4,0.9788449074074074,36.5,72.0,69.0,Southpaw,grappler,336,-2.0,,,,51.728240740740745,22.0,9.0,,0.7825487274335841,0.45041723423979263,6.080934085167726,0.09318940665928127,0.17235810849834896,9.82649584844116,0.14634272560979408,50.810045789871914,4.301412641603401,1.4022324135494773,37.73235284365252,0.6088056188900097,0.165738903914617,5.296642893750555
Dwight Grant,Welterweight,ww,0.655,1.0,0.9105416666666667,0.61,0.347,0.44227860768547167,0.14605208333333333,0.625,3.337743055555556,2.9509375,15.11,0.125,0.625,0.25,2,1,0,0.5092013888888889,37.8,76.0,73.0,Switch,balanced,1435,-3.0,,,,21.451388888888886,3.0,5.0,,0.6423262120825499,0.3054297707331484,5.005635263950222,0.11138968396664507,0.07150505251836649,3.4041139260902114,0.0726533992411212,38.15073516038898,5.117363330918063,0.571869430382025,22.638254112504026,0.6991847247904402,0.6284707728224735,4.726835763772782
Emil Meek,Welterweight,ww,0.475,0.333,0.8358125,0.387,0.394,0.1897337010018918,0.719078125,1.0,3.1366145833333334,3.10140625,12.58,0.0,1.0,0.0,0,0,0,0.6778020833333334,31.5,74.0,71.0,Switch,grappler,2310,-3.0,,,,46.87708333333333,1.0,3.0,,0.6500158428025058,0.3519772386115505,8.396610790662177,0.21156153174178524,0.1562853565553275,6.362749836503738,0.1527417805655376,28.640576424794002,0.09709762795604189,0.8841199350467217,28.41132853717709,0.5350250550699374,0.27823247502318393,9.603411540396015
Gabe Green,Welterweight,ww,0.5,0.5,0.99705,0.472,0.451,0.40892981794437055,0.4608625,0.5,4.861291666666666,5.183125,25.21,0.3333333333333333,0.5,0.16666666666666666,1,1,0,0.6996416666666667,32.0,73.0,70.0,Switch,striker,399,1.0,,,,42.16166666666667,3.0,3.0,,0.5270666862113123,0.32818224925440465,5.303002918244028,0.09083712851332763,0.14056796778394456,3.6044855834887044,0.06406911625214118,56.098175425549485,-6.479464754778023,0.8215816623230916,46.98620568688453,0.5756229769380706,0.5083002657328328,3.297014946602527
Geoff Neal,Welterweight,ww,0.897,0.455,0.7405833333333334,0.57,0.507,0.6676594226675074,0.18214583333333334,0.35714285714285715,4.722939814814815,5.140624999999999,21.47,0.42857142857142855,0.35714285714285715,0.21428571428571427,2,5,1,0.5132453703703703,35.5,75.0,71.0,Southpaw,striker,119,-2.0,,,,40.20092592592592,8.0,6.0,,0.8040287499897864,0.4557128275502995,4.804743684738745,0.08327687054034111,0.13411679427150358,6.466777705112772,0.10672062401619126,49.72220063324178,-8.56101216535287,0.8269699711318763,41.2418404609676,0.6552486646930961,0.2868533222325262,1.5563773512871182
Gilbert Urbina,Welterweight,ww,0.0,0.444,2.1393125,0.446,0.568,0.6897337010018918,0.576078125,0.0,4.661614583333334,4.14640625,19.5,0.25,0.0,0.75,2,1,1,1.3028020833333334,29.3,75.0,75.0,Orthodox,grappler,315,-2.0,,,,54.577083333333334,1.0,3.0,,0.6223088184067397,0.43963957627388817,10.771610790662177,0.1993070459773657,0.18197980099977196,8.237749836503738,0.15073238451640647,34.765576424794006,-2.652902372043958,1.1341199350467217,27.78632853717709,0.6047509433948106,0.9032324750231839,3.853411540396016
Gleison Tibau,Welterweight,ww,0.921,0.535,3.745953125,0.635,0.318,0.12579163420569683,0.7766445312499999,0.6071428571428571,2.1754036458333332,2.6553515625,8.97,0.17857142857142858,0.6071428571428571,0.17857142857142858,3,1,2,2.188325520833333,34.7,71.0,70.0,Southpaw,grappler,2941,-4.0,,,,87.58177083333334,16.0,12.0,,0.7596309896038892,0.28806065967506805,5.355216130501365,0.18889163911995116,0.291839270316278,4.563168802409516,0.15831359799920414,19.759491121123872,-6.361919622861736,0.8404329688363071,20.91206720892114,0.715255847303811,0.19502453666624373,3.4484275119646752
Gunnar Nelson,Welterweight,ww,0.684,0.524,1.8803250000000002,0.488,0.612,0.14256014706742337,0.8860312499999999,0.4375,2.1666458333333334,3.1825625000000004,8.11,0.5,0.4375,0.0625,1,0,0,1.1547208333333334,36.6,72.0,71.0,Switch,grappler,455,-1.0,,,,87.99083333333334,10.0,6.0,,0.7357751840773663,0.5300757793586601,8.641977649598203,0.33461100478598194,0.2932734018813903,3.1617666012681616,0.10761762304904003,17.472897236584267,-8.561160948817584,0.9536479740186886,23.481198081537503,0.6176624764832888,0.32795965667594024,8.008031282825073
Hayder Hassan,Welterweight,ww,0.25,0.0,0.94775,0.481,0.462,0.2529782680025224,0.29210416666666666,0.0,3.2054861111111115,3.5018750000000005,6.0,0.0,0.0,1.0,0,0,2,0.8480694444444445,33.2,,70.0,,balanced,3836,-2.0,,,,33.56944444444444,0.0,2.0,,0.647408908872804,0.3818850264297003,3.695481054216236,0.08340654563363858,0.11189899392562186,4.3169997820049835,0.11265742436945364,30.687435233058668,0.1294635039413892,0.5121599133956288,24.715104716236123,0.6255866237134059,0.20430996669757853,5.471215387194687
Impa Kasanganay,Welterweight,ww,0.667,0.286,1.2088125,0.593,0.404,0.1897337010018918,0.468078125,0.25,4.066614583333333,4.11140625,16.5,0.25,0.25,0.5,2,0,0,0.9903020833333334,27.7,75.0,71.0,Orthodox,striker,1736,-1.0,,,,36.97708333333333,2.0,2.0,,0.7014657725636939,0.37394614561695383,2.771610790662177,0.06255490922522894,0.12329924544421639,3.862749836503738,0.07944256322658519,42.640576424794006,1.7845976279560418,0.5716199350467217,32.34882853717709,0.6427582694021365,0.5282324750231839,4.603411540396015
Ismail Naurdiev,Welterweight,ww,0.732,0.409,1.4562272727272727,0.649,0.528,0.23846661508271555,0.26369318181818185,0.8571428571428571,3.693901515151515,2.449204545454546,17.63,0.14285714285714285,0.8571428571428571,0.0,0,1,0,1.1389469696969696,29.3,74.0,70.0,Orthodox,striker,210,1.0,,,,53.50151515151515,4.0,3.0,,0.579545519719856,0.40686783376291175,5.331506412347611,0.10818104660070924,0.17837233799451782,5.608315670567311,0.10963282999678627,40.55678285439564,14.037123633728795,0.4803168905602951,22.830248505506788,0.6701802027911625,0.11144180001686102,3.7211414073693514
Jake Matthews,Welterweight,ww,0.641,0.417,1.4365178571428572,0.605,0.439,0.28038893285046307,0.7037366071428571,0.4583333333333333,3.399032738095238,2.7704017857142857,15.26,0.3333333333333333,0.4583333333333333,0.20833333333333334,1,2,4,1.060514880952381,31.8,73.0,71.0,Orthodox,balanced,21,1.0,,,,64.36488095238096,16.0,8.0,,0.7005736272590907,0.37948582308562556,9.250067914582164,0.20261311912335436,0.2143163023105237,3.8150837722194315,0.0824069145115034,33.20734428181031,5.633058166567872,0.9208308579475665,23.227138280021283,0.6784315062901876,0.22473944679049504,4.9565663823395605
Jalin Turner,Welterweight,ww,0.75,0.5,0.8098055555555556,0.408,0.483,0.9593260893341741,0.9614791666666667,0.21428571428571427,5.041828703703704,4.199513888888888,21.29,0.5714285714285714,0.21428571428571427,0.21428571428571427,2,5,1,0.5046898148148148,30.6,77.0,75.0,Southpaw,grappler,196,1.0,,,,37.4787037037037,8.0,6.0,,0.6653209807861147,0.40741898505355845,9.592938129183189,0.15870020318685973,0.12501571402459,6.272333260668328,0.1043544365689486,44.71525618879733,5.6820433902026855,1.7262755266874317,29.307812683189823,0.5321336116755888,0.26254776667697066,6.879294017953785
Joel Alvarez,Welterweight,ww,0.464,0.333,0.5089,0.539,0.545,0.2059532119629137,0.8949083333333333,0.18181818181818182,4.322861111111111,3.201416666666667,18.29,0.6363636363636364,0.18181818181818182,0.18181818181818182,1,4,1,0.39969444444444446,33.2,77.0,75.0,Orthodox,grappler,42,-1.0,,,,32.64111111111111,8.0,3.0,,0.6761510635491216,0.4500339858619325,7.13533527882935,0.13648761825345543,0.10878076159141276,6.069657055659136,0.1142759327107444,40.10354552179489,7.699404449195604,0.9381972986915849,21.26699426744683,0.6437972244553744,0.08172398667903141,5.340867107258828
Jordan Mein,Welterweight,ww,0.727,0.609,2.0082692307692307,0.653,0.474,0.41346249731984547,0.359125,0.5555555555555556,3.2594551282051283,2.8124038461538463,13.38,0.2222222222222222,0.5555555555555556,0.2222222222222222,2,2,0,1.0982628205128206,28.8,73.0,72.0,Orthodox,wrestler,2884,2.0,,,,63.26282051282051,5.0,4.0,,0.6544934995053053,0.38609297387694697,6.7495626843635375,0.16414547931516962,0.21076656862501228,4.453999899386916,0.10388611361687775,31.679915162510593,5.400411727093827,0.7308869929957846,21.70367470419689,0.7082580185034815,0.1931980066076736,6.294407101782164
Jordan Wright,Welterweight,ww,1.0,0.455,1.8749545454545453,0.32,0.575,0.485095584199723,0.4310568181818182,0.14285714285714285,3.992992424242424,5.064659090909092,13.18,0.2857142857142857,0.14285714285714285,0.5714285714285714,3,2,1,1.0384015151515151,31.4,77.0,74.0,Orthodox,wrestler,1218,-4.0,,,,44.71969696969697,2.0,5.0,,0.5917946190507876,0.4327322239362227,6.181006194861748,0.1508236330415458,0.14916253663160642,11.88365277365561,0.2914042238114122,24.936948143651833,-3.9211190804947793,0.8000211097860455,36.08427199398003,0.4703489141484601,0.6321029570416544,7.091737318635118
Jorge Masvidal,Welterweight,ww,0.697,0.531,0.9531730769230768,0.575,0.495,0.42686595266559446,0.37033173076923076,0.6363636363636364,3.9451121794871797,3.1627403846153843,18.87,0.3181818181818182,0.6363636363636364,0.045454545454545456,1,6,0,0.6067083333333334,38.4,74.0,71.0,Orthodox,striker,1169,-4.0,,,,43.200641025641026,12.0,10.0,,0.6007498533953677,0.3974953465103224,7.403671806556104,0.1349610108595708,0.14392044607547436,9.112856029097923,0.16353895854942685,38.93283244832371,4.533598277584489,0.7732775978803808,26.786612254615285,0.6559339243268643,0.29280602209150075,4.3680472233476575
Kajan Johnson,Welterweight,ww,0.625,0.375,1.4982272727272727,0.644,0.429,0.33894508398223705,0.2681477272727273,0.5714285714285714,2.9366287878787882,2.347386363636364,11.37,0.14285714285714285,0.5714285714285714,0.2857142857142857,1,1,1,1.2057651515151515,34.4,75.0,71.0,Orthodox,balanced,2835,-2.0,,,,45.3560606060606,4.0,3.0,,0.5589402129205193,0.3385911794388608,6.537248039141869,0.17807023701228772,0.15124315139164698,3.5987462925768807,0.0883855311375471,29.403672806548744,5.697410715068508,0.5807953594598166,20.720200658616832,0.6701752760413746,0.3123987378159041,4.826404565264088
Kevin Lee,Welterweight,ww,0.75,0.434,2.873369565217391,0.503,0.423,0.11762476556587541,0.7040271739130435,0.3684210526315789,3.8579528985507245,3.612663043478261,17.56,0.3684210526315789,0.3684210526315789,0.2631578947368421,1,3,4,2.0162789855072467,30.8,77.0,69.0,Orthodox,grappler,1085,-3.0,,,,101.19637681159419,11.0,8.0,,0.7508171778368478,0.37491622096204164,14.904255927186846,0.2863412402813422,0.3373673703960559,4.721282551827387,0.09126246423886548,32.42933093036313,-7.7107921294065935,0.7531721513205988,31.594157752061598,0.5924484886724425,0.20818955652980312,4.277817057529049
Khaos Williams,Welterweight,ww,0.517,0.0,0.3791,0.411,0.392,0.6511913072010089,0.11684166666666668,0.45454545454545453,4.645527777777777,4.895416666666666,21.12,0.45454545454545453,0.45454545454545453,0.09090909090909091,0,5,1,0.3556944444444445,32.1,77.0,72.0,Orthodox,striker,35,1.0,,,,36.01444444444444,7.0,4.0,,0.5215539646010611,0.2976129926823471,3.128192421686494,0.05939812121203532,0.12002811608876726,5.035133246135327,0.08665841134322307,51.39164075989014,2.1601187349098887,0.7548639653582516,40.38604188649445,0.5239096818878602,0.08172398667903141,3.1801528215445414
King Green,Welterweight,ww,0.703,0.458,1.2940147058823528,0.622,0.535,0.2782072376059815,0.3021360294117647,0.5333333333333333,6.2297916666666655,3.626213235294118,30.6,0.23333333333333334,0.5333333333333333,0.2,5,4,1,0.895953431372549,39.7,71.0,70.0,Orthodox,striker,42,3.0,,,,41.83578431372549,16.0,12.0,,0.5935901994165583,0.4371702390325396,8.982593542439545,0.1054557216380927,0.13947006467199555,7.612169511703303,0.08924154332239242,70.18359583697575,26.649144078550215,0.5575091888691248,29.735191489716414,0.694235904623474,0.2696187138462855,3.3565120579478513
Leo Kuntz,Welterweight,ww,0.333,0.25,1.6104166666666666,0.459,0.328,0.2529782680025224,0.5131041666666667,0.5,3.062152777777778,3.7152083333333334,7.6,0.0,0.5,0.5,0,0,1,1.5370694444444446,32.2,,70.0,Orthodox,grappler,3857,-2.0,,,,59.23611111111111,0.0,2.0,,0.6620287919137396,0.35067885532170595,4.095481054216235,0.10095040528276139,0.19745454948117738,4.050333115338317,0.09316424698153941,32.15410189972533,-4.67053649605861,0.7121599133956288,34.78177138290279,0.5822445011029905,0.4043099666975785,6.137882053861354
Lyman Good,Welterweight,ww,0.75,1.0,0.73305,0.63,0.488,0.5671715761861288,0.17526250000000002,0.3333333333333333,4.705291666666667,3.8751249999999997,22.54,0.5,0.3333333333333333,0.16666666666666666,0,3,1,0.48844166666666666,35.1,74.0,72.0,Orthodox,striker,2191,-1.0,,,,24.041666666666664,3.0,3.0,,0.6933372679630454,0.4054666017305729,4.15575017099128,0.07871286935970534,0.08006247327845004,10.220969099972221,0.16414356345747044,45.81246113983521,5.754601179287911,0.7226805634219927,30.18290898358783,0.683421896364897,0.12258598001854712,1.8827292323168128
Matthew Semelsberger,Welterweight,ww,0.457,0.571,1.1190333333333333,0.541,0.43,0.9160061220158239,0.3940416666666667,0.6363636363636364,3.765527777777778,4.08875,16.63,0.18181818181818182,0.6363636363636364,0.18181818181818182,2,2,0,0.6754277777777777,32.0,75.0,73.0,Switch,striker,588,-4.0,,,,46.867777777777775,5.0,6.0,,0.6437198120024747,0.3598596799332594,5.878192421686494,0.12155860934476946,0.15611762226160675,4.393466579468661,0.089045482327176,39.39349261174198,-4.755622005830852,1.2641232246175107,36.51567151612408,0.6171717219397873,0.1632054681605129,5.003300969692689
Max Griffin,Welterweight,ww,0.695,0.414,1.4392826086956523,0.58,0.473,0.4400714431704693,0.2744619565217391,0.7368421052631579,3.7092572463768114,3.687010869565217,17.4,0.15789473684210525,0.7368421052631579,0.10526315789473684,1,3,1,1.096018115942029,40.4,76.0,71.0,Orthodox,striker,56,-3.0,,,,44.5268115942029,8.0,11.0,,0.6619415613765453,0.3954320705158373,3.395539766399313,0.0683488168652876,0.14853203177605775,4.88007049276258,0.09498877594656838,43.36718983110145,0.6416483956139145,0.6947226025100985,33.53273445427653,0.648124338297194,0.10005789123037735,2.127847820449476
Michael Chiesa,Welterweight,ww,0.659,0.477,2.849403846153846,0.58,0.407,0.11126421569288979,0.9440240384615386,0.3181818181818182,2.286650641025641,2.028894230769231,8.52,0.4090909090909091,0.3181818181818182,0.2727272727272727,1,0,5,1.721092948717949,38.3,75.0,73.0,Southpaw,grappler,84,4.0,,,,93.46217948717948,15.0,7.0,,0.7167019117021373,0.3528791603901746,5.8768417817422085,0.2157870662953685,0.3115760498802717,4.279884565078073,0.15192518624353493,19.01921582301354,-0.6576238067827563,0.9114599800143759,14.044831857592952,0.6904688217438577,0.04714845385328736,2.839511243198774
Mickey Gall,Welterweight,ww,0.375,0.32,1.2123823529411764,0.496,0.496,0.2728158592950079,1.3098014705882353,0.38461538461538464,3.5595833333333333,4.473602941176471,14.64,0.38461538461538464,0.38461538461538464,0.23076923076923078,3,0,0,1.0248480392156862,32.8,74.0,74.0,Switch,grappler,581,-4.0,,,,44.73039215686274,6.0,7.0,,0.7518016656838119,0.4355240625306644,5.341934489723377,0.12136945905038096,0.1492035664835528,5.050705805413523,0.11235332217646847,34.734388905785416,-5.001365822138332,1.3737034988455161,39.9676840174951,0.5746265459883658,0.5309329294226748,11.843958371951066
Mike Perry,Welterweight,ww,0.786,0.409,0.9379736842105263,0.529,0.474,0.6062036635797439,0.2343486842105263,0.6,4.200679824561404,4.846907894736842,20.06,0.26666666666666666,0.6,0.13333333333333333,1,4,1,0.7151271929824561,29.6,71.0,70.0,Orthodox,striker,1897,-2.0,,,,45.17982456140351,7.0,8.0,,0.6339778922999212,0.387426651579583,5.9038361223840745,0.105067586797268,0.15061430217534258,6.942210457475258,0.12010406166525944,44.980242705176416,-15.617011525071142,0.8196294463354616,41.77845412091667,0.6208702111326216,0.327676831588709,2.3724890696404275
Mounir Lazzez,Welterweight,ww,0.714,0.571,1.6088125,0.535,0.553,0.1897337010018918,0.219078125,0.5,5.621614583333334,4.54640625,31.25,0.0,0.5,0.5,1,0,1,0.9903020833333334,35.2,76.0,73.0,Orthodox,balanced,1246,-1.0,,,,49.92708333333333,2.0,2.0,,0.6188900149879363,0.4162256789929214,3.896610790662177,0.07455490922522894,0.1664242454442164,6.300249836503738,0.09471529049931246,61.203076424794006,11.347097627956042,0.38411993504672165,32.91132853717709,0.6411237032514414,0.34073247502318393,3.478411540396016
Muslim Salikhov,Welterweight,ww,0.724,0.321,1.1458055555555555,0.624,0.497,0.4866249399088868,0.09736805555555555,0.35714285714285715,3.455162037037037,3.118402777777778,14.72,0.35714285714285715,0.35714285714285715,0.2857142857142857,3,5,1,0.997023148148148,41.4,70.0,71.0,Orthodox,balanced,224,-1.0,,,,24.412037037037035,9.0,5.0,,0.5533864547487367,0.3762739202044154,4.5306775927847225,0.10248342049354436,0.08146313846052018,3.4696512683311633,0.07620861727109698,37.255965001057874,5.433959099014946,0.5730188217065889,22.633004254071043,0.7046936857404509,0.3094826325773538,2.8965353972641292
Myktybek Orolbai,Welterweight,ww,0.4,0.59,5.368650000000001,0.51,0.5,0.4287100377245904,0.4674625,0.5,3.169291666666667,3.0891250000000006,13.15,0.5,0.5,0.0,0,1,0,3.2574416666666663,28.1,74.0,70.0,Orthodox,wrestler,98,3.0,,,,111.46166666666666,5.0,1.0,,0.7042348190078929,0.42308975289190204,9.278827094068202,0.22899129580123576,0.3716009348169116,3.0209690999722207,0.06642486397839734,30.997076524450584,-1.0300142053274741,0.8611421018835312,25.61367821435706,0.6185170337856158,0.26104751848008556,5.344267693855274
Nate Diaz,Welterweight,ww,0.439,0.265,0.8802096774193549,0.529,0.446,0.19412482606500434,1.063375,0.48148148148148145,4.473319892473118,3.957782258064516,21.44,0.4444444444444444,0.48148148148148145,0.07407407407407407,2,2,0,0.9648521505376344,37.4,76.0,72.0,Southpaw,grappler,1379,1.0,,,,40.81344086021505,16.0,11.0,,0.7287508245263871,0.394193148035198,3.2555769782354003,0.05563008187259794,0.13609335366302358,13.11780640942032,0.20755781523164607,45.987890690269424,9.387960678182203,1.1878374025927025,31.767439622497314,0.6319145502777054,0.36615676774791844,9.933944913650583
Neil Magny,Welterweight,ww,0.554,0.398,2.0951829268292683,0.518,0.469,0.09401735886044615,0.2873079268292683,0.4594594594594595,3.4344613821138212,2.5602743902439022,15.85,0.2702702702702703,0.4594594594594595,0.2702702702702703,4,7,6,1.6374979674796748,38.4,80.0,75.0,Orthodox,wrestler,189,-1.0,,,,58.87845528455284,24.0,13.0,,0.7015998915002536,0.4032647076064572,10.60062238790841,0.2237337081972202,0.1961666478059746,8.228675192745275,0.17285825510860164,28.874156118830154,3.0112436963405886,0.35993097577291616,20.676151396214276,0.6267728623414532,0.34337783851543513,6.272809440488055
Nicolas Dalby,Welterweight,ww,0.591,0.267,1.013763157894737,0.522,0.435,0.19542060838077085,0.15145394736842105,0.8,3.8533114035087714,3.5442763157894737,18.83,0.06666666666666667,0.8,0.06666666666666667,1,1,0,1.0996008771929826,41.0,74.0,71.0,Orthodox,striker,210,1.0,,,,63.33771929824562,8.0,5.0,,0.6026359921301809,0.3546042816753917,4.575209678224896,0.08667433319982369,0.21101046534750062,14.785599417680649,0.2652218185249355,35.56111561916872,-4.580426159217481,0.33503381090542317,32.115424595884576,0.6120260913755191,0.35335077253864483,3.936994846277141
Nik Lentz,Welterweight,ww,0.439,0.329,3.0374655172413787,0.501,0.476,0.12954053717808234,1.131125,0.64,3.483204022988506,3.308318965517241,16.1,0.2,0.64,0.12,2,3,1,2.854221264367816,36.4,68.0,68.0,Orthodox,grappler,1974,-3.0,,,,83.15229885057471,14.0,9.0,,0.6072883132330659,0.3760259935903265,8.909204006070471,0.18583535126496997,0.27718308229101046,8.977063259066393,0.1858223255118106,30.52874367662871,-1.748819182406362,1.1867670021539076,33.423300100837324,0.5668646387739464,0.23527154226064156,6.091831490299673
Nursulton Ruziboev,Welterweight,ww,0.333,0.667,1.047388888888889,0.489,0.466,0.6686521786683483,0.1947361111111111,0.4,3.1069907407407404,3.237916666666667,10.4,0.6,0.4,0.0,0,3,0,0.6580462962962963,31.5,76.0,77.0,Orthodox,balanced,399,2.0,,,,37.71296296296296,4.0,1.0,,0.6680731757157725,0.4011266517783399,6.130320702810824,0.17312573127712658,0.125710440394859,3.7668887435588783,0.09314863428998714,29.236067933150228,5.252975669294258,0.8414399422637526,25.754514255268525,0.5912626521108406,0.30287331113171906,14.0919213692409
Omar Morales,Welterweight,ww,0.625,1.0,0.8294090909090909,0.589,0.379,0.23846661508271555,0.15932954545454547,0.7142857142857143,3.3820833333333336,3.33375,15.26,0.0,0.7142857142857143,0.2857142857142857,1,0,1,0.5025833333333334,37.4,73.0,71.0,Orthodox,balanced,1190,-3.0,,,,36.31969696969697,3.0,4.0,,0.6444591958532954,0.3257318796477428,3.4224155032567025,0.07621548257132638,0.12098796797856885,4.101138637074488,0.08732898870169432,39.4515196965009,-0.23081895000326139,0.37983842166077364,22.02642075431061,0.7117163038209344,0.41287720671542555,3.5201844695703084
Pawel Pawlak,Welterweight,ww,0.7,0.375,1.2409285714285712,0.539,0.338,0.21683851543073349,0.250375,1.0,2.8604166666666666,3.0501785714285714,8.33,0.0,1.0,0.0,0,0,0,1.0127738095238095,26.4,73.0,72.0,Orthodox,balanced,3990,-1.0,,,,38.67380952380953,1.0,2.0,,0.57016001712907,0.30911759957392176,4.02469804647106,0.10577703911454736,0.12892929638069175,5.98599981314713,0.17910318914207138,28.732087342621718,-2.031888425193095,0.4389942114819676,24.04151832820239,0.6449142434316043,0.31797997145506735,5.261041760452589
Pete Rodriguez,Welterweight,ww,1.0,0.0,0.8123571428571428,0.43,0.439,0.645409944002162,0.250375,0.0,6.121845238095238,7.241607142857143,15.67,0.3333333333333333,0.0,0.6666666666666666,2,1,0,0.6317738095238096,27.2,71.0,69.0,Switch,striker,868,-1.0,,,,30.916666666666664,1.0,2.0,,0.583290716217216,0.3576311400077312,4.453269475042488,0.09884694792913702,0.10305628050767589,5.700285527432844,0.11952872105696499,38.01780162833601,-5.889031282335952,0.8675656400533962,40.61294689963096,0.5598032759676955,1.0322656857407817,6.975327474738303
Peter Sobotta,Welterweight,ww,0.778,0.324,1.5011785714285713,0.589,0.402,0.45127640057250956,0.49018750000000005,0.6,2.600922619047619,3.1208035714285716,10.04,0.2,0.6,0.2,2,1,0,1.373029761904762,33.5,75.0,72.0,Southpaw,balanced,2156,-2.0,,,,76.88690476190477,4.0,6.0,,0.6062410785702266,0.32380792444106504,4.583777594664101,0.13534725603991454,0.2562424259681237,2.7644284780021358,0.07224937487837775,28.180329385596572,-3.544515641167976,0.9052113914552695,22.10647344981548,0.6910233759261896,0.34470427144181937,6.31623516594058
Preston Parsons,Welterweight,ww,0.714,0.366,2.6458500000000003,0.549,0.518,0.15178696080151344,1.5600625,0.6666666666666666,3.625291666666667,3.419125,16.43,0.0,0.6666666666666666,0.3333333333333333,2,0,0,2.1996416666666665,29.5,71.0,71.0,Orthodox,grappler,525,-2.0,,,,76.00166666666665,2.0,4.0,,0.6307641859033926,0.40287445171678493,8.260145775386885,0.17265262303235707,0.2532822534982303,6.175914154917275,0.12624179761684126,34.75531828269234,-2.6223218976351665,1.5930102337516632,32.32906282974167,0.61488223619733,0.2511574085899757,4.83987208945967
Rafael Dos Anjos,Welterweight,ww,0.548,0.356,1.8962625,0.602,0.471,0.20669674020037837,0.5595156250000001,0.6111111111111112,3.5073229166666664,3.27428125,16.27,0.25,0.6111111111111112,0.1388888888888889,4,4,1,1.645060416666667,40.0,70.0,68.0,Southpaw,grappler,602,-3.0,,,,71.00541666666666,21.0,15.0,,0.5888603301106499,0.3689659775385146,7.2320007295610065,0.1493386437550348,0.23656163480312897,8.285942824443604,0.16990507785836964,33.31025814210166,-2.6323661886945056,0.7277168441522014,29.473337136006847,0.6768683862526189,0.10296792357606535,3.435860879507774
Ramazan Emeev,Welterweight,ww,0.667,0.298,2.0545416666666667,0.655,0.452,0.2173982249103521,0.61071875,0.875,2.9377430555555555,2.6509375,12.36,0.0,0.875,0.125,1,0,0,2.0958680555555556,35.1,76.0,70.0,Southpaw,wrestler,1470,-2.0,,,,69.78472222222221,5.0,3.0,,0.7027894217566635,0.39045278682285617,4.302285981653572,0.10787974340505457,0.2327171737304877,8.00698473948734,0.20447686033287496,28.767960040771754,0.9738226610616035,0.8015345021523599,19.690885691451395,0.7281740983176288,0.1930640742578802,2.2962137542034045
Randy Brown,Welterweight,ww,0.746,0.344,0.8228653846153845,0.535,0.471,0.34575260466241087,0.5065625,0.45454545454545453,4.292035256410257,3.3996634615384616,19.17,0.3181818181818182,0.45454545454545453,0.22727272727272727,3,4,2,0.6811698717948718,35.8,78.0,75.0,Orthodox,striker,70,-2.0,,,,42.94679487179488,14.0,8.0,,0.62363484410289,0.3817443862327148,4.58865237680752,0.08420829429825337,0.14322003875303418,8.218291676834241,0.14570646128022455,43.4010191611848,9.034230329646853,0.7887277594047968,18.69768018850732,0.7072020414874256,0.33452145820742385,4.220498180789485
Sam Patterson,Welterweight,ww,0.0,0.5,1.22745,0.494,0.376,0.3767869608015134,0.8340625000000002,0.16666666666666666,3.061291666666667,3.335125,8.88,0.6666666666666666,0.16666666666666666,0.16666666666666666,1,2,0,0.7422416666666667,29.9,78.0,75.0,Orthodox,grappler,91,-1.0,,,,40.18166666666666,4.0,2.0,,0.7029993359340111,0.35171166101911056,2.8922886325297417,0.07539604005623948,0.1338893963553731,2.6401998692029904,0.06227364085015419,30.062461139835204,-1.2723218976351665,0.9822959480373774,24.004062829741674,0.5737397377666958,0.12258598001854712,4.807729232316812
Sergio Moraes,Welterweight,ww,0.75,0.389,1.2508055555555555,0.6,0.426,0.14738915239723718,0.4310347222222222,0.5,2.716273148148148,3.717291666666666,11.43,0.2857142857142857,0.5,0.21428571428571427,3,1,0,1.0024675925925925,37.3,72.0,72.0,Orthodox,balanced,2408,-3.0,,,,48.91203703703704,8.0,5.0,,0.7374735764012578,0.3814540674424828,2.8714666577117183,0.07560885379802662,0.16293530027750958,1.9735344618695292,0.047271413586770866,32.73064657918772,-14.082971624812329,0.5490983495102547,32.505635506012645,0.6697393813315089,0.6987339528631569,2.685600324260091
Seth Baczynski,Welterweight,ww,0.484,0.167,1.0354333333333334,0.514,0.316,0.29249565502709596,0.6639083333333333,0.45454545454545453,3.259527777777778,3.2820833333333335,13.48,0.2727272727272727,0.45454545454545453,0.2727272727272727,3,1,0,1.4424944444444445,33.5,75.0,75.0,Orthodox,balanced,4088,-3.0,,,,53.981111111111105,5.0,6.0,,0.657386502617222,0.28672669293165925,4.9216706825560586,0.11852390857603609,0.1800542835605869,7.677524550483153,0.18401159579318171,30.13294510771622,0.05178540157655567,0.8744291827495558,22.100534640117637,0.6605089280523239,0.36868050841816186,5.081239778066281
Shara Magomedov,Welterweight,ww,0.714,0.0,0.56865,0.437,0.63,0.3635516666838664,0.17526250000000002,0.6666666666666666,5.059291666666667,3.7791250000000005,28.71,0.3333333333333333,0.6666666666666666,0.0,0,2,0,0.4776416666666667,31.2,73.0,74.0,Orthodox,striker,329,1.0,,,,24.221666666666664,5.0,1.0,,0.5133087333018244,0.442704732612644,5.28787686782386,0.08569966508510118,0.08078645517890252,9.813729280967697,0.1338968225633844,56.1889317280705,14.26591339648248,0.5190606539197302,29.946709888565202,0.5758606477639767,0.12258598001854712,4.6356704087874006
Shavkat Rakhmonov,Welterweight,ww,0.857,0.259,1.4059545454545452,0.513,0.601,0.2573063280013759,0.9210568181818183,0.14285714285714285,3.4329924242424243,2.716477272727273,15.25,0.8571428571428571,0.14285714285714285,0.0,0,1,0,1.4762196969696968,30.1,77.0,73.0,Orthodox,grappler,560,7.0,,,,107.27424242424244,7.0,0.0,,0.6752881182028507,0.48135403526989845,7.742989665936128,0.17068076855724548,0.35747520880791495,9.030863517457265,0.19512229771037923,30.176101036213822,0.7865255476043941,1.114587225488525,21.668466208856067,0.6148904346546398,0.11144180001686102,2.3081629384698297
Song Kenan,Welterweight,ww,0.735,0.3,0.6849,0.511,0.47,0.5595246405343423,0.11684166666666668,0.45454545454545453,4.293527777777778,5.247416666666667,20.17,0.2727272727272727,0.45454545454545453,0.2727272727272727,3,3,0,0.6006277777777778,34.7,71.0,72.0,Orthodox,striker,574,-1.0,,,,19.734444444444442,6.0,5.0,,0.6412867958723539,0.3909335681677594,3.4948590883531607,0.06669595158678877,0.06574107905173023,6.59346657946866,0.11509663978145149,47.358307426556806,-15.531547931756778,0.663197298691585,37.544375219827785,0.6341756812466363,0.35672398667903144,2.3551528215445416
Takashi Sato,Welterweight,ww,0.609,0.375,1.000590909090909,0.441,0.416,0.3925336007286486,0.15932954545454547,0.2857142857142857,2.7711742424242427,3.7092045454545457,8.73,0.2857142857142857,0.2857142857142857,0.42857142857142855,1,2,2,0.741219696969697,32.9,73.0,70.0,Southpaw,balanced,1127,-4.0,,,,27.156060606060603,2.0,5.0,,0.7225515167989986,0.3750884271592719,6.8520805750270375,0.23008851135880634,0.09059137042407657,4.1547271538209,0.12382902459630772,23.502237399850184,-7.183928997850151,0.5339054073067067,26.608238936128796,0.5664215236946937,0.36598725456231557,8.711572029378921
Thiago Moises,Welterweight,ww,0.525,0.298,1.4059249999999999,0.526,0.425,0.13589348040075672,0.9452312500000002,0.5,2.6546458333333334,4.2865625000000005,10.82,0.25,0.5,0.25,3,1,1,1.3611208333333333,31.1,70.0,69.0,Orthodox,grappler,63,-2.0,,,,57.670833333333334,8.0,8.0,,0.633791571815036,0.3515791009498068,6.02864431626487,0.17652311842450266,0.19210303151101987,2.595099934601495,0.068875492643143,27.166230569917598,-16.701160948817584,0.9936479740186887,26.454531414870836,0.6807665078315613,0.36129299000927356,8.381364616158406
Tim Means,Welterweight,ww,0.648,0.4,1.1748970588235295,0.602,0.491,0.48581969435338623,0.18919485294117647,0.43333333333333335,4.8886151960784305,3.6526838235294115,22.08,0.26666666666666666,0.43333333333333335,0.26666666666666666,2,6,6,0.8650710784313725,40.6,75.0,74.0,Orthodox,striker,623,-2.0,,,,38.92401960784314,15.0,14.0,,0.6109851430154505,0.4000522797476486,6.227010025610352,0.09889660506942688,0.12986274580862134,8.745780710193392,0.13567510650530878,49.23361156519217,8.72605505684527,0.6518784873906724,32.81870831890798,0.6589716095169084,0.23658945936374381,2.719519292927405
Tyron Woodley,Welterweight,ww,0.875,0.353,0.611525,0.571,0.469,0.5758934804007567,0.25163125,0.5,2.6706458333333334,3.0545625000000003,11.0,0.375,0.5,0.125,1,5,1,0.5043208333333333,39.0,74.0,69.0,Orthodox,balanced,1911,-4.0,,,,35.670833333333334,9.0,6.0,,0.5745257029648715,0.36226359749984655,7.10864431626487,0.2068401455082734,0.11879192039990878,8.145099934601495,0.23632247983608862,20.9562305699176,-5.511160948817583,0.8036479740186886,20.464531414870837,0.693929771598242,0.06129299000927356,4.641364616158406
Vicente Luque,Welterweight,ww,0.597,0.483,0.9607413793103448,0.516,0.509,0.5791602546825142,0.6612974137931034,0.28,4.6556178160919535,5.023836206896552,21.02,0.6,0.28,0.12,2,8,1,0.6154281609195402,34.4,75.0,71.0,Orthodox,striker,70,1.0,,,,39.70402298850575,17.0,8.0,,0.6097682313866158,0.40673769280483163,4.11707270853516,0.0704237756574534,0.13229370414978808,3.724589993211759,0.06273658932808011,53.282074722548536,0.2662491540721648,1.1596039667561837,48.64603699109866,0.5791958744213239,0.2338419088186561,5.582167168231852
Warlley Alves,Welterweight,ww,0.63,0.5,1.263525,0.507,0.481,0.2704880749953513,0.7660312499999999,0.375,3.1826458333333334,3.8945625,13.11,0.375,0.375,0.25,3,3,1,0.7835208333333333,33.4,72.0,71.0,Orthodox,grappler,763,-4.0,,,,55.670833333333334,8.0,8.0,,0.5696178616652776,0.3757159703696951,3.3789145865351413,0.08275392245297816,0.1854976261056145,5.700505340006901,0.13979951826158066,32.190014353701386,-5.6044041920608265,0.932026352397067,33.252369252708675,0.5865998748453614,0.1910227197390033,3.2116348864286772
Yohan Lainesse,Welterweight,ww,0.727,0.333,1.2053125,0.589,0.415,0.4040194152876061,0.466578125,0.25,2.9666145833333335,3.5814062500000006,9.43,0.0,0.25,0.75,1,0,2,0.9813020833333334,31.4,76.0,73.0,Orthodox,balanced,882,-2.0,,,,33.67708333333333,1.0,3.0,,0.5234354695333908,0.3288148340058469,3.4144679335193198,0.08528218195250167,0.11225757877754973,3.594892693646595,0.08701832080234276,31.658433567651144,-6.760045229186815,0.8126913636181502,24.822042822891376,0.6803873070311741,0.1532324750231839,4.06769725468173
